experiment ID	pTH#	Gene ID	Sample ID	Submitted sample label	ChIP/Inpt	Replicate #	Comments	Data File ID1	Data File ID2	Sequencing Facility			
THC_0035	pTH14546	PHF20	pTH14546.1.1	SI2080_PHF20-1_ChIP	ChIP	1		SI2080.fastq.gz		DSC			
THC_0036	pTH14546	PHF20	pTH14546.1.2	SI2081_PHF20-2_ChIP	ChIP	2		SI2081.fastq.gz		DSC			
THC_0045	pTH14545	ZNF367	pTH14545.1.1	SI2090_ZNF367-1_ChIP	ChIP	1		SI2090.fastq.gz		DSC			
THC_0046	pTH14545	ZNF367	pTH14545.1.2	SI2091_ZNF367-2_ChIP	ChIP	2		SI2091.fastq.gz		DSC			
THC_0064	pTH14546	PHF20	pTH14546.1.1	SI2109_PHF20-1_INPUT	INPUT	1		SI2109.fastq.gz		DSC			
THC_0069	pTH14545	ZNF367	pTH14545.1.1	SI2114_ZNF367-1_INPUT	INPUT	1		SI2114.fastq.gz		DSC			
THC_0070	pTH13817	ADNP2	pTH13817.1.2	RR_PE0001_ADNP2_ChIP_1	ChIP 	1		Plate_1_A1_S1_R2_001.fastq.gz	Plate_1_A1_S1_R1_001.fastq.gz	DSC			
THC_0071	pTH13797	TIGD4	pTH13797.1.2	RR_PE0003_TIGD4_ChIP_2	ChIP	2		Plate_1_C1_S3_R2_001.fastq.gz	Plate_1_C1_S3_R1_001.fastq.gz	DSC			
THC_0072	pTH13900	SP140L	pTH13900.1.1	RR_PE0004_SP140L_ChIP_1	ChIP	1		Plate_1_D1_S4_R1_001.fastq.gz	Plate_1_D1_S4_R2_001.fastq.gz	DSC			
THC_0073	pTH13604	ZBED9	pTH13604.1.1	RR_PE0005_ZBED9_ChIP_1	ChIP	1		Plate_1_E1_S5_R2_001.fastq.gz	Plate_1_E1_S5_R1_001.fastq.gz	DSC			
THC_0074	pTH13649	ZBTB47	pTH13649.1.1	RR_PE0008_ZBTB47_ChIP_1	ChIP	1		Plate_1_H1_S8_R1_001.fastq.gz	Plate_1_H1_S8_R2_001.fastq.gz	DSC			
THC_0075	pTH13692	ZNF428	pTH13692.1.1	RR_PE0010_ZNF428_ChIP_1	ChIP	1		Plate_1_B2_S10_R2_001.fastq.gz	Plate_1_B2_S10_R1_001.fastq.gz	DSC			
THC_0076	pTH13784	ZSCAN12	pTH13784.1.2	RR_PE0011_ZSCAN12_ChIP_2	ChIP	2		Plate_1_C2_S11_R1_001.fastq.gz	Plate_1_C2_S11_R2_001.fastq.gz	DSC			
THC_0077	pTH13786	ZSCAN2	pTH13786.1.1	RR_PE0012_ZSCAN2_ChIP_1	ChIP	1		Plate_1_D2_S12_R1_001.fastq.gz	Plate_1_D2_S12_R2_001.fastq.gz	DSC			
THC_0078	pTH13668	ZNF215	pTH13668.1.2	RR_PE0014_ZNF215_ChIP_2	ChIP	2		Plate_1_F2_S14_R2_001.fastq.gz	Plate_1_F2_S14_R1_001.fastq.gz	DSC			
THC_0079	pTH13647	ZBTB41	pTH13647.1.1	RR_PE0016_ZBTB41_ChIP_1	ChIP	1		Plate_1_H2_S16_R2_001.fastq.gz	Plate_1_H2_S16_R1_001.fastq.gz	DSC			
THC_0081	pTH13603	ZBED5	pTH13603.1.2	RR_PE0020_ZBED5_ChIP_2	ChIP	2		Plate_1_D3_S20_R1_001.fastq.gz	Plate_1_D3_S20_R2_001.fastq.gz	DSC			
THC_0082	pTH13692	ZNF428	pTH13692.1.2	RR_PE0025_ZNF428_ChIP_2	ChIP	2		Plate_1_A4_S25_R1_001.fastq.gz	Plate_1_A4_S25_R2_001.fastq.gz	DSC			
THC_0083	pTH13603	ZBED5	pTH13603.1.1	RR_PE0026_ZBED5_ChIP_1	ChIP	1		Plate_1_B4_S26_R1_001.fastq.gz	Plate_1_B4_S26_R2_001.fastq.gz	DSC			
THC_0084	pTH13841	TERB1	pTH13841.1.2	RR_PE0027_TERB1_ChIP_2	ChIP	2		Plate_1_C4_S27_R1_001.fastq.gz	Plate_1_C4_S27_R2_001.fastq.gz	DSC			
THC_0085	pTH14538	RFX5	pTH14538.1.1	RR_PE0028_RXF5_ChIP_3	ChIP	1		Plate_1_D4_S28_R1_001.fastq.gz	Plate_1_D4_S28_R2_001.fastq.gz	DSC			
THC_0086	pTH13633	PEG3	pTH13633.1.2	RR_PE0031_PEG3_ChIP_2	ChIP	2		Plate_1_G4_S31_R2_001.fastq.gz	Plate_1_G4_S31_R1_001.fastq.gz	DSC			
THC_0087	pTH13592	DNTTIP1	pTH13592.1.2	RR_PE0033_DNMTTIP1_ChIP_2	ChIP	2		Plate_1_A5_S33_R1_001.fastq.gz	Plate_1_A5_S33_R2_001.fastq.gz	DSC			
THC_0088	pTH13593	GLYR1	pTH13593.1.2	RR_PE0034_GLYR1_ChIP_2	ChIP	2		Plate_1_B5_S34_R1_001.fastq.gz	Plate_1_B5_S34_R2_001.fastq.gz	DSC			
THC_0089	pTH13692	ZNF428	pTH13692.1.1	RR_PE0035_ZNF428_INPUT_1	INPUT	1		Plate_1_C5_S35_R2_001.fastq.gz	Plate_1_C5_S35_R1_001.fastq.gz	DSC			
THC_0090	pTH13900	SP140L	pTH13900.1.2	RR_PE0036_SP140L_ChIP_2	ChIP	2		Plate_1_D5_S36_R2_001.fastq.gz	Plate_1_D5_S36_R1_001.fastq.gz	DSC			
THC_0091	pTH13903	THAP11	pTH13903.1.1	RR_PE0037_THAPII_INPUT_1	INPUT	1		Plate_1_E5_S37_R1_001.fastq.gz	Plate_1_E5_S37_R2_001.fastq.gz	DSC			
THC_0092	pTH13893	THYN1	pTH13893.1.2	RR_PE0038_THYN1_ChIP_2	ChIP	2		Plate_1_F5_S38_R2_001.fastq.gz	Plate_1_F5_S38_R1_001.fastq.gz	DSC			
THC_0093	pTH13614	AC008770	pTH13614.1.1	RR_PE0039_AC008770_INPUT_1	INPUT	1		Plate_1_G5_S39_R1_001.fastq.gz	Plate_1_G5_S39_R2_001.fastq.gz	DSC			
THC_0094	pTH13692	ZNF428	pTH13692.1.2	RR_PE0044_ZNF428_INPUT_2	INPUT	2		Plate_1_D6_S44_R2_001.fastq.gz	Plate_1_D6_S44_R1_001.fastq.gz	DSC			
THC_0096	pTH13893	THYN1	pTH13893.1.2	RR_PE0046_THYN1_INPUT_2	INPUT	2		Plate_1_F6_S46_R2_001.fastq.gz	Plate_1_F6_S46_R1_001.fastq.gz	DSC			
THC_0097	pTH13841	TERB1	pTH13841.1.2	RR_PE0047_TERB1_INPUT_2	INPUT	2		Plate_1_G6_S47_R2_001.fastq.gz	Plate_1_G6_S47_R1_001.fastq.gz	DSC			
THC_0098	pTH13592	DNTTIP1	pTH13592.1.2	RR_PE0048_DNMTTIP1_INPUT_2	INPUT	2		Plate_1_H6_S48_R2_001.fastq.gz	Plate_1_H6_S48_R1_001.fastq.gz	DSC			
THC_0099	pTH13600	ZBED2	pTH13600.1.1	RR_PE0050_ZBED2_ChIP_1	ChIP	1		Plate_1_B7_S50_R2_001.fastq.gz	Plate_1_B7_S50_R1_001.fastq.gz	DSC			
THC_0100	pTH13896	RFX8	pTH13896.1.2	RR_PE0051_RFX8_ChIP_2	CHIP 	2		Plate_1_C7_S51_R2_001.fastq.gz	Plate_1_C7_S51_R1_001.fastq.gz	DSC			
THC_0101	pTH13600	ZBED2	pTH13600.1.2	RR_PE0058_ZBED2_ChIP_2	ChIP	2		Plate_1_B8_S58_R2_001.fastq.gz	Plate_1_B8_S58_R1_001.fastq.gz	DSC			
THC_0102	pTH13680	ZNF318	pTH13680.1.1	RR_PE0061_ZNF318_ChIP_1	ChIP	1		Plate_1_E8_S61_R1_001.fastq.gz	Plate_1_E8_S61_R2_001.fastq.gz	DSC			
THC_0103	pTH13616	AKAP8	pTH13616.1.2	RR_PE0062_AKAP8_ChIP_2	CHIPÂ 	2		Plate_1_F8_S62_R1_001.fastq.gz	Plate_1_F8_S62_R2_001.fastq.gz	DSC			
THC_0104	pTH13796	TIGD3	pTH13796.1.1	RR_PE0063_TIGD3_ChIP_1	ChIP	1		Plate_1_G8_S63_R1_001.fastq.gz	Plate_1_G8_S63_R2_001.fastq.gz	DSC			
THC_0105	pTH13785	ZSCAN18	pTH13785.1.2	RR_PE0064_ZSCAN18_ChIP_2	ChIP	2		Plate_1_H8_S64_R1_001.fastq.gz	Plate_1_H8_S64_R2_001.fastq.gz	DSC			
THC_0106	pTH13887	SMYD3	pTH13887.1.1	RR_PE0065_SMYD3_ChIP_2	ChIP	1		Plate_1_A9_S65_R2_001.fastq.gz	Plate_1_A9_S65_R1_001.fastq.gz	DSC			
THC_0107	pTH13784	ZSCAN12	pTH13784.1.1	RR_PE0066_ZSCAN12_ChIP_1	ChIP	1		Plate_1_B9_S66_R2_001.fastq.gz	Plate_1_B9_S66_R1_001.fastq.gz	DSC			
THC_0108	pTH13616	AKAP8	pTH13616.1.1	RR_PE0067_AKAP8_ChIP_1	CHIP 	1		Plate_1_C9_S67_R1_001.fastq.gz	Plate_1_C9_S67_R2_001.fastq.gz	DSC			
THC_0109	pTH13618	ANKZF1	pTH13618.1.2	RR_PE0068_ANKZF1_ChIP_2	CHIP 	2		Plate_1_D9_S68_R1_001.fastq.gz	Plate_1_D9_S68_R2_001.fastq.gz	DSC			
THC_0110	pTH13798	TIGD5	pTH13798.1.2	RR_PE0069_TIGD5_ChIP_2	ChIP	2		Plate_1_E9_S69_R2_001.fastq.gz	Plate_1_E9_S69_R1_001.fastq.gz	DSC			
THC_0111	pTH13680	ZNF318	pTH13680.1.2	RR_PE0070_ZNF318_ChIP_2	ChIP	2		Plate_1_F9_S70_R1_001.fastq.gz	Plate_1_F9_S70_R2_001.fastq.gz	DSC			
THC_0112	NA	ZSCAN4	ZSCAN4.1.1	RR_PE0072_ZSCAN4_ChIP_1	ChIP	1	There is a GST tagged plasmid but not the GFP tagged in the plasmid list. I think we did not order this one because I had found the GFP tagged in Greenblatt's collection. That is why I kept it here.	Plate_1_H9_S72_R2_001.fastq.gz	Plate_1_H9_S72_R1_001.fastq.gz	DSC			
THC_0113	pTH13797	TIGD4	pTH13797.1.1	RR_PE0073_TIGD4_ChIP_1	ChIP	1		Plate_1_A10_S73_R2_001.fastq.gz	Plate_1_A10_S73_R1_001.fastq.gz	DSC			
THC_0114	pTH13649	ZBTB47	pTH13649.1.2	RR_PE0077_ZBTB47_ChIP_2	ChIP	2		Plate_1_E10_S77_R2_001.fastq.gz	Plate_1_E10_S77_R1_001.fastq.gz	DSC			
THC_0116	pTH13604	ZBED9	pTH13604.1.2	RR_PE0081_ZBED9_ChIP_2	ChIP	2		Plate_1_A11_S81_R1_001.fastq.gz	Plate_1_A11_S81_R2_001.fastq.gz	DSC			
THC_0117	pTH13612	BATF2	pTH13612.1.2	RR_PE0082_BATF2_ChIP_2	CHIP 	2		Plate_1_B11_S82_R2_001.fastq.gz	Plate_1_B11_S82_R1_001.fastq.gz	DSC			
THC_0118	pTH13612	BATF2	pTH13612.1.1	RR_PE0083_BATF2_ChIP_1	CHIP 	1		Plate_1_C11_S83_R1_001.fastq.gz	Plate_1_C11_S83_R2_001.fastq.gz	DSC			
THC_0119	pTH13668	ZNF215	pTH13668.1.1	RR_PE0086_ZNF215_ChIP_1	ChIP	1		Plate_1_F11_S86_R1_001.fastq.gz	Plate_1_F11_S86_R2_001.fastq.gz	DSC			
THC_0120	pTH13817	ADNP2	pTH13817.1.2	RR_PE0087_ADNP2_ChIP_2	CHIP 	2		Plate_1_G11_S87_R1_001.fastq.gz	Plate_1_G11_S87_R2_001.fastq.gz	DSC			
THC_0121	pTH14538	RFX5	pTH14538.1.2	RR_PE0088_RXF5_ChIP_2	CHIP 	2		Plate_1_H11_S88_R2_001.fastq.gz	Plate_1_H11_S88_R1_001.fastq.gz	DSC			
THC_0122	pTH13896	RFX8	pTH13896.1.2	RR_PE0089_RFX8_INPUT_2	INPUT	2		Plate_1_A12_S89_R2_001.fastq.gz	Plate_1_A12_S89_R1_001.fastq.gz	DSC			
THC_0123	pTH13617	AKAP8L	pTH13617.1.1	RR_PE0090_AKAP8L_INPUT_1	INPUT	1		Plate_1_B12_S90_R1_001.fastq.gz	Plate_1_B12_S90_R2_001.fastq.gz	DSC			
THC_0124	pTH13618	ANKZF1	pTH13618.1.1	RR_PE0091_ANKZF1_INPUT_1	INPUT	1		Plate_1_C12_S91_R1_001.fastq.gz	Plate_1_C12_S91_R2_001.fastq.gz	DSC			
THC_0125	pTH13796	TIGD3	pTH13796.1.1	RR_PE0092_TIGD3_INPUT_1	INPUT	1		Plate_1_D12_S92_R2_001.fastq.gz	Plate_1_D12_S92_R1_001.fastq.gz	DSC			
THC_0126	pTH13599	SGSM2	pTH13599.1.1	RR_PE0093_SGSM2_INPUT_1	INPUT	1		Plate_1_E12_S93_R1_001.fastq.gz	Plate_1_E12_S93_R2_001.fastq.gz	DSC			
THC_0127	pTH13888	SNAPC2	pTH13888.1.2	RR_PE0094_SNAPC2_INPUT_2	INPUT	2		Plate_1_F12_S94_R2_001.fastq.gz	Plate_1_F12_S94_R1_001.fastq.gz	DSC			
THC_0128	pTH13798	TIGD5	pTH13798.1.2	RR_PE0095_TIGD5_INPUT_2	INPUT	2		Plate_1_G12_S95_R2_001.fastq.gz	Plate_1_G12_S95_R1_001.fastq.gz	DSC			
THC_0129	pTH13604	ZBED9	pTH13604.1.1	RR_PE0096_ZBED9_INPUT_1	INPUT	1		Plate_1_H12_S96_R2_001.fastq.gz	Plate_1_H12_S96_R1_001.fastq.gz	DSC			
THC_0130	pTH13644	TRAFD1	pTH13644.1.1	RR_PE0099_TRAFD1_ChIP_1	ChIP	1		Plate_2_C1_S99_R1_001.fastq.gz	Plate_2_C1_S99_R2_001.fastq.gz	DSC			
THC_0131	pTH13868	NACC2	pTH13868.1.1	RR_PE0102_NACC2_ChIP_1	ChIP	1		Plate_2_F1_S102_R2_001.fastq.gz	Plate_2_F1_S102_R1_001.fastq.gz	DSC			
THC_0132	pTH13599	SGSM2	pTH13599.1.2	RR_PE0103_SGSM2_ChIP_2	ChIP	2		Plate_2_G1_S103_R2_001.fastq.gz	Plate_2_G1_S103_R1_001.fastq.gz	DSC			
THC_0133	pTH13599	SGSM2	pTH13599.1.1	RR_PE0104_SGSM2_ChIP_1	ChIP	1		Plate_2_H1_S104_R1_001.fastq.gz	Plate_2_H1_S104_R2_001.fastq.gz	DSC			
THC_0134	pTH13651	ZBTB8A	pTH13651.1.1	RR_PE0105_ZBTB8A_ChIP_1	ChIP	1		Plate_2_A2_S105_R2_001.fastq.gz	Plate_2_A2_S105_R1_001.fastq.gz	DSC			
THC_0135	pTH13644	TRAFD1	pTH13644.1.2	RR_PE0106_TRAFD1_ChIP_2	ChIP	2		Plate_2_B2_S106_R2_001.fastq.gz	Plate_2_B2_S106_R1_001.fastq.gz	DSC			
THC_0136	pTH13648	ZBTB46	pTH13648.1.2	RR_PE0107_ZBTB46_ChIP_2	ChIP	2		Plate_2_C2_S107_R2_001.fastq.gz	Plate_2_C2_S107_R1_001.fastq.gz	DSC			
THC_0137	pTH13798	TIGD5	pTH13798.1.1	RR_PE0108_TIGD5_ChIP_1	ChIP	1		Plate_2_D2_S108_R1_001.fastq.gz	Plate_2_D2_S108_R2_001.fastq.gz	DSC			
THC_0138	pTH13785	ZSCAN18	pTH13785.1.1	RR_PE0110_ZSCAN18_ChIP_1	ChIP	1		Plate_2_F2_S110_R2_001.fastq.gz	Plate_2_F2_S110_R1_001.fastq.gz	DSC			
THC_0139	pTH13614	AC008770	pTH13614.1.1	RR_PE0111_AC008770_ChIP_1	CHIP 	1		Plate_2_G2_S111_R2_001.fastq.gz	Plate_2_G2_S111_R1_001.fastq.gz	DSC			
THC_0140	pTH13601	ZBED3	pTH13601.1.2	RR_PE0115_ZBED3_ChIP_2	ChIP	2		Plate_2_C3_S115_R1_001.fastq.gz	Plate_2_C3_S115_R2_001.fastq.gz	DSC			
THC_0141	pTH13652	ZBTB8B	pTH13652.1.2	RR_PE0116_ZBTB8B_ChIP_2	ChIP	2		Plate_2_D3_S116_R2_001.fastq.gz	Plate_2_D3_S116_R1_001.fastq.gz	DSC			
THC_0142	pTH13848	ARHGAP35	pTH13848.1.2	RR_PE0117_ARHGAP35_ChIP_4	ChIP	2		Plate_2_E3_S117_R1_001.fastq.gz	Plate_2_E3_S117_R2_001.fastq.gz	DSC			
THC_0143	pTH13652	ZBTB8B	pTH13652.1.1	RR_PE0123_ZBTB8B_ChIP_1	ChIP	1		Plate_2_C4_S123_R2_001.fastq.gz	Plate_2_C4_S123_R1_001.fastq.gz	DSC			
THC_0144	pTH13594	PHF21A	pTH13594.1.2	RR_PE0124_PHF21A_ChIP_2	ChIP	2		Plate_2_D4_S124_R2_001.fastq.gz	Plate_2_D4_S124_R1_001.fastq.gz	DSC			
THC_0145	pTH13787	ZSCAN25	pTH13787.1.1	RR_PE0127_ZSCAN25_ChIP_1	ChIP	1		Plate_2_G4_S127_R1_001.fastq.gz	Plate_2_G4_S127_R2_001.fastq.gz	DSC			
THC_0146	pTH13796	TIGD3	pTH13796.1.2	RR_PE0128_TIGD3_ChIP_2	ChIP	2		Plate_2_H4_S128_R1_001.fastq.gz	Plate_2_H4_S128_R2_001.fastq.gz	DSC			
THC_0147	pTH13651	ZBTB8A	pTH13651.1.2	RR_PE0130_ZBTB8A_ChIP_2	ChIP	2		Plate_2_B5_S130_R1_001.fastq.gz	Plate_2_B5_S130_R2_001.fastq.gz	DSC			
THC_0148	pTH13593	GLYR1	pTH13593.1.1	RR_PE0131_GLYR1_ChIP_1	ChIP	1		Plate_2_C5_S131_R1_001.fastq.gz	Plate_2_C5_S131_R2_001.fastq.gz	DSC			
THC_0149	pTH13646	ZBTB40	pTH13646.1.2	RR_PE0134_ZBTB40_ChIP_2	ChIP	2		Plate_2_F5_S134_R2_001.fastq.gz	Plate_2_F5_S134_R1_001.fastq.gz	DSC			
THC_0150	pTH13901	TBPL1	pTH13901.1.2	RR_PE0135_TBPL1_ChIP_2	ChIP	2		Plate_2_G5_S135_R1_001.fastq.gz	Plate_2_G5_S135_R2_001.fastq.gz	DSC			
THC_0151	pTH13893	THYN1	pTH13893.1.1	RR_PE0136_THYN1_ChIP_1	ChIP	1		Plate_2_H5_S136_R2_001.fastq.gz	Plate_2_H5_S136_R1_001.fastq.gz	DSC			
THC_0152	pTH13592	DNTTIP1	pTH13592.1.1	RR_PE0139_DNMTTIP1_ChIP_1	ChIP	1		Plate_2_C6_S139_R1_001.fastq.gz	Plate_2_C6_S139_R2_001.fastq.gz	DSC			
THC_0153	NA	ZSCAN4	ZSCAN4.1.2	RR_PE0140_ZSCAN4_ChIP_2	ChIP	2	The GFP tagged is not in the list of plasmids	Plate_2_D6_S140_R1_001.fastq.gz	Plate_2_D6_S140_R2_001.fastq.gz	DSC			
THC_0154	pTH13883	SAFB2	pTH13883.1.1	RR_PE0141_SAFB2_ChIP_3	ChIP	1		Plate_2_E6_S141_R1_001.fastq.gz	Plate_2_E6_S141_R2_001.fastq.gz	DSC			
THC_0155	pTH13647	ZBTB41	pTH13647.1.2	RR_PE0143_ZBTB41_ChIP_2	ChIP	2		Plate_2_G6_S143_R1_001.fastq.gz	Plate_2_G6_S143_R2_001.fastq.gz	DSC			
THC_0156	pTH13903	THAP11	pTH13903.1.1	RR_PE0145_THAP11_ChIP_1	ChIP	1		Plate_2_A7_S145_R1_001.fastq.gz	Plate_2_A7_S145_R2_001.fastq.gz	DSC			
THC_0157	pTH13896	RFX8	pTH13896.1.1	RR_PE0146_RFX8_ChIP_1	CHIP 	1		Plate_2_B7_S146_R2_001.fastq.gz	Plate_2_B7_S146_R1_001.fastq.gz	DSC			
THC_0158	pTH13648	ZBTB46	pTH13648.1.1	RR_PE0147_ZBTB46_ChIP_1	ChIP	1		Plate_2_C7_S147_R2_001.fastq.gz	Plate_2_C7_S147_R1_001.fastq.gz	DSC			
THC_0159	pTH13646	ZBTB40	pTH13646.1.1	RR_PE0149_ZBTB40_ChIP_1	ChIP	1		Plate_2_E7_S149_R1_001.fastq.gz	Plate_2_E7_S149_R2_001.fastq.gz	DSC			
THC_0160	pTH13841	TERB1	pTH13841.1.1	RR_PE0150_TERB1_ChIP_1	ChIP	1		Plate_2_F7_S150_R2_001.fastq.gz	Plate_2_F7_S150_R1_001.fastq.gz	DSC			
THC_0161	pTH13617	AKAP8L	pTH13617.1.2	RR_PE0154_AKAP8L_ChIP_2	ChIP	2		Plate_2_B8_S154_R1_001.fastq.gz	Plate_2_B8_S154_R2_001.fastq.gz	DSC			
THC_0162	pTH13594	PHF21A	pTH13594.1.1	RR_PE0155_PHF21A_ChIP_1	ChIP	1		Plate_2_C8_S155_R2_001.fastq.gz	Plate_2_C8_S155_R1_001.fastq.gz	DSC			
THC_0163	pTH13616	AKAP8	pTH13616.1.1	RR_PE0156_AKAP8L_ChIP_1	CHIP 	1		Plate_2_D8_S156_R2_001.fastq.gz	Plate_2_D8_S156_R1_001.fastq.gz	DSC			
THC_0164	pTH13633	PEG3	pTH13633.1.1	RR_PE0158_PEG3_ChIP_1	ChIP	1		Plate_2_F8_S158_R1_001.fastq.gz	Plate_2_F8_S158_R2_001.fastq.gz	DSC			
THC_0165	pTH13618	ANKZF1	pTH13618.1.1	RR_PE0159_ANKZF1_ChIP_1	ChIP	1		Plate_2_G8_S159_R2_001.fastq.gz	Plate_2_G8_S159_R1_001.fastq.gz	DSC			
THC_0166	pTH13848	ARHGAP35	pTH13848.1.1	RR_PE0161_ARHGAP35_ChIP_3	ChIP	1		Plate_2_A9_S161_R1_001.fastq.gz	Plate_2_A9_S161_R2_001.fastq.gz	DSC			
THC_0167	pTH13614	AC008770	pTH13614.1.2	RR_PE0162_AC008770_ChIP_2	CHIP 	2		Plate_2_B9_S162_R2_001.fastq.gz	Plate_2_B9_S162_R1_001.fastq.gz	DSC			
THC_0168	pTH13601	ZBED3	pTH13601.1.1	RR_PE0164_ZBED3_ChIP_1	ChIP	1		Plate_2_D9_S164_R2_001.fastq.gz	Plate_2_D9_S164_R1_001.fastq.gz	DSC			
THC_0170	pTH13901	TBPL1	pTH13901.1.1	RR_PE0169_TBPL1_ChIP_1	ChIP	1		Plate_2_A10_S169_R2_001.fastq.gz	Plate_2_A10_S169_R1_001.fastq.gz	DSC			
THC_0171	pTH13868	NACC2	pTH13868.1.2	RR_PE0170_NACC2_ChIP_2	ChIP	2		Plate_2_B10_S170_R2_001.fastq.gz	Plate_2_B10_S170_R1_001.fastq.gz	DSC			
THC_0172	pTH13903	THAP11	pTH13903.1.2	RR_PE0174_THAP11_ChIP_2	ChIP	2		Plate_2_F10_S174_R2_001.fastq.gz	Plate_2_F10_S174_R1_001.fastq.gz	DSC			
THC_0173	pTH13887	SMYD3	pTH13887.1.1	RR_PE0175_SMYD3_ChIP_1	ChIP	1		Plate_2_G10_S175_R1_001.fastq.gz	Plate_2_G10_S175_R2_001.fastq.gz	DSC			
THC_0174	pTH13786	ZSCAN2	pTH13786.1.2	RR_PE0180_ZSCAN2_ChIP_2	ChIP	2		Plate_2_D11_S180_R1_001.fastq.gz	Plate_2_D11_S180_R2_001.fastq.gz	DSC			
THC_0175	pTH13787	ZSCAN25	pTH13787.1.2	RR_PE0182_ZSCAN25_ChIP_2	ChIP	2		Plate_2_F11_S182_R2_001.fastq.gz	Plate_2_F11_S182_R1_001.fastq.gz	DSC			
THC_0176	pTH13883	SAFB2	pTH13883.1.2	RR_PE0183_SAFB2_ChIP_4	ChIP	2		Plate_2_G11_S183_R2_001.fastq.gz	Plate_2_G11_S183_R1_001.fastq.gz	DSC			
THC_0178	pTH13644	TRAFD1	pTH13644.1.1	RR_PE0185_C1_TRAFD1_ChIP_1	ChIP	1		Plate_2_A12_S185_R1_001.fastq.gz	Plate_2_A12_S185_R2_001.fastq.gz	DSC			
THC_0179	pTH13868	NACC2	pTH13868.1.1	RR_PE0186_F1_NACC2_ChIP_1	ChIP	1		Plate_2_B12_S186_R2_001.fastq.gz	Plate_2_B12_S186_R1_001.fastq.gz	DSC			
THC_0180	pTH13599	SGSM2	pTH13599.1.2	RR_PE0187_G1_SGSM2_ChIP_2	ChIP	2		Plate_2_C12_S187_R1_001.fastq.gz	Plate_2_C12_S187_R2_001.fastq.gz	DSC			
THC_0181	pTH13651	ZBTB8A	pTH13651.1.1	RR_PE0188_A2_ZBTB8A_ChIP_1	ChIP	1		Plate_2_D12_S188_R2_001.fastq.gz	Plate_2_D12_S188_R1_001.fastq.gz	DSC			
THC_0182	pTH13798	TIGD5	pTH13798.1.1	RR_PE0189_D2_TIGD5_ChIP_1	ChIP	1		Plate_2_E12_S189_R2_001.fastq.gz	Plate_2_E12_S189_R1_001.fastq.gz	DSC			
THC_0183	pTH13787	ZSCAN25	pTH13787.1.1	RR_PE0190_G4_ZSCAN25_ChIP_1	ChIP	1		Plate_2_F12_S190_R1_001.fastq.gz	Plate_2_F12_S190_R2_001.fastq.gz	DSC			
THC_0184	pTH13593	GLYR1	pTH13593.1.1	RR_PE0191_C5_GLYR1_ChIP_1	ChIP	1		Plate_2_G12_S191_R2_001.fastq.gz	Plate_2_G12_S191_R1_001.fastq.gz	DSC			
THC_0185	pTH13899	SP140	pTH13899.1.1	SP140ChIP1	ChIP	1		SP140ChIP1_IGO_10521_1_S99_R1_001.fastq.gz	SP140ChIP1_IGO_10521_1_S99_R2_001.fastq.gz	MSK			
THC_0186	pTH13799	TIGD7	pTH13799.1.1	TIGD7ChIP1	ChIP	1		TIGD7ChIP1_IGO_10521_2_S46_R1_001.fastq.gz	TIGD7ChIP1_IGO_10521_2_S46_R2_001.fastq.gz	MSK			
THC_0187	pTH14537	ELF3	pTH14537.1.1	ELF3ChIP1	ChIP	1		ELF3ChIP1_IGO_10521_3_S39_R1_001.fastq.gz	ELF3ChIP1_IGO_10521_3_S39_R2_001.fastq.gz	MSK			
THC_0188	pTH13596	SETBP1	pTH13596.1.1	SETBP1ChIP1	ChIP	1		SETBP1ChIP1_IGO_10521_4_S114_R2_001.fastq.gz	SETBP1ChIP1_IGO_10521_4_S114_R1_001.fastq.gz	MSK			
THC_0189	pTH13597	C11orf95	pTH13597.1.1	C11orf95ChIP1	ChIP	1		C11orf95ChIP1_IGO_10521_5_S116_R2_001.fastq.gz	C11orf95ChIP1_IGO_10521_5_S116_R1_001.fastq.gz	MSK			
THC_0190	pTH13605	BHLHA9	pTH13605.1.1	BHLHA9ChIP1	ChIP	1		BHLHA9ChIP1_IGO_10521_6_S89_R1_001.fastq.gz	BHLHA9ChIP1_IGO_10521_6_S89_R2_001.fastq.gz	MSK			
THC_0191	pTH13615	AC092835	pTH13615.1.1	AC092835ChIP1	ChIP	1		AC092835ChIP1_IGO_10521_7_S90_R1_001.fastq.gz	AC092835ChIP1_IGO_10521_7_S90_R2_001.fastq.gz	MSK			
THC_0192	pTH13624	DZIP1	pTH13624.1.1	DZIP1ChIP1	ChIP	1		DZIP1ChIP1_IGO_10521_8_S47_R2_001.fastq.gz	DZIP1ChIP1_IGO_10521_8_S47_R1_001.fastq.gz	MSK			
THC_0193	pTH13899	SP140	pTH13899.1.2	SP140ChIP2	ChIP	2		SP140ChIP2_IGO_10521_9_S91_R1_001.fastq.gz	SP140ChIP2_IGO_10521_9_S91_R2_001.fastq.gz	MSK			
THC_0194	pTH13799	TIGD7	pTH13799.1.2	TIGD7ChIP2	ChIP	2		TIGD7ChIP2_IGO_10521_10_S42_R1_001.fastq.gz	TIGD7ChIP2_IGO_10521_10_S42_R2_001.fastq.gz	MSK			
THC_0195	pTH14537	ELF3	pTH14537.1.2	ELF3ChIP2	ChIP	2		ELF3ChIP2_IGO_10521_11_S62_R1_001.fastq.gz	ELF3ChIP2_IGO_10521_11_S62_R2_001.fastq.gz	MSK			
THC_0196	pTH13596	SETBP1	pTH13596.1.2	SETBP1ChIP2	ChIP	2		SETBP1ChIP2_IGO_10521_12_S10_R2_001.fastq.gz	SETBP1ChIP2_IGO_10521_12_S10_R1_001.fastq.gz	MSK			
THC_0197	pTH13597	C11orf95	pTH13597.1.2	C11orf95ChIP2	ChIP	2		C11orf95ChIP2_IGO_10521_13_S2_R2_001.fastq.gz	C11orf95ChIP2_IGO_10521_13_S2_R1_001.fastq.gz	MSK			
THC_0198	pTH13605	BHLHA9	pTH13605.1.2	BHLHA9ChIP2	ChIP	2		BHLHA9ChIP2_IGO_10521_14_S70_R1_001.fastq.gz	BHLHA9ChIP2_IGO_10521_14_S70_R2_001.fastq.gz	MSK			
THC_0199	pTH13615	AC092835	pTH13615.1.2	AC092835ChIP2	ChIP	2		AC092835ChIP2_IGO_10521_15_S98_R1_001.fastq.gz	AC092835ChIP2_IGO_10521_15_S98_R2_001.fastq.gz	MSK			
THC_0200	pTH13624	DZIP1	pTH13624.1.2	DZIP1ChIP2	ChIP	2		DZIP1ChIP2_IGO_10521_16_S45_R2_001.fastq.gz	DZIP1ChIP2_IGO_10521_16_S45_R1_001.fastq.gz	MSK			
THC_0202	pTH13702	ZNF500	pTH13702.1.1	ZNF500ChIP1	ChIP	1		ZNF500ChIP1_IGO_10521_18_S73_R2_001.fastq.gz	ZNF500ChIP1_IGO_10521_18_S73_R1_001.fastq.gz	MSK			
THC_0203	pTH13703	ZNF503	pTH13703.1.1	ZNF503ChIP1	ChIP	1		ZNF503ChIP1_IGO_10521_19_S74_R1_001.fastq.gz	ZNF503ChIP1_IGO_10521_19_S74_R2_001.fastq.gz	MSK			
THC_0204	pTH13704	ZNF507	pTH13704.1.1	ZNF507ChIP1	ChIP	1		ZNF507ChIP1_IGO_10521_20_S35_R2_001.fastq.gz	ZNF507ChIP1_IGO_10521_20_S35_R1_001.fastq.gz	MSK			
THC_0205	pTH13694	ZNF446	pTH13694.1.1	ZNF446ChIP1	ChIP	1		ZNF446ChIP1_IGO_10521_21_S100_R1_001.fastq.gz	ZNF446ChIP1_IGO_10521_21_S100_R2_001.fastq.gz	MSK			
THC_0206	pTH13721	ZNF606	pTH13721.1.1	ZNF606ChIP1	ChIP	1		ZNF606ChIP1_IGO_10521_22_S5_R1_001.fastq.gz	ZNF606ChIP1_IGO_10521_22_S5_R2_001.fastq.gz	MSK			
THC_0207	pTH13758	ZNF750	pTH13758.1.1	ZNF750ChIP1	ChIP	1		ZNF750ChIP1_IGO_10521_23_S36_R1_001.fastq.gz	ZNF750ChIP1_IGO_10521_23_S36_R2_001.fastq.gz	MSK			
THC_0208	pTH13770	ZNF827	pTH13770.1.1	ZNF827ChIP1	ChIP	1		ZNF827ChIP1_IGO_10521_24_S101_R2_001.fastq.gz	ZNF827ChIP1_IGO_10521_24_S101_R1_001.fastq.gz	MSK			
THC_0210	pTH13702	ZNF500	pTH13702.1.2	ZNF500ChIP2	ChIP	2		ZNF500ChIP2_IGO_10521_26_S6_R2_001.fastq.gz	ZNF500ChIP2_IGO_10521_26_S6_R1_001.fastq.gz	MSK			
THC_0211	pTH13703	ZNF503	pTH13703.1.2	ZNF503ChIP2	ChIP	2		ZNF503ChIP2_IGO_10521_27_S102_R2_001.fastq.gz	ZNF503ChIP2_IGO_10521_27_S102_R1_001.fastq.gz	MSK			
THC_0212	pTH13704	ZNF507	pTH13704.1.2	ZNF507ChIP2	ChIP	2		ZNF507ChIP2_IGO_10521_28_S75_R2_001.fastq.gz	ZNF507ChIP2_IGO_10521_28_S75_R1_001.fastq.gz	MSK			
THC_0213	pTH13694	ZNF446	pTH13694.1.2	ZNF446ChIP2	ChIP	2		ZNF446ChIP2_IGO_10521_29_S38_R2_001.fastq.gz	ZNF446ChIP2_IGO_10521_29_S38_R1_001.fastq.gz	MSK			
THC_0214	pTH13721	ZNF606	pTH13721.1.2	ZNF606ChIP2	ChIP	2		ZNF606ChIP2_IGO_10521_30_S76_R2_001.fastq.gz	ZNF606ChIP2_IGO_10521_30_S76_R1_001.fastq.gz	MSK			
THC_0215	pTH13758	ZNF750	pTH13758.1.2	ZNF750ChIP2	ChIP	2		ZNF750ChIP2_IGO_10521_31_S77_R2_001.fastq.gz	ZNF750ChIP2_IGO_10521_31_S77_R1_001.fastq.gz	MSK			
THC_0216	pTH13770	ZNF827	pTH13770.1.2	ZNF827ChIP2	ChIP	2		ZNF827ChIP2_IGO_10521_32_S78_R2_001.fastq.gz	ZNF827ChIP2_IGO_10521_32_S78_R1_001.fastq.gz	MSK			
THC_0217	pTH13611	POGK	pTH13611.1.1	POGKChIP1	ChIP	1		POGKChIP1_IGO_10521_33_S79_R1_001.fastq.gz	POGKChIP1_IGO_10521_33_S79_R2_001.fastq.gz	MSK			
THC_0218	pTH13588	KDM5B	pTH13588.1.1	KDM5BChIP1	ChIP	1		KDM5BChIP1_IGO_10521_34_S80_R1_001.fastq.gz	KDM5BChIP1_IGO_10521_34_S80_R2_001.fastq.gz	MSK			
THC_0219	pTH13603	ZBED5	pTH13603.1.1	ZBTB5ChIP1	ChIP	1		ZBTB5ChIP1_IGO_10521_35_S81_R1_001.fastq.gz	ZBTB5ChIP1_IGO_10521_35_S81_R2_001.fastq.gz	MSK			
THC_0220	pTH13590	AHCTF1	pTH13590.1.1	AHCTF1ChIP1	ChIP	1		AHCTF1ChIP1_IGO_10521_36_S82_R1_001.fastq.gz	AHCTF1ChIP1_IGO_10521_36_S82_R2_001.fastq.gz	MSK			
THC_0221	pTH13630	KIN	pTH13630.1.1	KINChIP1	ChIP	1		KINChIP1_IGO_10521_37_S103_R2_001.fastq.gz	KINChIP1_IGO_10521_37_S103_R1_001.fastq.gz	MSK			
THC_0222	pTH13634	PRDM10	pTH13634.1.1	PRDM10ChIP1	ChIP	1		PRDM10ChIP1_IGO_10521_38_S104_R2_001.fastq.gz	PRDM10ChIP1_IGO_10521_38_S104_R1_001.fastq.gz	MSK			
THC_0223	pTH13635	PRDM13	pTH13635.1.1	PRDM13ChIP1	ChIP	1		PRDM13ChIP1_IGO_10521_39_S105_R2_001.fastq.gz	PRDM13ChIP1_IGO_10521_39_S105_R1_001.fastq.gz	MSK			
THC_0224	pTH13801	CAMTA2	pTH13801.1.1	CAMTA2ChIP1	ChIP	1		CAMTA2ChIP1_IGO_10521_40_S83_R2_001.fastq.gz	CAMTA2ChIP1_IGO_10521_40_S83_R1_001.fastq.gz	MSK			
THC_0225	pTH13611	POGK	pTH13611.1.2	POGKChIP2	ChIP	2		POGKChIP2_IGO_10521_41_S106_R2_001.fastq.gz	POGKChIP2_IGO_10521_41_S106_R1_001.fastq.gz	MSK			
THC_0226	pTH13588	KDM5B	pTH13588.1.2	KDM5BChIP2	ChIP	2		KDM5BChIP2_IGO_10521_42_S84_R1_001.fastq.gz	KDM5BChIP2_IGO_10521_42_S84_R2_001.fastq.gz	MSK			
THC_0227	pTH13603	ZBED5	pTH13603.1.2	ZBTB5ChIP2	ChIP	2		ZBTB5ChIP2_IGO_10521_43_S107_R2_001.fastq.gz	ZBTB5ChIP2_IGO_10521_43_S107_R1_001.fastq.gz	MSK			
THC_0228	pTH13590	AHCTF1	pTH13590.1.2	AHCTF1ChIP2	ChIP	2		AHCTF1ChIP2_IGO_10521_44_S108_R2_001.fastq.gz	AHCTF1ChIP2_IGO_10521_44_S108_R1_001.fastq.gz	MSK			
THC_0229	pTH13630	KIN	pTH13630.1.2	KINChIP2	ChIP	2		KINChIP2_IGO_10521_45_S109_R2_001.fastq.gz	KINChIP2_IGO_10521_45_S109_R1_001.fastq.gz	MSK			
THC_0230	pTH13634	PRDM10	pTH13634.1.2	PRDM10ChIP2	ChIP	2		PRDM10ChIP2_IGO_10521_46_S110_R1_001.fastq.gz	PRDM10ChIP2_IGO_10521_46_S110_R2_001.fastq.gz	MSK			
THC_0231	pTH13799	TIGD7	pTH13799.1.2	PRDM13ChIP2	ChIP	2		PRDM13ChIP2_IGO_10521_47_S111_R2_001.fastq.gz	PRDM13ChIP2_IGO_10521_47_S111_R1_001.fastq.gz	MSK			
THC_0232	pTH13801	CAMTA2	pTH13801.1.2	CAMTA2ChIP2	ChIP	2		CAMTA2ChIP2_IGO_10521_48_S112_R1_001.fastq.gz	CAMTA2ChIP2_IGO_10521_48_S112_R2_001.fastq.gz	MSK			
THC_0233	pTH13591	AKNA	pTH13591.1.1	AKNAChIP1	ChIP	1		AKNAChIP1_IGO_10521_49_S113_R2_001.fastq.gz	AKNAChIP1_IGO_10521_49_S113_R1_001.fastq.gz	MSK			
THC_0234	pTH13606	NCOA1	pTH13606.1.1	NCOA1ChIP1	ChIP	1		NCOA1ChIP1_IGO_10521_50_S85_R2_001.fastq.gz	NCOA1ChIP1_IGO_10521_50_S85_R1_001.fastq.gz	MSK			
THC_0235	pTH13802	CXXC4	pTH13802.1.1	CxxC4ChIP1	ChIP	1		CxxC4ChIP1_IGO_10521_51_S86_R2_001.fastq.gz	CxxC4ChIP1_IGO_10521_51_S86_R1_001.fastq.gz	MSK			
THC_0236	pTH13619	ATMIN	pTH13619.1.1	ATMINChIP1	ChIP	1		ATMINChIP1_IGO_10521_52_S87_R1_001.fastq.gz	ATMINChIP1_IGO_10521_52_S87_R2_001.fastq.gz	MSK			
THC_0237	pTH13602	ZBED4	pTH13602.1.1	ZBED4ChIP1	ChIP	1		ZBED4ChIP1_IGO_10521_53_S88_R2_001.fastq.gz	ZBED4ChIP1_IGO_10521_53_S88_R1_001.fastq.gz	MSK			
THC_0238	pTH13622	CHAMP1	pTH13622.1.1	CHAMP1ChIP1	ChIP	1		CHAMP1ChIP1_IGO_10521_54_S23_R2_001.fastq.gz	CHAMP1ChIP1_IGO_10521_54_S23_R1_001.fastq.gz	MSK			
THC_0239	pTH13795	JRK	pTH13795.1.1	JRKChIP1	ChIP	1		JRKChIP1_IGO_10521_55_S8_R1_001.fastq.gz	JRKChIP1_IGO_10521_55_S8_R2_001.fastq.gz	MSK			
THC_0240	pTH13803	FBXL19	pTH13803.1.1	FBXL19ChIP1	ChIP	1		FBXL19ChIP1_IGO_10521_56_S9_R2_001.fastq.gz	FBXL19ChIP1_IGO_10521_56_S9_R1_001.fastq.gz	MSK			
THC_0241	pTH13591	AKNA	pTH13591.1.2	AKNAChIP2	ChIP	2		AKNAChIP2_IGO_10521_57_S115_R1_001.fastq.gz	AKNAChIP2_IGO_10521_57_S115_R2_001.fastq.gz	MSK			
THC_0242	pTH13606	NCOA1	pTH13606.1.2	NCOA1ChIP2	ChIP	2		NCOA1ChIP2_IGO_10521_58_S10_R1_001.fastq.gz	NCOA1ChIP2_IGO_10521_58_S10_R2_001.fastq.gz	MSK			
THC_0243	pTH13802	CXXC4	pTH13802.1.2	CxxC4ChIP2	ChIP	2		CxxC4ChIP2_IGO_10521_59_S11_R2_001.fastq.gz	CxxC4ChIP2_IGO_10521_59_S11_R1_001.fastq.gz	MSK			
THC_0244	pTH13619	ATMIN	pTH13619.1.2	ATMINChIP2	ChIP	2		ATMINChIP2_IGO_10521_60_S12_R1_001.fastq.gz	ATMINChIP2_IGO_10521_60_S12_R2_001.fastq.gz	MSK			
THC_0245	pTH13602	ZBED4	pTH13602.1.2	ZBED4ChIP2	ChIP	2		ZBED4ChIP2_IGO_10521_61_S13_R2_001.fastq.gz	ZBED4ChIP2_IGO_10521_61_S13_R1_001.fastq.gz	MSK			
THC_0246	pTH13622	CHAMP1	pTH13622.1.2	CHAMP1ChIP2	ChIP	2		CHAMP1ChIP2_IGO_10521_62_S117_R2_001.fastq.gz	CHAMP1ChIP2_IGO_10521_62_S117_R1_001.fastq.gz	MSK			
THC_0247	pTH13795	JRK	pTH13795.1.2	JRKChIP2	ChIP	2		JRKChIP2_IGO_10521_63_S24_R1_001.fastq.gz	JRKChIP2_IGO_10521_63_S24_R2_001.fastq.gz	MSK			
THC_0248	pTH13803	FBXL19	pTH13803.1.2	FBXL19ChIP2	ChIP	2		FBXL19ChIP2_IGO_10521_64_S14_R1_001.fastq.gz	FBXL19ChIP2_IGO_10521_64_S14_R2_001.fastq.gz	MSK			
THC_0249	pTH13800	CAMTA1	pTH13800.1.1	CAMTA1ChIP1	ChIP	1		CAMTA1ChIP1_IGO_10521_65_S25_R2_001.fastq.gz	CAMTA1ChIP1_IGO_10521_65_S25_R1_001.fastq.gz	MSK			
THC_0250	pTH13595	SCML4	pTH13595.1.1	SCML4ChIP1	ChIP	1		SCML4ChIP1_IGO_10521_66_S15_R2_001.fastq.gz	SCML4ChIP1_IGO_10521_66_S15_R1_001.fastq.gz	MSK			
THC_0251	pTH13904	THAP2	pTH13904.1.1	THAP2ChIP1	ChIP	1		THAP2ChIP1_IGO_10521_67_S16_R2_001.fastq.gz	THAP2ChIP1_IGO_10521_67_S16_R1_001.fastq.gz	MSK			
THC_0254	pTH13703	ZNF503	pTH13703.1.1	ZNF503Input1	INPUT	1		ZNF503Input1_IGO_10521_70_S18_R2_001.fastq.gz	ZNF503Input1_IGO_10521_70_S18_R1_001.fastq.gz	MSK			
THC_0255	pTH13611	POGK	pTH13611.1.1	POGKInput1	INPUT	1		POGKInput1_IGO_10521_71_S19_R2_001.fastq.gz	POGKInput1_IGO_10521_71_S19_R1_001.fastq.gz	MSK			
THC_0256	pTH13630	KIN	pTH13630.1.1	KINInput1	INPUT	1		KINInput1_IGO_10521_72_S20_R2_001.fastq.gz	KINInput1_IGO_10521_72_S20_R1_001.fastq.gz	MSK			
THC_0257	pTH13800	CAMTA1	pTH13800.1.2	CAMTA1ChIP2	ChIP	2		CAMTA1ChIP2_IGO_10521_73_S21_R1_001.fastq.gz	CAMTA1ChIP2_IGO_10521_73_S21_R2_001.fastq.gz	MSK			
THC_0258	pTH13595	SCML4	pTH13595.1.2	SCML4ChIP2	ChIP	2		SCML4ChIP2_IGO_10521_74_S26_R2_001.fastq.gz	SCML4ChIP2_IGO_10521_74_S26_R1_001.fastq.gz	MSK			
THC_0259	pTH13904	THAP2	pTH13904.1.2	THAP2ChIP2	ChIP	2		THAP2ChIP2_IGO_10521_75_S57_R2_001.fastq.gz	THAP2ChIP2_IGO_10521_75_S57_R1_001.fastq.gz	MSK			
THC_0262	pTH13603	ZBED5	pTH13603.1.1	ZBTB5Input1	INPUT	1		ZBTB5Input1_IGO_10521_78_S22_R2_001.fastq.gz	ZBTB5Input1_IGO_10521_78_S22_R1_001.fastq.gz	MSK			
THC_0263	pTH13590	AHCTF1	pTH13590.1.1	AHCTF1Input1	INPUT	1		AHCTF1Input1_IGO_10521_79_S58_R1_001.fastq.gz	AHCTF1Input1_IGO_10521_79_S58_R2_001.fastq.gz	MSK			
THC_0264	pTH13635	PRDM13	pTH13635.1.1	PRDM13Input1	INPUT	1		PRDM13Input1_IGO_10521_80_S28_R1_001.fastq.gz	PRDM13Input1_IGO_10521_80_S28_R2_001.fastq.gz	MSK			
THC_0265	pTH13635	PRDM13	pTH13635.1.2	PRDM13Input2	INPUT	2		PRDM13Input2_IGO_10521_81_S29_R2_001.fastq.gz	PRDM13Input2_IGO_10521_81_S29_R1_001.fastq.gz	MSK			
THC_0266	pTH13801	CAMTA2	pTH13801.1.2	CAMTA2Input2	INPUT	2		CAMTA2Input2_IGO_10521_82_S59_R2_001.fastq.gz	CAMTA2Input2_IGO_10521_82_S59_R1_001.fastq.gz	MSK			
THC_0267	pTH13619	ATMIN	pTH13619.1.2	ATMINInput2	INPUT	2		ATMINInput2_IGO_10521_83_S60_R2_001.fastq.gz	ATMINInput2_IGO_10521_83_S60_R1_001.fastq.gz	MSK			
THC_0268	pTH13606	NCOA1	pTH13606.1.2	NCOA1Input2	INPUT	2		NCOA1Input2_IGO_10521_84_S61_R1_001.fastq.gz	NCOA1Input2_IGO_10521_84_S61_R2_001.fastq.gz	MSK			
THC_0269	pTH13630	KIN	pTH13630.1.2	KINInput2	INPUT	2		KINInput2_IGO_10521_85_S23_R1_001.fastq.gz	KINInput2_IGO_10521_85_S23_R2_001.fastq.gz	MSK			
THC_0270	pTH13694	ZNF446	pTH13694.1.2	ZNF446Input2	INPUT	2		ZNF446Input2_IGO_10521_86_S24_R2_001.fastq.gz	ZNF446Input2_IGO_10521_86_S24_R1_001.fastq.gz	MSK			
THC_0271	pTH13888	SNAPC2	pTH13888.1.2	SNAPC2ChIP2	ChIP	2		SNAPC2ChIP2_IGO_10521_87_S25_R2_001.fastq.gz	SNAPC2ChIP2_IGO_10521_87_S25_R1_001.fastq.gz	MSK			
THC_0272	pTH13607	NCOA2	pTH13607.1.2	NCOA2ChIP2	ChIP	2		NCOA1?		MSK			
THC_0273	pTH13898	SP110	pTH13898.1.2	SP110ChIP2	ChIP	2		SP110ChIP2_IGO_10521_89_S30_R2_001.fastq.gz	SP110ChIP2_IGO_10521_89_S30_R1_001.fastq.gz	MSK			
THC_0274	pTH13723	ZNF609	pTH13723.1.1	ZNF609ChIP1	ChIP	1		ZNF609ChIP1_IGO_10521_90_S120_R1_001.fastq.gz	ZNF609ChIP1_IGO_10521_90_S120_R2_001.fastq.gz	MSK			
THC_0275	pTH13589	ARID2	pTH13589.1.2	ARID2ChIP2	ChIP	2		ARID2ChIP2_IGO_10521_91_S121_R2_001.fastq.gz	ARID2ChIP2_IGO_10521_91_S121_R1_001.fastq.gz	MSK			
THC_0276	pTH13623	CPXCR1	pTH13623.1.1	CXCR1ChIP1	ChIP	1		CXCR1ChIP1_IGO_10521_92_S48_R1_001.fastq.gz	CXCR1ChIP1_IGO_10521_92_S48_R2_001.fastq.gz	MSK			
THC_0277	pTH13603	ZBED5	pTH13603.1.1.2	ZBED5ChIP1RE	ChIP	1	repeated sequencing for pTH13603.1.1	only found ZBED5ChIP2		MSK			
THC_0278	pTH13603	ZBED5	pTH13603.1.2.2	ZBED5ChIP2RE	ChIP	2	repeated sequencing for pTH13603.1.2	ZBED5ChIP2RE_IGO_10521_154_S71_R1_001.fastq.gz	ZBED5ChIP2RE_IGO_10521_154_S71_R2_001.fastq.gz	MSK			
THC_0279	pTH13692	ZNF428	pTH13692.1.1.2	ZNF428ChIP1RE	ChIP	1	repeated sequencing for pTH13692.1.1	ZNF428ChIP1RE_IGO_10521_155_S4_R1_001.fastq.gz	ZNF428ChIP1RE_IGO_10521_155_S4_R2_001.fastq.gz	MSK			
THC_0280	pTH13692	ZNF428	pTH13692.1.2.2	ZNF428ChIP2RE	ChIP	2	repeated sequencing for pTH13692.1.2	ZNF428ChIP2RE_IGO_10521_156_S33_R2_001.fastq.gz	ZNF428ChIP2RE_IGO_10521_156_S33_R1_001.fastq.gz	MSK			
THC_0282	pTH13796	TIGD3	pTH13796.1.2.2	TIGD3ChIP2RE	ChIP	2	repeated sequencing for pTH13796.1.2	TIGD3ChIP2RE_IGO_10521_158_S22_R1_001.fastq.gz	TIGD3ChIP2RE_IGO_10521_158_S22_R2_001.fastq.gz	MSK			
													
													
Control samples :													
													
THC_0080	NA	YY1		RR_PE0019_YY1_ChIP_1	ChIP	1				DSC			DSC
THC_0095	NA	YY1		RR_PE0045_YY1_INPUT_2	INPUT	2				DSC			DSC
THC_0177	NA	YY1		RR_PE0184_YY1_ChIP_2	ChIP	2				DSC			DSC
THC_0253	NA	YY1		YY1ChIP1	ChIP	1				MSK			MSK
THC_0261	NA	YY1		YY1ChIP2	ChIP	2				MSK			MSK
THC_0201	NA	CTCF		CTCFChIP1	ChIP	1				MSK			MSK
THC_0209	NA	CTCF		CTCFChIP2	ChIP	2				MSK			MSK
THC_0252	NA	GFP		GFPChIP1	ChIP	1				MSK			MSK
THC_0260	NA	GFP		GFPChIP2	ChIP	2				MSK			MSK
