	BBI_ID	Hughes_ID	TF_family	SSID	Barcode	BC_change	TF_name
1	UT380-009	AHCTF1.DBD	AT hook	SS001	BC01		AHCTF1
2	UT380-012	AKAP8L.DBD	C2H2 ZF	SS001	BC02		AKAP8L
3	UT380-022	BATF2.FL	bZIP	SS001	BC03		BATF2
4	UT380-023	BHLHA9.FL	bHLH	SS001	BC04		BHLHA9
5	UT380-028	CASZ1.DBD.1	C2H2 ZF	SS001	BC05		CASZ1
6	UT380-042	CREB3L3.FL	bZIP	SS001	BC06		CREB3L3
7	UT380-055	DMRTB1.FL	DM	SS001	BC07		DMRTB1
8	UT380-064	ELF3.FL	Ets; AT hook	SS001	BC08		ELF3
9	UT380-070	FIZ1.FL	C2H2 ZF	SS001	BC10		FIZ1
10	UT380-075	GATAD2B.FL	GATA	SS001	BC11		GATAD2B
11	UT380-090	HSFX1.FL	HSF	SS001	BC12		HSFX1
12	UT380-038	CHAMP1.DBD	C2H2 ZF	SS003	BC01		CHAMP1
13	UT380-056	DMTF1.DBD	Myb/SANT	SS003	BC02		DMTF1
14	UT380-198	SP100.DBD	SAND	SS003	BC03		SP100
15	UT380-095	KAT7.DBD	C2H2 ZF	SS003	BC04		KAT7
16	UT380-096	KAT7.FL	C2H2 ZF	SS003	BC05		KAT7
17	UT380-103	LEUTX.FL	Homeodomain	SS003	BC06		LEUTX
18	UT380-104	MAZ.FL	C2H2 ZF	SS003	BC07		MAZ
19	UT380-113	MKX.FL	Homeodomain	SS003	BC08		MKX
20	UT380-125	MYT1.DBD.1	C2H2 ZF	SS003	BC09		MYT1
21	UT380-126	MYT1.DBD.2	C2H2 ZF	SS003	BC10		MYT1
22	UT380-142	PEG3.DBD.1	C2H2 ZF	SS003	BC11		PEG3
23	UT380-093	JRK.DBD	CENPB	SS004	BC01		JRK
24	UT380-098	KDM2A.DBD	CxxC	SS004	BC02		KDM2A
25	UT380-237	TSHZ2.DBD.1	C2H2 ZF	SS004	BC03		TSHZ2
26	UT380-238	TSHZ2.DBD.2	C2H2 ZF	SS004	BC04		TSHZ2
27	UT380-242	ZBED2.FL	BED ZF	SS004	BC05		ZBED2
28	UT380-243	ZBED3.FL	BED ZF	SS004	BC06		ZBED3
29	UT380-249	ZBTB40.DBD	C2H2 ZF	SS004	BC07		ZBTB40
30	UT380-250	ZBTB41.DBD	C2H2 ZF	SS004	BC08		ZBTB41
31	UT380-252	ZBTB46.DBD	C2H2 ZF	SS004	BC09		ZBTB46
32	UT380-253	ZBTB46.FL	C2H2 ZF	SS004	BC10		ZBTB46
33	UT380-254	ZBTB47.DBD	C2H2 ZF	SS004	BC11		ZBTB47
34	UT380-105	MBD1.DBD	MBD; CxxC ZF	SS005	BC01		MBD1
35	UT380-127	NACC2.DBD	Unknown	SS005	BC02		NACC2
36	UT380-502	ZSCAN12.DBD	C2H2 ZF	SS005	BC03		ZSCAN12
37	UT380-503	ZSCAN12.FL	C2H2 ZF	SS005	BC04		ZSCAN12
38	UT380-506	ZSCAN2.DBD	C2H2 ZF	SS005	BC05		ZSCAN2
39	UT380-507	ZSCAN2.FL	C2H2 ZF	SS005	BC06		ZSCAN2
40	UT380-508	ZSCAN25.DBD	C2H2 ZF	SS005	BC07		ZSCAN25
41	UT380-509	ZSCAN25.FL	C2H2 ZF	SS005	BC08		ZSCAN25
42	UT380-248	ZBTB24.FL	#N/A	SS005	BC09		ZBTB24
43	UT380-255	ZBTB47.FL	C2H2 ZF	SS005	BC10		ZBTB47
44	UT380-251	ZBTB41.FL	C2H2 ZF	SS005	BC11		ZBTB41
45	UT380-144	PHF21A.DBD	AT hook	SS006	BC01		PHF21A
46	UT380-185	SETBP1.DBD.1	AT hook	SS006	BC02		SETBP1
47	UT380-269	ZGLP1.FL	GATA	SS006	BC03		ZGLP1
48	UT380-279	ZKSCAN4.DBD	C2H2 ZF	SS006	BC04		ZKSCAN4
49	UT380-280	ZKSCAN4.FL	C2H2 ZF	SS006	BC05		ZKSCAN4
50	UT380-284	ZNF107.DBD.1	C2H2 ZF	SS006	BC06		ZNF107
51	UT380-285	ZNF107.DBD.2	C2H2 ZF	SS006	BC07		ZNF107
52	UT380-287	ZNF131.DBD	C2H2 ZF	SS006	BC08		ZNF131
53	UT380-292	ZNF160.DBD	C2H2 ZF	SS006	BC09		ZNF160
54	UT380-294	ZNF20.FL	C2H2 ZF	SS006	BC10		ZNF20
55	UT380-296	ZNF208.DBD.1	C2H2 ZF	SS006	BC11		ZNF208
56	UT380-204	SP140L.DBD	SAND	SS007	BC01		SP140L
57	UT380-212	TET3.DBD	CxxC	SS007	BC02		TET3
58	UT380-314	ZNF280D.DBD	C2H2 ZF	SS007	BC03		ZNF280D
59	UT380-318	ZNF292.DBD.1	C2H2 ZF	SS007	BC04		ZNF292
60	UT380-319	ZNF292.DBD.2	C2H2 ZF	SS007	BC05		ZNF292
61	UT380-323	ZNF335.AThook	#N/A	SS007	BC06		ZNF335
62	UT380-324	ZNF335.DBD.1	C2H2 ZF	SS007	BC07		ZNF335
63	UT380-325	ZNF335.DBD.2	C2H2 ZF	SS007	BC08		ZNF335
64	UT380-329	ZNF358.DBD	C2H2 ZF	SS007	BC09		ZNF358
65	UT380-330	ZNF358.FL	C2H2 ZF	SS007	BC10		ZNF358
66	UT380-331	ZNF362.FL	C2H2 ZF	SS007	BC11		ZNF362
67	UT380-230	TIGD7.DBD	CENPB	SS008	BC01		TIGD7
68	UT380-233	TPRX1.DBD	Homeodomain	SS008	BC02		TPRX1
69	UT380-339	ZNF407.AThook	#N/A	SS008	BC03		ZNF407
70	UT380-340	ZNF407.DBD	C2H2 ZF	SS008	BC04		ZNF407
71	UT380-342	ZNF43.DBD.1	C2H2 ZF	SS008	BC05		ZNF43
72	UT380-343	ZNF43.DBD.2	C2H2 ZF	SS008	BC06		ZNF43
73	UT380-345	ZNF446.FL	C2H2 ZF	SS008	BC07		ZNF446
74	UT380-347	ZNF470.DBD	C2H2 ZF	SS008	BC08		ZNF470
75	UT380-349	ZNF471.DBD	C2H2 ZF	SS008	BC09		ZNF471
76	UT380-354	ZNF493.DBD.2	C2H2 ZF	SS008	BC11		ZNF493
77	UT380-353	ZNF493.DBD.1	C2H2 ZF	SS008	BC12		ZNF493
78	UT380-245	ZBED5.DBD	BED ZF	SS010	BC01		ZBED5
79	UT380-247	ZBED9.DBD	BED ZF	SS010	BC02		ZBED9
80	UT380-029	CASZ1.DBD.2	C2H2 ZF	SS010	BC03		CASZ1
81	UT380-057	DMTF1.FL	Myb/SANT	SS010	BC04		DMTF1
82	UT380-073	GATAD2A.FL	GATA	SS010	BC05		GATAD2A
83	UT380-082	GRHL3.FL	Grainyhead	SS010	BC06		GRHL3
84	UT380-106	MBD1.FL	MBD; CxxC ZF	SS010	BC07		MBD1
85	UT380-135	NFXL1.FL	NFX	SS010	BC08		NFXL1
86	UT380-155	PRDM13.FL	C2H2 ZF	SS010	BC09		PRDM13
87	UT380-159	PRDM5.FL	C2H2 ZF	SS010	BC10		PRDM5
88	UT380-161	PRDM8.FL	C2H2 ZF	SS010	BC11		PRDM8
89	UT380-352	ZNF48.FL	C2H2 ZF	SS010	BC12		ZNF48
90	UT380-066	FAM200B.DBD	BED ZF	SS013	BC02		FAM200B
91	UT380-068	FBXL19.DBD	CxxC	SS013	BC03		FBXL19
92	UT380-185	SETBP1.DBD.1	AT hook	SS013	BC05		SETBP1
93	UT380-212	TET3.DBD	CxxC	SS013	BC06		TET3
94	UT380-233	TPRX1.DBD	Homeodomain	SS013	BC07		TPRX1
95	UT380-241	USF3.DBD	bHLH	SS013	BC09		USF3
96	UT380-244	ZBED4.DBD	BED ZF	SS013	BC10		ZBED4
97	UT380-245	ZBED5.DBD	BED ZF	SS013	BC11		ZBED5
98	UT380-066	FAM200B.DBD	BED ZF	SS014	BC01		FAM200B
99	UT380-068	FBXL19.DBD	CxxC	SS014	BC02		FBXL19
100	UT380-143	PEG3.DBD.2	C2H2 ZF	SS014	BC03		PEG3
101	UT380-150	POU5F1.FL	Homeodomain; POU	SS014	BC04		POU5F1
102	UT380-152	PRDM10.AThook	C2H2 ZF; AT hook	SS014	BC05		PRDM10
103	UT380-153	PRDM10.DBD	C2H2 ZF	SS014	BC06		PRDM10
104	UT380-154	PRDM13.DBD	C2H2 ZF	SS014	BC07		PRDM13
105	UT380-156	PRDM2.DBD.1	C2H2 ZF	SS014	BC08		PRDM2
106	UT380-157	PRDM2.DBD.2	C2H2 ZF	SS014	BC09		PRDM2
107	UT380-158	PRDM5.DBD	C2H2 ZF	SS014	BC10		PRDM5
108	UT380-160	PRDM8.DBD	C2H2 ZF	SS014	BC11		PRDM8
109	UT380-267	ZFPM1.DBD.2	C2H2 ZF	SS016	BC01		ZFPM1
110	UT380-268	ZFPM2.DBD	C2H2 ZF	SS016	BC02		ZFPM2
111	UT380-275	ZHX2.FL	Homeodomain	SS016	BC03		ZHX2
112	UT380-278	ZHX3.FL	Homeodomain	SS016	BC04		ZHX3
113	UT380-286	ZNF107.FL	C2H2 ZF	SS016	BC05		ZNF107
114	UT380-288	ZNF131.FL	C2H2 ZF	SS016	BC06		ZNF131
115	UT380-289	ZNF14.FL	C2H2 ZF	SS016	BC07		ZNF14
116	UT380-290	ZNF142.DBD.1	C2H2 ZF	SS016	BC08		ZNF142
117	UT380-291	ZNF142.DBD.2	C2H2 ZF	SS016	BC09		ZNF142
118	UT380-293	ZNF160.FL	C2H2 ZF	SS016	BC10		ZNF160
119	UT380-302	ZNF226.FL	C2H2 ZF	SS016	BC11		ZNF226
120	UT380-056	DMTF1.DBD	Myb/SANT	SS016	BC12		DMTF1
121	UT380-187	SETBP1.DBD.3	AT hook	SS017	BC01		SETBP1
122	UT380-202	SP140.DBD	SAND	SS017	BC02		SP140
123	UT380-297	ZNF208.DBD.2	C2H2 ZF	SS017	BC03		ZNF208
124	UT380-298	ZNF208.DBD.3	C2H2 ZF	SS017	BC04		ZNF208
125	UT380-299	ZNF215.DBD	C2H2 ZF	SS017	BC05		ZNF215
126	UT380-300	ZNF215.FL	C2H2 ZF	SS017	BC06		ZNF215
127	UT380-301	ZNF226.DBD	C2H2 ZF	SS017	BC07		ZNF226
128	UT380-305	ZNF230.FL	C2H2 ZF	SS017	BC08		ZNF230
129	UT380-306	ZNF233.DBD	C2H2 ZF	SS017	BC09		ZNF233
130	UT380-309	ZNF251.DBD	C2H2 ZF	SS017	BC10		ZNF251
131	UT380-311	ZNF275.FL	C2H2 ZF	SS017	BC11		ZNF275
132	UT380-077	GLYR1.DBD	AT hook	SS017	BC12		GLYR1
133	UT380-038	CHAMP1.DBD	C2H2 ZF	SS018	BC01		CHAMP1
134	UT380-105	MBD1.DBD	MBD; CxxC ZF	SS018	BC02		MBD1
135	UT380-127	NACC2.DBD	Unknown	SS018	BC03		NACC2
136	UT380-502	ZSCAN12.DBD	C2H2 ZF	SS018	BC04		ZSCAN12
137	UT380-503	ZSCAN12.FL	C2H2 ZF	SS018	BC05		ZSCAN12
138	UT380-144	PHF21A.DBD	AT hook	SS018	BC06		PHF21A
139	UT380-185	SETBP1.DBD.1	AT hook	SS018	BC07		SETBP1
140	UT380-262	ZFAT.DBD.1	C2H2 ZF	SS018	BC08		ZFAT
141	UT380-263	ZFAT.DBD.2	C2H2 ZF	SS018	BC09		ZFAT
142	UT380-264	ZFP91.DBD	C2H2 ZF	SS018	BC10		ZFP91
143	UT380-265	ZFP91.FL	C2H2 ZF	SS018	BC11		ZFP91
144	UT380-266	ZFPM1.DBD.1	C2H2 ZF	SS018	BC12		ZFPM1
145	UT380-404	ZNF646	C2H2 ZF	SS101	BC01		ZNF646
146	UT380-427	ZNF700	C2H2 ZF	SS101	BC02		ZNF700
147	UT380-428	ZNF700	C2H2 ZF	SS101	BC03		ZNF700
148	UT380-462	ZNF780B	C2H2 ZF	SS101	BC04		ZNF780B
149	UT380-463	ZNF780B	C2H2 ZF	SS101	BC05		ZNF780B
150	UT380-412	ZNF668	C2H2 ZF	SS101	BC06		ZNF668
151	UT380-411	ZNF668	C2H2 ZF	SS101	BC07		ZNF668
152	UT380-444	ZNF726	C2H2 ZF	SS101	BC08		ZNF726
153	UT380-443	ZNF726	C2H2 ZF	SS101	BC09		ZNF726
154	UT380-482	ZNF841	C2H2 ZF	SS101	BC10		ZNF841
155	UT380-481	ZNF841	C2H2 ZF	SS101	BC11		ZNF841
156	UT380-479	ZNF836	C2H2 ZF	SS102	BC01		ZNF836
157	UT380-438	ZNF721	C2H2 ZF	SS102	BC02		ZNF721
158	UT380-439	ZNF721	C2H2 ZF	SS102	BC03		ZNF721
159	UT380-450	ZNF729	C2H2 ZF	SS102	BC04		ZNF729
160	UT380-449	ZNF729	C2H2 ZF	SS102	BC05		ZNF729
161	UT380-500	ZNF91	C2H2 ZF	SS102	BC06		ZNF91
162	UT380-499	ZNF91	C2H2 ZF	SS102	BC07		ZNF91
163	UT380-436	ZNF717	C2H2 ZF	SS102	BC08		ZNF717
164	UT380-435	ZNF717	C2H2 ZF	SS102	BC09		ZNF717
165	UT380-486	ZNF845	C2H2 ZF	SS102	BC10		ZNF845
166	UT380-487	ZNF845	C2H2 ZF	SS102	BC11		ZNF845
167	UT380-271	ZGPAT	#N/A	SS103	BC01		ZGPAT
168	UT380-270	ZGPAT	#N/A	SS103	BC02		ZGPAT
169	UT380-011	AKAP8	C2H2	SS103	BC03		AKAP8
170	UT380-010	AKAP8	C2H2	SS103	BC04		AKAP8
171	UT380-017	ANKZF1	C2H2	SS103	BC05		ANKZF1
172	UT380-016	ANKZF1	C2H2	SS103	BC06		ANKZF1
173	UT380-371	ZNF532	C2H2 ZF	SS103	BC07		ZNF532
174	UT380-370	ZNF532	C2H2 ZF	SS103	BC08		ZNF532
175	UT380-388	ZNF592	C2H2 ZF	SS103	BC09		ZNF592
176	UT380-387	ZNF592	C2H2 ZF	SS103	BC10		ZNF592
177	UT380-420	ZNF687	C2H2 ZF	SS103	BC11		ZNF687
178	UT380-467	ZNF800	C2H2 ZF	SS104	BC01		ZNF800
179	UT380-468	ZNF800	C2H2 ZF	SS104	BC02		ZNF800
180	UT380-417	ZNF683	C2H2 ZF	SS104	BC03		ZNF683
181	UT380-418	ZNF683	C2H2 ZF	SS104	BC04		ZNF683
182	UT380-474	ZNF827	C2H2 ZF	SS104	BC05		ZNF827
183	UT380-475	ZNF827	C2H2 ZF	SS104	BC06		ZNF827
184	UT380-516	ZXDC	C2H2 ZF	SS104	BC07		ZXDC
185	UT380-453	ZNF746	C2H2 ZF	SS104	BC08		ZNF746
186	UT380-454	ZNF746	C2H2 ZF	SS104	BC09		ZNF746
187	UT380-512	ZXDA	C2H2 ZF	SS104	BC10		ZXDA
188	UT380-513	ZXDA	C2H2 ZF	SS104	BC11		ZXDA
189	UT380-373	ZNF536	C2H2 ZF	SS105	BC01		ZNF536
190	UT380-372	ZNF536	C2H2 ZF	SS105	BC02		ZNF536
191	UT380-514	ZXDB	C2H2 ZF	SS105	BC03		ZXDB
192	UT380-515	ZXDB	C2H2 ZF	SS105	BC04		ZXDB
193	UT380-405	ZNF648	C2H2 ZF	SS105	BC05		ZNF648
194	UT380-406	ZNF648	C2H2 ZF	SS105	BC06		ZNF648
195	UT380-470	ZNF813	C2H2 ZF	SS105	BC07		ZNF813
196	UT380-471	ZNF813	C2H2 ZF	SS105	BC08		ZNF813
197	UT380-374	ZNF551	C2H2 ZF	SS105	BC09		ZNF551
198	UT380-375	ZNF551	C2H2 ZF	SS105	BC10		ZNF551
199	UT380-392	ZNF606	C2H2 ZF	SS105	BC11		ZNF606
200	UT380-424	ZNF699	C2H2 ZF	SS106	BC01		ZNF699
201	UT380-376	ZNF568	C2H2 ZF	SS106	BC02		ZNF568
202	UT380-409	ZNF665	C2H2 ZF	SS106	BC03		ZNF665
203	UT380-378	ZNF569	C2H2 ZF	SS106	BC04		ZNF569
204	UT380-472	ZNF814	C2H2 ZF	SS106	BC05		ZNF814
205	UT380-395	ZNF618	C2H2 ZF	SS106	BC06		ZNF618
206	UT380-003	AC092835	C2H2 ZF	SS106	BC07		AC092835
207	UT380-002	AC092835	C2H2 ZF	SS106	BC08		AC092835
208	UT380-021	ATMIN	C2H2 ZF	SS106	BC09		ATMIN
209	UT380-020	ATMIN	C2H2 ZF	SS106	BC10		ATMIN
210	UT380-062	DZIP1	C2H2 ZF	SS106	BC11		DZIP1
211	UT380-316	ZNF286B	C2H2 ZF	SS108	BC01		ZNF286B
212	UT380-317	ZNF286B	C2H2 ZF	SS108	BC02		ZNF286B
213	UT380-321	ZNF326	C2H2 ZF	SS108	BC03		ZNF326
214	UT380-322	ZNF326	C2H2 ZF	SS108	BC04		ZNF326
215	UT380-337	ZNF395	C2H2 ZF	SS108	BC05		ZNF395
216	UT380-338	ZNF395	C2H2 ZF	SS108	BC06		ZNF395
217	UT380-359	ZNF503	C2H2 ZF	SS108	BC07		ZNF503
218	UT380-358	ZNF503	C2H2 ZF	SS108	BC08		ZNF503
219	UT380-382	ZNF578	C2H2 ZF	SS108	BC09		ZNF578
220	UT380-383	ZNF578	C2H2 ZF	SS108	BC10		ZNF578
221	UT380-385	ZNF587B	C2H2 ZF	SS108	BC11		ZNF587B
222	UT380-389	ZNF598	C2H2 ZF	SS109	BC01		ZNF598
223	UT380-398	ZNF630	C2H2 ZF	SS109	BC02		ZNF630
224	UT380-399	ZNF630	C2H2 ZF	SS109	BC03		ZNF630
225	UT380-430	ZNF703	C2H2 ZF	SS109	BC04		ZNF703
226	UT380-431	ZNF703	C2H2 ZF	SS109	BC05		ZNF703
227	UT380-441	ZNF724	C2H2 ZF	SS109	BC06		ZNF724
228	UT380-442	ZNF724	C2H2 ZF	SS109	BC07		ZNF724
229	UT380-446	ZNF728	C2H2 ZF	SS109	BC08		ZNF728
230	UT380-447	ZNF728	C2H2 ZF	SS109	BC09		ZNF728
231	UT380-451	ZNF732	C2H2 ZF	SS109	BC10		ZNF732
232	UT380-452	ZNF732	C2H2 ZF	SS109	BC11		ZNF732
233	UT380-071	FLYWCH1	FLYWCH	SS112	BC01		FLYWCH1
234	UT380-190	SGSM2	BED ZF	SS112	BC02		SGSM2
235	UT380-401	ZNF644	C2H2 ZF	SS112	BC03		ZNF644
236	UT380-407	ZNF654	C2H2 ZF	SS112	BC04		ZNF654
237	UT380-465	ZNF781	C2H2 ZF	SS112	BC05		ZNF781
238	UT380-457	ZNF763	C2H2 ZF	SS112	BC06		ZNF763
239	UT380-381	ZNF575	C2H2 ZF	SS112	BC07		ZNF575
240	UT380-384	ZNF579	C2H2 ZF	SS112	BC08		ZNF579
241	UT380-423	ZNF696	C2H2 ZF	SS112	BC09		ZNF696
242	UT380-459	ZNF772	C2H2 ZF	SS112	BC10		ZNF772
243	UT380-422	ZNF689	C2H2 ZF	SS112	BC11		ZNF689
244	UT380-434	ZNF709	C2H2 ZF	SS113	BC01		ZNF709
245	UT380-460	ZNF773	C2H2 ZF	SS113	BC02		ZNF773
246	UT380-414	ZNF672	C2H2 ZF	SS113	BC03		ZNF672
247	UT380-426	ZNF70	C2H2 ZF	SS113	BC04		ZNF70
248	UT380-458	ZNF768	C2H2 ZF	SS113	BC05		ZNF768
249	UT380-461	ZNF775	C2H2 ZF	SS113	BC06		ZNF775
250	UT380-380	ZNF57	C2H2 ZF	SS113	BC07		ZNF57
251	UT380-501	ZNF92	C2H2 ZF	SS113	BC08		ZNF92
252	UT380-415	ZNF676	C2H2 ZF	SS113	BC09		ZNF676
253	UT380-416	ZNF678	C2H2 ZF	SS113	BC10		ZNF678
254	UT380-397	ZNF623	C2H2 ZF	SS113	BC11		ZNF623
255	UT380-408	ZNF66	C2H2 ZF	SS114	BC01		ZNF66
256	UT380-476	ZNF83	C2H2 ZF	SS114	BC02		ZNF83
257	UT380-400	ZNF639	C2H2 ZF	SS114	BC03		ZNF639
258	UT380-001	AC008770	C2H2 ZF	SS114	BC04		AC008770
259	UT380-032	CCDC17	C2H2 ZF	SS114	BC05		CCDC17
260	UT380-041	CPXCR1	C2H2 ZF	SS114	BC06		CPXCR1
261	UT380-063	EEA1	C2H2 ZF	SS114	BC07		EEA1
262	UT380-065	FAM170A	C2H2 ZF	SS114	BC08		FAM170A
263	UT380-092	JAZF1	C2H2 ZF	SS114	BC09		JAZF1
264	UT380-100	KIN	C2H2 ZF	SS114	BC10		KIN
265	UT380-193	SLC2A4RG	C2H2 ZF	SS114	BC11		SLC2A4RG
266	UT380-336	ZNF385C	C2H2 ZF	SS116	BC01		ZNF385C
267	UT380-341	ZNF428	C2H2 ZF	SS116	BC02		ZNF428
268	UT380-346	ZNF469	C2H2 ZF	SS116	BC03		ZNF469
269	UT380-351	ZNF474	C2H2 ZF	SS116	BC04		ZNF474
270	UT380-393	ZNF608	C2H2 ZF	SS116	BC05		ZNF608
271	UT380-394	ZNF609	C2H2 ZF	SS116	BC06		ZNF609
272	UT380-421	ZNF688	C2H2 ZF	SS116	BC07		ZNF688
273	UT380-432	ZNF705E	C2H2 ZF	SS116	BC08		ZNF705E
274	UT380-433	ZNF706	C2H2 ZF	SS116	BC09		ZNF706
275	UT380-466	ZNF788	C2H2 ZF	SS116	BC10		ZNF788
276	UT380-469	ZNF804A	C2H2 ZF	SS116	BC11		ZNF804A
277	UT380-477	ZNF831	C2H2 ZF	SS117	BC01		ZNF831
278	UT380-495	ZNF878	C2H2 ZF	SS117	BC02		ZNF878
279	UT380-260	ZC3H8	CCCH ZF	SS117	BC03		ZC3H8
280	UT380-133	NFX1	NFX	SS117	BC04		NFX1
281	UT380-213	THAP10	THAP finger	SS117	BC05		THAP10
282	UT380-214	THAP11	THAP finger	SS117	BC06		THAP11
283	UT380-215	THAP2	THAP finger	SS117	BC07		THAP2
284	UT380-218	THAP5	THAP finger	SS117	BC08		THAP5
285	UT380-219	THAP6	THAP finger	SS117	BC09		THAP6
286	UT380-220	THAP7	THAP finger	SS117	BC10		THAP7
287	UT380-221	THAP8	THAP finger	SS117	BC11		THAP8
288	UT380-165	PURB	Unknown	SS118	BC01		PURB
289	UT380-225	TIGD3	CENPB	SS118	BC02		TIGD3
290	UT380-087	HMG20A	HMG/Sox	SS118	BC03		HMG20A
291	UT380-115	MSANTD4	Myb/SANT	SS118	BC04		MSANTD4
292	UT380-037	CGGBP1	Unknown	SS118	BC05		CGGBP1
293	UT380-138	NME2	Unknown	SS118	BC06		NME2
294	UT380-194	SMYD3	Unknown	SS118	BC07		SMYD3
295	UT380-050	DACH1	#N/A	SS118	BC08		DACH1
296	UT380-051	DACH1	#N/A	SS118	BC09		DACH1
297	UT380-015	AKNA	AT hook	SS118	BC10		AKNA
298	UT380-014	AKNA	AT hook	SS118	BC11		AKNA
299	UT380-149	POGK	Brinker	SS119	BC01		POGK
300	UT380-148	POGK	Brinker	SS119	BC02		POGK
301	UT380-227	TIGD4	CENPB	SS119	BC03		TIGD4
302	UT380-226	TIGD4	CENPB	SS119	BC04		TIGD4
303	UT380-229	TIGD5	CENPB	SS119	BC05		TIGD5
304	UT380-228	TIGD5	CENPB	SS119	BC06		TIGD5
305	UT380-083	GTF2IRD2	GTF2I-like	SS119	BC07		GTF2IRD2
306	UT380-084	GTF2IRD2	GTF2I-like	SS119	BC08		GTF2IRD2
307	UT380-085	GTF2IRD2B	GTF2I-like	SS119	BC09		GTF2IRD2B
308	UT380-086	GTF2IRD2B	GTF2I-like	SS119	BC10		GTF2IRD2B
309	UT380-004	ADNP	Homeodomain	SS119	BC11		ADNP
310	UT380-006	ADNP2	Homeodomain	SS120	BC01		ADNP2
311	UT380-108	MBD4	MBD	SS120	BC02		MBD4
312	UT380-109	MBD4	MBD	SS120	BC03		MBD4
313	UT380-188	SETDB2	MBD	SS120	BC04		SETDB2
314	UT380-189	SETDB2	MBD	SS120	BC05		SETDB2
315	UT380-123	MYSM1	Myb/SANT	SS120	BC06		MYSM1
316	UT380-124	MYSM1	Myb/SANT	SS120	BC07		MYSM1
317	UT380-209	TERB1	Myb/SANT	SS120	BC08		TERB1
318	UT380-208	TERB1	Myb/SANT	SS120	BC09		TERB1
319	UT380-239	TTF1	Myb/SANT	SS120	BC10		TTF1
320	UT380-240	TTF1	Myb/SANT	SS120	BC11		TTF1
321	UT380-121	MYRFL	Ndt80/PhoG	S121	BC01		MYRFL
322	UT380-122	MYRFL	Ndt80/PhoG	S121	BC02		MYRFL
323	UT380-043	CSRNP1	Unknown	S121	BC03		CSRNP1
324	UT380-044	CSRNP1	Unknown	S121	BC04		CSRNP1
325	UT380-045	CSRNP2	Unknown	S121	BC05		CSRNP2
326	UT380-046	CSRNP2	Unknown	S121	BC06	CGGATTCGAA 	CSRNP2
327	UT380-047	CSRNP3	Unknown	S121	BC07		CSRNP3
328	UT380-053	DACH2	Unknown	S121	BC08		DACH2
329	UT380-054	DACH2	Unknown	S121	BC09		DACH2
330	UT380-136	NKRF	Unknown	S121	BC10		NKRF
331	UT380-137	NKRF	Unknown	S121	BC11		NKRF
332	UT380-285	ZNF107	C2H2 ZF	S130	BC01		ZNF107
333	UT380-284	ZNF107	C2H2 ZF	S130	BC02		ZNF107
334	UT380-286	ZNF107	C2H2 ZF	S130	BC03		ZNF107
335	UT380-354	ZNF493	C2H2 ZF	S130	BC04		ZNF493
336	UT380-353	ZNF493	C2H2 ZF	S130	BC05		ZNF493
337	UT380-355	ZNF493	C2H2 ZF	S130	BC06	CGGATTCGAA 	ZNF493
338	UT380-298	ZNF208	C2H2 ZF	S130	BC07		ZNF208
339	UT380-296	ZNF208	C2H2 ZF	S130	BC08		ZNF208
340	UT380-297	ZNF208	C2H2 ZF	S130	BC09		ZNF208
341	UT380-342	ZNF43	C2H2 ZF	S130	BC10		ZNF43
342	UT380-343	ZNF43	C2H2 ZF	S130	BC11		ZNF43
343	UT380-344	ZNF43	C2H2 ZF	S130	BC12		ZNF43
344	UT380-278	ZHX3	Homeodomain	S132	BC01		ZHX3
345	UT380-135	NFXL1	NFX	S132	BC02		NFXL1
346	UT380-198	SP100	SAND	S132	BC03		SP100
347	UT380-202	SP140	SAND	S132	BC04		SP140
348	UT380-204	SP140L	SAND	S132	BC05		SP140L
349	UT380-029	CASZ1	C2H2 ZF	S132	BC06	CGGATTCGAA 	CASZ1
350	UT380-096	KAT7	C2H2 ZF	S132	BC07		KAT7
351	UT380-092	JAZF1	C2H2 ZF	S132	BC08		JAZF1
352	UT380-070	FIZ1	C2H2 ZF	S132	BC09		FIZ1
353	UT380-065	FAM170A	C2H2 ZF	S132	BC10		FAM170A
354	UT380-063	EEA1	C2H2 ZF	S132	BC11		EEA1
355	UT380-062	DZIP1	C2H2 ZF	S132	BC12		DZIP1
356	UT380-078	GLYR1	AT hook	S129	BC01		GLYR1
357	UT380-365	ZNF516	C2H2 ZF	S129	BC03		ZNF516
358	UT380-357	ZNF500	C2H2 ZF	S129	BC04		ZNF500
359	UT380-356	ZNF497	C2H2 ZF	S129	BC05		ZNF497
360	UT380-201	SP110	SAND	S129	BC07		SP110
361	UT380-200	SP110	SAND	S129	BC08		SP110
362	UT380-197	SOHLH1	bHLH	S129	BC09		SOHLH1
363	UT380-173	RFX8	RFX	S129	BC11		RFX8
364	UT380-362	ZNF507	C2H2 ZF	S128	BC01		ZNF507
365	UT380-360	ZNF507	C2H2 ZF	S128	BC02		ZNF507
366	UT380-175	RLF	C2H2 ZF	S128	BC03		RLF
367	UT380-174	RLF	C2H2 ZF	S128	BC04		RLF
368	UT380-257	ZBTB5	C2H2 ZF	S128	BC05		ZBTB5
369	UT380-256	ZBTB5	C2H2 ZF	S128	BC06	CGGATTCGAA 	ZBTB5
370	UT380-181	SALL3	C2H2 ZF	S128	BC07		SALL3
371	UT380-180	SALL3	C2H2 ZF	S128	BC08		SALL3
372	UT380-363	ZNF510	C2H2 ZF	S128	BC09		ZNF510
373	UT380-364	ZNF510	C2H2 ZF	S128	BC10		ZNF510
374	UT380-327	ZNF347	C2H2 ZF	S128	BC11		ZNF347
375	UT380-195	SNAPC2	Unknown	S127	BC01		SNAPC2
376	UT380-196	SNAPC5	Unknown	S127	BC02		SNAPC5
377	UT380-211	TET2	Unknown	S127	BC03		TET2
378	UT380-224	THYN1	Unknown	S127	BC04		THYN1
379	UT380-232	TMF1	Unknown	S127	BC05		TMF1
380	UT380-030	CBX2	#N/A	S127	BC06	CGGATTCGAA 	CBX2
381	UT380-088	HMGA1	AT hook	S127	BC07		HMGA1
382	UT380-112	MECP2	MBD; AT hook	S127	BC08		MECP2
383	UT380-116	MTERF1	mTERF	S127	BC09		MTERF1
384	UT380-207	TCF20	Unknown	S127	BC10		TCF20
385	UT380-368	ZNF526	C2H2 ZF	S127	BC11		ZNF526
386	UT380-131	NCOA2	bHLH	S123	BC01		NCOA2
387	UT380-026	CAMTA1	CG-1	S123	BC03		CAMTA1
388	UT380-027	CAMTA2	CG-1	S123	BC04		CAMTA2
389	UT380-089	HMGN3	HMG/Sox	S123	BC05		HMGN3
390	UT380-129	NANOGNB	Homeodomain	S123	BC06	CGGATTCGAA 	NANOGNB
391	UT380-151	POU5F2	Homeodomain; POU	S123	BC07		POU5F2
392	UT380-091	HSFX2	HSF	S123	BC08		HSFX2
393	UT380-114	MSANTD1	MADF	S123	BC09		MSANTD1
394	UT380-107	MBD3	MBD	S123	BC10		MBD3
395	UT380-110	MBD6	MBD	S123	BC11		MBD6
396	UT380-179	SAFB2	Unknown	S122	BC01		SAFB2
397	UT380-258	ZBTB8A	C2H2 ZF	SS115	BC01		ZBTB8A
398	UT380-259	ZBTB8B	C2H2 ZF	SS115	BC02		ZBTB8B
399	UT380-283	ZMAT4	C2H2 ZF	SS115	BC03		ZMAT4
400	UT380-295	ZNF207	C2H2 ZF	SS115	BC04		ZNF207
401	UT380-308	ZNF234	C2H2 ZF	SS115	BC05		ZNF234
402	UT380-320	ZNF318	C2H2 ZF	SS115	BC06	CGGATTCGAA 	ZNF318
403	UT380-326	ZNF346	C2H2 ZF	SS115	BC07		ZNF346
404	UT380-332	ZNF365	C2H2 ZF	SS115	BC08		ZNF365
405	UT380-333	ZNF367	C2H2 ZF	SS115	BC09		ZNF367
406	UT380-335	ZNF385B	C2H2 ZF	SS115	BC11		ZNF385B
407	UT380-505	ZSCAN18	C2H2 ZF	SS111	BC01		ZSCAN18
408	UT380-504	ZSCAN18	C2H2 ZF	SS111	BC02		ZSCAN18
409	UT380-510	ZUFSP	C2H2 ZF	SS111	BC03		ZUFSP
410	UT380-222	THAP9	THAP finger	SS111	BC07		THAP9
411	UT380-223	THAP9	THAP finger	SS111	BC08		THAP9
412	UT380-025	C11orf95	BED ZF	SS111	BC09		C11orf95
413	UT380-111	MBNL2	CCCH ZF	SS111	BC10		MBNL2
414	UT380-049	CXXC4	CxxC	SS111	BC11		CXXC4
415	UT380-456	ZNF750	C2H2 ZF	SS110	BC01		ZNF750
416	UT380-455	ZNF750	C2H2 ZF	SS110	BC02		ZNF750
417	UT380-484	ZNF844	C2H2 ZF	SS110	BC03		ZNF844
418	UT380-485	ZNF844	C2H2 ZF	SS110	BC04		ZNF844
419	UT380-490	ZNF850	C2H2 ZF	SS110	BC05		ZNF850
420	UT380-489	ZNF850	C2H2 ZF	SS110	BC06		ZNF850
421	UT380-496	ZNF888	C2H2 ZF	SS110	BC11		ZNF888
422	UT380-101	L3MBTL4	C2H2 ZF	SS107	BC01		L3MBTL4
423	UT380-102	L3MBTL4	C2H2 ZF	SS107	BC02		L3MBTL4
424	UT380-163	PRMT3	C2H2 ZF	SS107	BC03		PRMT3
425	UT380-164	PRMT3	C2H2 ZF	SS107	BC04		PRMT3
426	UT380-169	RBSN	C2H2 ZF	SS107	BC05		RBSN
427	UT380-170	RBSN	C2H2 ZF	SS107	BC06		RBSN
428	UT380-236	TRAFD1	C2H2 ZF	SS107	BC07		TRAFD1
429	UT380-303	ZNF229	C2H2 ZF	SS107	BC09		ZNF229
430	UT380-312	ZNF280B	C2H2 ZF	SS107	BC10		ZNF280B
431	UT380-313	ZNF280B	C2H2 ZF	SS107	BC11		ZNF280B
432	UT380-009	AHCTF1.DBD	AT hook	SS140	BC01		AHCTF1
433	UT380-012	AKAP8L.DBD	C2H2 ZF	SS140	BC02		AKAP8L
434	UT380-055	DMRTB1.FL	DM	SS140	BC03		DMRTB1
435	UT380-064	ELF3.FL	Ets; AT hook	SS140	BC04		ELF3
436	UT380-242	ZBED2.FL	BED ZF	SS140	BC05		ZBED2
437	UT380-287	ZNF131.DBD	C2H2 ZF	SS140	BC06	CGGATTCGAA 	ZNF131
438	UT380-331	ZNF362.FL	C2H2 ZF	SS140	BC07		ZNF362
439	UT380-230	TIGD7.DBD	CENPB	SS140	BC08		TIGD7
440	UT380-153	PRDM10.DBD	C2H2 ZF	SS140	BC09		PRDM10
441	UT380-268	ZFPM2.DBD	C2H2 ZF	SS140	BC10		ZFPM2
442	UT380-288	ZNF131.FL	C2H2 ZF	SS140	BC11		ZNF131
444	UT380-291	ZNF142.DBD.2	C2H2 ZF	SS141	BC01		ZNF142
445	UT380-262	ZFAT.DBD.1	C2H2 ZF	SS141	BC02		ZFAT
446	UT380-516	ZXDC	C2H2 ZF	SS141	BC03		ZXDC
447	UT380-373	ZNF536	C2H2 ZF	SS141	BC04		ZNF536
448	UT380-372	ZNF536	C2H2 ZF	SS141	BC05		ZNF536
449	UT380-389	ZNF598	C2H2 ZF	SS141	BC06	CGGATTCGAA 	ZNF598
450	UT380-461	ZNF775	C2H2 ZF	SS141	BC07		ZNF775
451	UT380-380	ZNF57	C2H2 ZF	SS141	BC08		ZNF57
452	UT380-415	ZNF676	C2H2 ZF	SS141	BC09		ZNF676
453	UT380-495	ZNF878	C2H2 ZF	SS141	BC10		ZNF878
454	UT380-194	SMYD3	Unknown	SS141	BC11		SMYD3
455	UT380-226	TIGD4	CENPB	SS141	BC12		TIGD4
456	UT380-356	ZNF497	C2H2 ZF	SS142	BC01		ZNF497
457	UT380-175	RLF	C2H2 ZF	SS142	BC02		RLF
458	UT380-174	RLF	C2H2 ZF	SS142	BC03		RLF
459	UT380-257	ZBTB5	C2H2 ZF	SS142	BC04		ZBTB5
460	UT380-364	ZNF510	C2H2 ZF	SS142	BC05		ZNF510
461	UT380-232	TMF1	Unknown	SS142	BC06	CGGATTCGAA 	TMF1
462	UT380-368	ZNF526	C2H2 ZF	SS142	BC07		ZNF526
463	UT380-107	MBD3	MBD	SS142	BC08		MBD3
464	UT380-110	MBD6	MBD	SS142	BC09		MBD6
465	UT380-179	SAFB2	Unknown	SS142	BC10		SAFB2
466	UT380-326	ZNF346	C2H2 ZF	SS142	BC11		ZNF346
467	UT380-332	ZNF365	C2H2 ZF	SS142	BC12		ZNF365
468	UT380-335	ZNF385B	C2H2 ZF	SS143	BC01		ZNF385B
469	UT380-510	ZUFSP	C2H2 ZF	SS143	BC02		ZUFSP
470	UT380-485	ZNF844	C2H2 ZF	SS143	BC03		ZNF844
471	UT380-296	ZNF208	C2H2 ZF	SS143	BC04		ZNF208
472	UT380-512	ZXDA	C2H2 ZF	SS143	BC05		ZXDA
473	UT380-158	PRDM5.DBD	C2H2 ZF	SS143	BC06	CGGATTCGAA 	PRDM5
474	UT380-077	GLYR1.DBD	AT hook	SS143	BC07		GLYR1
475	UT380-223	THAP9	THAP finger	SS143	BC08		THAP9
476	UT380-264	ZFP91.DBD	C2H2 ZF	SS143	BC09		ZFP91
477	UT380-286	ZNF107	C2H2 ZF	SS143	BC10		ZNF107
478	UT380-065	FAM170A	C2H2 ZF	SS143	BC11		FAM170A
479	UT380-078	GLYR1	AT hook	SS143	BC12		GLYR1
480	UT380-265	ZFP91.FL	C2H2 ZF	SS144	BC01		ZFP91
481	UT380-053	DACH2	Unknown	SS144	BC02		DACH2
482	UT380-342	ZNF43.DBD.1	C2H2 ZF	SS144	BC03		ZNF43
483	UT380-127	NACC2.DBD	Unknown	SS144	BC04		NACC2
484	UT380-185	SETBP1.DBD.1	AT hook	SS144	BC05		SETBP1
485	UT380-331	ZNF362.FL	C2H2 ZF	SS144	BC06		ZNF362
486	UT380-063	EEA1	C2H2 ZF	SS144	BC07		EEA1
487	UT380-343	ZNF43.DBD.2	C2H2 ZF	SS144	BC08		ZNF43
488	UT380-499	ZNF91	C2H2 ZF	SS144	BC09		ZNF91
489	UT380-468	ZNF800	C2H2 ZF	SS144	BC10		ZNF800
490	UT380-159	PRDM5.FL	C2H2 ZF	SS144	BC11		PRDM5
491	UT380-245	ZBED5.DBD	BED ZF	SS144	BC12		ZBED5
