tf	experiment_type	dataset
AC092835	CHS	THC_0191
AC092835	CHS	THC_0199
AHCTF1	PBM	PBM13497
AHCTF1	PBM	PBM13513
ATMIN	CHS	THC_0236
ATMIN	CHS	THC_0244
BATF2	CHS	THC_0117
BATF2	CHS	THC_0118
BATF2	HTS-LYS	YWL_A_GG40NTAGTTT
BATF2	AFS-LYS	YWL_B_AffSeq_F3_BATF2
BHLHA9	CHS	THC_0190
BHLHA9	CHS	THC_0198
CAMTA1	CHS	THC_0249
CAMTA1	SMS	UT380-026
CAMTA1	HTS-LYS	YWK_A_TA40NAGGCTT
CAMTA1	AFS-LYS	YWK_B_AffSeq_G3_CAMTA1
CAMTA1	HTS-LYS	YWK_C_TA40NAGGCTT
CAMTA1	AFS-LYS	YWK_D_AffSeq_G3_CAMTA1
CAMTA1	HTS-GFPIVT	YWM_A_AG40NTGGCTA
CAMTA1	AFS-GFPIVT	YWM_B_AffSeq_B4_CAMTA1-DBD
CAMTA2	CHS	THC_0232
CAMTA2	SMS	UT380-027
CAMTA2	HTS-LYS	YWL_A_TA40NTCACTC
CAMTA2	AFS-LYS	YWL_B_AffSeq_G2_CAMTA2
CASZ1	SMS	UT380-028
CASZ1	SMS	UT380-029-2
CASZ1	HTS-IVT	YWF_A_CG40NGTTATT
CASZ1	AFS-IVT	YWF_B_AffSeq_D01_CASZ1
CASZ1	HTS-LYS	YWK_A_AG40NGGAATC
CASZ1	AFS-LYS	YWK_B_AffSeq_B3_CASZ1
CASZ1	HTS-LYS	YWK_C_AG40NGGAATC
CASZ1	AFS-LYS	YWK_D_AffSeq_B3_CASZ1
CASZ1	HTS-GFPIVT	YWM_A_CT40NCGGAGA
CASZ1	AFS-GFPIVT	YWM_B_AffSeq_D4_CASZ1-DBD-1
CGGBP1	PBM	PBM13543
CGGBP1	PBM	PBM13559
CGGBP1	CHS	THC_0635
CGGBP1	SMS	UT380-037
CGGBP1	HTS-LYS	YWL_A_CC40NCGTTTT
CGGBP1	AFS-LYS	YWL_B_AffSeq_C11_CGGBP1
CGGBP1	AFS-GFPIVT	YWM_B_AffSeq_E5_CGGBP1-FL
ZNF578	CHS	THC_0466
PRDM5	CHS	THC_0361.Rep-DIANA_0293
PRDM5	CHS	THC_0361.Rep-MICHELLE_0314
CREB3L3	PBM	PBM13564
CREB3L3	PBM	PBM13580
CREB3L3	CHS	THC_0565
CREB3L3	SMS	UT380-042
CREB3L3	HTS-IVT	YWC_B_GA40NGGTCAT
CREB3L3	HTS-GFPIVT	YWM_A_AG40NCTTTTC
CREB3L3	AFS-GFPIVT	YWM_B_AffSeq_B6_CREB3L3-FL
CREB3L3	HTS-LYS	YWN_A_GG40NGGTTTA
CREB3L3	AFS-LYS	YWN_B_AffSeq_F2_CREB3L3
CREB3L3	HTS-LYS	YWO_A_GG40NGGTTTA
CREB3L3	AFS-LYS	YWO_B_AffSeq_F2_CREB3L3
CTCF	SMS	SRR3405078
CTCF	CHS	THC_0201
CTCF	CHS	THC_0209
CTCF	CHS	THC_0313.Rep-DIANA_0293
CTCF	CHS	THC_0313.Rep-MICHELLE_0314
CTCF	CHS	THC_0456.Rep-DIANA_0293
CTCF	CHS	THC_0456.Rep-MICHELLE_0314
CTCF	CHS	THC_0575
CTCF	CHS	THC_0744
CTCF	CHS	THC_0865
CTCF	CHS	THC_0867
CTCF	HTS-LYS	YWG_A_AT40NAGCCTC
CTCF	HTS-LYS	YWK_A_TC40NTTCCGG
CTCF	AFS-LYS	YWK_B_AffSeq_G9_CTCF
CTCF	HTS-LYS	YWK_C_TC40NTTCCGG
CTCF	AFS-LYS	YWK_D_AffSeq_G9_CTCF
CTCF	HTS-LYS	YWL_A_TG40NCTGTGG
CTCF	AFS-LYS	YWL_B_AffSeq_H8_CTCF
CTCF	HTS-LYS	YWN_A_AA40NCCAGTG
CTCF	AFS-LYS	YWN_B_AffSeq_A5_CTCF
CTCF	HTS-LYS	YWO_A_AA40NCCAGTG
CTCF	AFS-LYS	YWO_B_AffSeq_A5_CTCF
CXXC4	PBM	PBM13570
CXXC4	PBM	PBM13586
CXXC4	PBM	PBM13920
CXXC4	PBM	PBM13936
CXXC4	CHS	THC_0235
CXXC4	CHS	THC_0243
CXXC4	SMS	UT380-049
CXXC4	HTS-IVT	YWC_B_AA40NGTGGTC
CXXC4	HTS-IVT	YWC_B_TG40NTGATCT
CXXC4	HTS-LYS	YWK_A_GG40NTAGTTT
CXXC4	AFS-LYS	YWK_B_AffSeq_F3_CXXC4
CXXC4	HTS-LYS	YWK_C_GG40NTAGTTT
CXXC4	AFS-LYS	YWK_D_AffSeq_F3_CXXC4
CXXC4	HTS-GFPIVT	YWM_A_AC40NGTATGA
CXXC4	AFS-GFPIVT	YWM_B_AffSeq_A7_CXXC4-FL
DACH1	HTS-LYS	YWN_A_TG40NTGTGTT
DACH1	HTS-GFPIVT	YWM_A_CC40NTGAGTA
DACH1	HTS-LYS	YWO_A_TG40NTGTGTT
DACH2	HTS-IVT	YWJ_A_GT40NGGCATT
DACH2	HTS-GFPIVT	YWM_A_GC40NTCTCTT
DMTF1	PBM	PBM13662
DMTF1	PBM	PBM13678
DMTF1	CHS	THC_0709
DMTF1	CHS	THC_0805
DMTF1	SMS	UT380-056-2
DMTF1	SMS	UT380-057
DMTF1	HTS-LYS	YWL_A_AC40NTCCTTG
DMTF1	AFS-LYS	YWL_B_AffSeq_A12_DMTF1
DMTF1	HTS-GFPIVT	YWM_A_AC40NGTTCGA
DMTF1	AFS-GFPIVT	YWM_B_AffSeq_A8_DMTF1-FL
DNTTIP1	CHS	THC_0087
DNTTIP1	CHS	THC_0152
DNTTIP1	HTS-LYS	YWD_A_GG40NTAGTTT
DNTTIP1	AFS-LYS	YWD_B_AffSeq_F03_DNTTIP1
DNTTIP1	HTS-GFPIVT	YWM_A_AT40NTCCCGA
ELF3	CHS	THC_0187
ELF3	CHS	THC_0195
ELF3	SMS	UT380-064
ELF3	HTS-LYS	YWD_A_AG40NTCGACT
ELF3	AFS-LYS	YWD_B_AffSeq_B01_ELF3
ELF3	HTS-GFPIVT	YWM_A_TG40NCTGTGG
ELF3	AFS-GFPIVT	YWM_B_AffSeq_H8_ELF3-FL
FAM200B	HTS-IVT	YWC_A_TC40NACGGGA
FAM200B	HTS-GFPIVT	YWM_A_CC40NGACATG
FAM200B	PBM	PBM13691
FAM200B	PBM	PBM13707
FAM200B	CHS	THC_0886
FAM200B	CHS	THC_0887
FAM200B	SMS	UT380-066-1
FAM200B	SMS	UT380-066-2
FAM200B	HTS-GFPIVT	YWM_A_AT40NAGCCTC
FAM200B	AFS-GFPIVT	YWM_B_AffSeq_B9_FAM200B-DBD
FBXL19	PBM	PBM13921
FBXL19	PBM	PBM13937
FBXL19	CHS	THC_0240
FBXL19	CHS	THC_0248
FBXL19	SMS	UT380-068-1
FBXL19	SMS	UT380-068-2
FBXL19	HTS-IVT	YWC_B_AG40NTGGCTA
FBXL19	HTS-LYS	YWL_A_GG40NGGTTTA
FBXL19	AFS-LYS	YWL_B_AffSeq_F2_FBXL19
FBXL19	HTS-GFPIVT	YWQ_A_TG40NCATATG
FIZ1	CHS	THC_0662
FIZ1	CHS	THC_0758
FIZ1	SMS	UT380-070-2
FIZ1	HTS-LYS	YWK_A_TC40NGCGATT
FIZ1	AFS-LYS	YWK_B_AffSeq_G8_FIZ1
FIZ1	HTS-LYS	YWK_C_TC40NGCGATT
FIZ1	AFS-LYS	YWK_D_AffSeq_G8_FIZ1
FLI1	PBM	PBM14335
FLI1	PBM	PBM14351
FLI1	CHS	THC_0868
FLI1	CHS	THC_0870
FLI1	HTS-IVT	YWC_B_AC40NGCTGCT
FLI1	AFS-IVT	YWC_C_AffSeq_A09_FLI1
FLI1	HTS-IVT	YWF_A_AT40NCCTTGG
FLI1	AFS-IVT	YWF_B_AffSeq_B12_FLI1
FLI1	HTS-LYS	YWL_A_GT40NGAAGTA
FLI1	AFS-LYS	YWL_B_AffSeq_F8_FLI1
FLI1	HTS-LYS	YWN_A_GT40NCATTCT
FLI1	AFS-LYS	YWN_B_AffSeq_F10_FLI1
FLI1	HTS-LYS	YWO_A_GT40NCATTCT
FLI1	AFS-LYS	YWO_B_AffSeq_F10_FLI1
FLYWCH1	AFS-LYS	YWK_D_AffSeq_D6_FLYWCH1
FLYWCH1	PBM	PBM13940
FLYWCH1	CHS	THC_0335.Rep-DIANA_0293
FLYWCH1	CHS	THC_0335.Rep-MICHELLE_0314
FLYWCH1	CHS	THC_0390.Rep-DIANA_0293
FLYWCH1	CHS	THC_0390.Rep-MICHELLE_0314
FLYWCH1	AFS-LYS	YWK_B_AffSeq_D6_FLYWCH1
FLYWCH1	HTS-GFPIVT	YWM_A_TC40NTTCCGG
FLYWCH1	AFS-GFPIVT	YWM_B_AffSeq_G9_FLYWCH1-FL
FOSL2	PBM	PBM14331
FOSL2	PBM	PBM14347
FOSL2	SMS	SRR3405112
FOSL2	CHS	THC_0523
FOSL2	CHS	THC_0619
FOSL2	HTS-IVT	YWF_A_TT40NTAGCAG
FOSL2	HTS-LYS	YWL_A_TG40NGACCTT
FOSL2	AFS-LYS	YWL_B_AffSeq_H5_FOSL2
GABPA	AFS-IVT	YWE_B_AffSeq_C12_GABPA
GABPA	PBM	PBM14336
GABPA	PBM	PBM14352
GABPA	CHS	THC_0864
GABPA	CHS	THC_0866
GABPA	HTS-IVT	YWE_A_CG40NAATAGC
GABPA	HTS-LYS	YWL_A_TC40NGCGATT
GABPA	AFS-LYS	YWL_B_AffSeq_G8_GABPA
GATAD2A	HTS-GFPIVT	YWM_A_TG40NCCATTT
GATAD2A	AFS-GFPIVT	YWM_B_AffSeq_H9_GATAD2A-DBD
GCM1	PBM	PBM14343
GCM1	PBM	PBM14359
GCM1	SMS	SRR3405056
GCM1	CHS	THC_0525
GCM1	CHS	THC_0621
GCM1	HTS-IVT	YWF_A_TA40NGTTAGC
GCM1	AFS-IVT	YWF_B_AffSeq_F12_GCM1
GCM1	HTS-LYS	YWK_A_TC40NTAAGTG
GCM1	AFS-LYS	YWK_B_AffSeq_G12_GCM1
GCM1	HTS-LYS	YWK_C_TC40NTAAGTG
GCM1	AFS-LYS	YWK_D_AffSeq_G12_GCM1
GLI4	AFS-LYS	AATA_AffSeq_D5_GLI4
GLI4	HTS-LYS	AAT_A_CT40NCTACTT
GLI4	CHS	SI0368
GLYR1	PBM	PBM13625
GLYR1	PBM	PBM13626
GLYR1	PBM	PBM13641
GLYR1	PBM	PBM13642
GLYR1	PBM	PBM14681
GLYR1	PBM	PBM14697
GRHL3	PBM	PBM13630
GRHL3	PBM	PBM13646
GRHL3	HTS-IVT	YWC_B_AG40NGCTCTG
GTF2IRD2	CHS	THC_0420.Rep-MICHELLE_0314
GTF2IRD2	HTS-LYS	YWK_A_GT40NGTTCTC
GTF2IRD2	HTS-LYS	YWK_C_GT40NGTTCTC
HMG20A	PBM	PBM13631
HMG20A	PBM	PBM13632
HMG20A	PBM	PBM13647
HMG20A	PBM	PBM13976
HMG20A	HTS-GFPIVT	YWQ_A_TC40NAATCTC
HMGA1	HTS-GFPIVT	YWP_A_GA40NCTGATT
JRK	PBM	PBM13698
JRK	PBM	PBM13714
JRK	PBM	PBM13932
JRK	CHS	THC_0239
JRK	CHS	THC_0247
JRK	CHS	THC_0437.Rep-DIANA_0293
JRK	CHS	THC_0437.Rep-MICHELLE_0314
JRK	HTS-IVT	YWC_B_CA40NAGCGTA
JRK	HTS-LYS	YWK_A_TG40NTGATCT
JRK	AFS-LYS	YWK_B_AffSeq_H3_JRK
JRK	HTS-LYS	YWK_C_TG40NTGATCT
JRK	AFS-LYS	YWK_D_AffSeq_H3_JRK
JRK	HTS-GFPIVT	YWQ_A_GT40NGTTCTC
JRK	HTS-GFPIVT	YWQ_A_TA40NCGTCGG
JRK	AFS-GFPIVT	YWQ_B_AffSeq_F6_JRK-FL
JRK	AFS-GFPIVT	YWQ_B_AffSeq_G1_JRK-DBD
JUN	PBM	PBM14341
JUN	PBM	PBM14357
JUN	SMS	SRR3405057
JUN	CHS	THC_0869
JUN	CHS	THC_0871
JUNB	PBM	PBM14329
JUNB	PBM	PBM14345
JUNB	CHS	THC_0715
JUNB	CHS	THC_0811
KDM2A	PBM	PBM13922
KDM2A	PBM	PBM13938
KDM2A	CHS	THC_0319.Rep-DIANA_0293
KDM2A	CHS	THC_0319.Rep-MICHELLE_0314
KDM2A	CHS	THC_0461.Rep-DIANA_0293
KDM2A	CHS	THC_0461.Rep-MICHELLE_0314
KDM2A	HTS-LYS	YWD_A_TA40NGCTGTA
KDM2A	AFS-LYS	YWD_B_AffSeq_G06_KDM2A
KDM2A	HTS-GFPIVT	YWP_A_AA40NAGTGGT
LEF1	PBM	PBM14333
LEF1	PBM	PBM14349
LEF1	SMS	SRR3405063
LEF1	CHS	THC_0722
LEF1	CHS	THC_0818
LEF1	HTS-IVT	YWF_A_AC40NTCCTTG
LEF1	AFS-IVT	YWF_B_AffSeq_A12_LEF1
LEF1	HTS-LYS	YWL_A_AT40NAGCCTC
LEF1	AFS-LYS	YWL_B_AffSeq_B9_LEF1
LEUTX	PBM	PBM13704
LEUTX	PBM	PBM13720
LEUTX	PBM	PBM14307
LEUTX	PBM	PBM14323
LEUTX	CHS	THC_0312.Rep-DIANA_0293
LEUTX	CHS	THC_0312.Rep-MICHELLE_0314
LEUTX	CHS	THC_0455.Rep-DIANA_0293
LEUTX	CHS	THC_0455.Rep-MICHELLE_0314
LEUTX	HTS-LYS	YWK_A_AT40NGAGAGG
LEUTX	AFS-LYS	YWK_B_AffSeq_B7_LEUTX
LEUTX	HTS-LYS	YWK_C_AT40NGAGAGG
LEUTX	AFS-LYS	YWK_D_AffSeq_B7_LEUTX
LEUTX	HTS-GFPIVT	YWP_A_TG40NTGATCT
LEUTX	AFS-GFPIVT	YWP_B_AffSeq_H3_LEUTX-FL
LHX6	PBM	PBM14332
LHX6	PBM	PBM14348
LHX6	SMS	SRR3405064
LHX6	CHS	THC_0524
LHX6	CHS	THC_0620
MAX	CHS	THC_0816
MAX	PBM	PBM14301
MAX	PBM	PBM14317
MAX	SMS	SRR3405065
MAX	CHS	THC_0720
MAX	HTS-IVT	YWE_A_CT40NTACGTT
MAX	AFS-IVT	YWE_B_AffSeq_D11_MAX
MAX	HTS-LYS	YWL_A_AT40NTCCCGA
MAX	AFS-LYS	YWL_B_AffSeq_B8_MAX
MAX	HTS-LYS	YWN_A_TG40NGACCTT
MAX	AFS-LYS	YWN_B_AffSeq_H5_MAX
MAX	HTS-LYS	YWO_A_TG40NGACCTT
MAX	AFS-LYS	YWO_B_AffSeq_H5_MAX
MBD1	PBM	PBM13971
MBD1	PBM	PBM13955
MBD1	CHS	THC_0856
MBD1	SMS	UT380-105-2
MBD1	HTS-GFPIVT	YWP_A_AA40NGTGGTG
MBD1	HTS-GFPIVT	YWQ_A_TG40NTGATCT
MBD3	CHS	THC_0706
MBD3	CHS	THC_0802
MBNL2	PBM	PBM13913
MBNL2	PBM	PBM13929
MGA	CHS	THC_0819
MGA	HTS-LYS	YWN_A_TG40NTGATCT
MGA	AFS-LYS	YWN_B_AffSeq_H3_MGA-FL
MGA	HTS-LYS	YWO_A_TG40NTGATCT
MGA	AFS-LYS	YWO_B_AffSeq_H3_MGA-FL
MKX	PBM	PBM13673
MKX	PBM	PBM13657
MKX	CHS	THC_0320.Rep-DIANA_0293
MKX	CHS	THC_0320.Rep-MICHELLE_0314
MKX	CHS	THC_0462.Rep-DIANA_0293
MKX	CHS	THC_0462.Rep-MICHELLE_0314
MKX	SMS	UT380-113
MKX	HTS-IVT	YWC_B_GT40NGGCATT
MKX	HTS-IVT	YWF_A_CC40NTGAGTA
MKX	HTS-LYS	YWK_A_CC40NTGAGTA
MKX	AFS-LYS	YWK_B_AffSeq_C7_MKX
MKX	HTS-LYS	YWK_C_CC40NTGAGTA
MKX	AFS-LYS	YWK_D_AffSeq_C7_MKX
MKX	HTS-GFPIVT	YWP_A_TA40NTCACTC
MSANTD1	PBM	PBM13661
MSANTD1	PBM	PBM13677
MSANTD1	CHS	THC_0514
MSANTD1	CHS	THC_0610
MSANTD1	SMS	UT380-114
MSANTD1	HTS-IVT	YWC_B_AA40NGTGGTG
MSANTD1	AFS-IVT	YWC_C_AffSeq_A06_MSANTD1
MSANTD1	HTS-LYS	YWL_A_TG40NTGTGTT
MSANTD1	AFS-LYS	YWL_B_AffSeq_H6_MSANTD1
MSANTD1	HTS-GFPIVT	YWQ_A_GT40NGAAGTA
MSANTD4	PBM	PBM13663
MSANTD4	PBM	PBM13679
MSANTD4	SMS	UT380-115
MSANTD4	HTS-LYS	YWL_A_AT40NCCTTGG
MSANTD4	AFS-LYS	YWL_B_AffSeq_B12_MSANTD4
MSANTD4	HTS-GFPIVT	YWQ_A_CT40NCGGAGA
MSANTD4	AFS-GFPIVT	YWQ_B_AffSeq_D4_MSANTD4-FL
MYF6	PBM	PBM14361
MYF6	PBM	PBM14377
MYF6	CHS	THC_0721
MYF6	CHS	THC_0817
MYF6	HTS-IVT	YWF_A_GC40NCACTTC
MYF6	HTS-LYS	YWK_A_AT40NCCTTGG
MYF6	AFS-LYS	YWK_B_AffSeq_B12_MYF6
MYF6	HTS-LYS	YWK_C_AT40NCCTTGG
MYF6	AFS-LYS	YWK_D_AffSeq_B12_MYF6
MYPOP	PBM	PBM13664
MYPOP	PBM	PBM13680
MYPOP	CHS	THC_0710
MYPOP	CHS	THC_0806
MYPOP	HTS-IVT	YWC_B_GC40NTATAGG
MYPOP	AFS-IVT	YWC_C_AffSeq_E06_MYPOP
MYPOP	HTS-IVT	YWF_A_TC40NTGCATA
MYPOP	AFS-IVT	YWF_B_AffSeq_G07_MYPOP
MYPOP	HTS-LYS	YWN_A_CC40NTGAGTA
MYPOP	AFS-LYS	YWN_B_AffSeq_C7_MYPOP-FL
MYPOP	HTS-LYS	YWO_A_CC40NTGAGTA
MYPOP	AFS-LYS	YWO_B_AffSeq_C7_MYPOP-FL
MYPOP	HTS-GFPIVT	YWP_A_GC40NCACTTC
MYPOP	AFS-GFPIVT	YWP_B_AffSeq_E11_MYPOP-FL
TTF1	CHS	THC_0808
MYSM1	CHS	THC_0519
MYSM1	CHS	THC_0615
MYT1	HTS-IVT	YWH_A_GA40NGAGCTG
MYT1	HTS-IVT	YWH_A_GT40NACGATC
MYT1	AFS-IVT	YWH_B_AffSeq_E04_MYT1_DBD_1
MYT1	AFS-IVT	YWH_B_AffSeq_F04_MYT1_DBD_2
MYT1	HTS-LYS	YWK_A_TG40NCTGTGG
MYT1	AFS-LYS	YWK_B_AffSeq_H8_MYT1
MYT1	HTS-LYS	YWK_C_TG40NCTGTGG
MYT1	AFS-LYS	YWK_D_AffSeq_H8_MYT1
MYT1	HTS-GFPIVT	YWP_A_CA40NAGCGTA
MYT1	AFS-GFPIVT	YWP_B_AffSeq_C3_MYT1-DBD1
MYT1	HTS-GFPIVT	YWQ_A_GA40NTTCCTA
MYT1	AFS-GFPIVT	YWQ_B_AffSeq_E3_MYT1-DBD2
NACC2	AFS-LYS	YWD_B_AffSeq_E02_NACC2
NACC2	PBM	PBM13725
NACC2	PBM	PBM13741
NACC2	CHS	THC_0131
NACC2	CHS	THC_0171
NACC2	CHS	THC_0179
NACC2	SMS	UT380-127-2
NACC2	SMS	UT380-127-3
NACC2	HTS-IVT	YWC_B_TG40NTGTGTT
NACC2	HTS-LYS	YWD_A_GA40NGGTCAT
NACC2	HTS-IVT	YWF_A_GC40NCTTGTA
NACC2	HTS-GFPIVT	YWM_A_AC40NTGTTAC
NACC2	AFS-GFPIVT	YWM_B_AffSeq_A11_NACC2-DBD
NFKB1	SMS	SRR3405069
NFKB1	CHS	THC_0528
NFKB1	CHS	THC_0624
NFKB1	HTS-IVT	YWF_A_TT40NCTCGTC
NFKB1	AFS-IVT	YWF_B_AffSeq_H12_NFKB1
NFKB1	HTS-LYS	YWL_A_AC40NGCTGCT
NFKB1	AFS-LYS	YWL_B_AffSeq_A9_NFKB1
NR1H4	PBM	PBM14355
NR1H4	CHS	THC_0527
NR1H4	CHS	THC_0623
NR1H4	HTS-IVT	YWF_A_GA40NTGTATC
NR1H4	HTS-LYS	YWL_A_GC40NTATAGG
NR1H4	AFS-LYS	YWL_B_AffSeq_E6_NR1H4
NR4A2	PBM	PBM14344
NR4A2	PBM	PBM14360
NR4A2	SMS	SRR3405072
NR4A2	HTS-IVT	YWE_A_TC40NTAAGTG
PAX7	PBM	PBM14340
PAX7	PBM	PBM14356
PAX7	SMS	SRR3405074
PAX7	CHS	THC_0719
PAX7	CHS	THC_0815
PAX7	HTS-IVT	YWE_A_GG40NGTGAGA
PAX7	HTS-LYS	YWK_A_AC40NGATGTT
PAX7	AFS-LYS	YWK_B_AffSeq_A10_PAX7
PAX7	HTS-LYS	YWK_C_AC40NGATGTT
PAX7	AFS-LYS	YWK_D_AffSeq_A10_PAX7
PHF21A	PBM	PBM13820
PHF21A	PBM	PBM13836
POGK	SMS	UT380-149
POGK	HTS-IVT	YWF_A_AG40NTCGACT
POGK	HTS-LYS	YWK_A_TA40NCGTCGG
POU5F1	PBM	PBM14330
POU5F1	HTS-GFPIVT	YWM_A_CC40NCGTTTT
POU5F1	SMS	SRR3405073
POU5F1	SMS	UT380-150
POU5F1	HTS-IVT	YWE_A_TC40NACGGGA
POU5F1	AFS-GFPIVT	YWM_B_AffSeq_C11_POU5F1-FL
PRDM10	CHS	THC_0222
PRDM10	CHS	THC_0230
PRDM10	SMS	UT380-153
PRDM10	HTS-LYS	YWK_A_GA40NCTGATT
PRDM10	HTS-LYS	YWK_C_GA40NCTGATT
PRDM10	HTS-GFPIVT	YWP_A_CT40NTCTAGT
PRDM10	AFS-GFPIVT	YWP_B_AffSeq_D5_PRDM10-DBD
PRDM13	CHS	THC_0223
PRDM13	CHS	THC_0231
PRDM13	SMS	UT380-154
PRDM13	HTS-IVT	YWH_A_AG40NGCTCTG
PRDM13	AFS-IVT	YWH_B_AffSeq_B05_PRDM13_DBD
PRDM13	HTS-LYS	YWK_A_GG40NCGTAGT
PRDM13	AFS-LYS	YWK_B_AffSeq_F1_PRDM13
PRDM13	HTS-LYS	YWK_C_GG40NCGTAGT
PRDM13	AFS-LYS	YWK_D_AffSeq_F1_PRDM13
PRDM13	HTS-GFPIVT	YWP_A_CG40NAATAGC
PRDM13	AFS-GFPIVT	YWP_B_AffSeq_C12_PRDM13-DBD
PRDM13	HTS-GFPIVT	YWQ_A_TC40NGCGATT
PRDM13	AFS-GFPIVT	YWQ_B_AffSeq_G8_PRDM13-FL
PRDM5	CHS	THC_0307.Rep-DIANA_0293
PRDM5	CHS	THC_0307.Rep-MICHELLE_0314
PRDM5	CHS	THC_0904
PRDM5	SMS	UT380-158
PRDM5	SMS	UT380-158-2
PRDM5	HTS-LYS	YWK_A_AG40NTCGACT
PRDM5	AFS-LYS	YWK_B_AffSeq_B1_PRDM5
PRDM5	HTS-LYS	YWK_C_AG40NTCGACT
PRDM5	AFS-LYS	YWK_D_AffSeq_B1_PRDM5
PRDM5	HTS-GFPIVT	YWQ_A_AT40NCCTTGG
PRDM5	HTS-GFPIVT	YWQ_A_GT40NTGTGGA
PRDM5	AFS-GFPIVT	YWQ_B_AffSeq_B12_PRDM5-DBD
PRDM5	AFS-GFPIVT	YWQ_B_AffSeq_F7_PRDM5-FL
PURB	PBM	PBM13748
PURB	PBM	PBM14308
PURB	PBM	PBM14324
PURB	PBM	PBM14454
RARA	PBM	PBM14338
RARA	PBM	PBM14354
RARA	SMS	SRR3405076
RARA	HTS-IVT	YWE_A_GA40NTGTATC
RARA	AFS-IVT	YWE_B_AffSeq_D12_RARA
RARA	HTS-LYS	YWK_A_TG40NCCATTT
RARA	AFS-LYS	YWK_B_AffSeq_H9_RARA
RARA	HTS-LYS	YWK_C_TG40NCCATTT
RARA	AFS-LYS	YWK_D_AffSeq_H9_RARA
RFX5	CHS	THC_0085
RFX5	CHS	THC_0121
RFX5	HTS-GFPIVT	YWP_A_TC40NTAAGTG
RFX5	AFS-GFPIVT	YWP_B_AffSeq_G12_RFX5-FL
RLF	CHS	THC_0339.Rep-DIANA_0293
RLF	CHS	THC_0339.Rep-MICHELLE_0314
RLF	SMS	UT380-175-2
RLF	HTS-IVT	YWH_A_TG40NGACCTT
RLF	AFS-IVT	YWH_B_AffSeq_H05_RLF_DBD_2
RLF	HTS-GFPIVT	YWP_A_AG40NGGAATC
RLF	AFS-GFPIVT	YWP_B_AffSeq_B3_RLF-DBD2
RORB	PBM	PBM14337
RORB	PBM	PBM14353
RORB	SMS	SRR3405080
RORB	CHS	THC_0813
RORB	HTS-IVT	YWF_A_CG40NAATAGC
RORB	AFS-IVT	YWF_B_AffSeq_C12_RORB
RORB	HTS-LYS	YWL_A_CA40NGCCTTT
RORB	AFS-LYS	YWL_B_AffSeq_C6_RORB
RXRA	PBM	PBM14305
RXRA	PBM	PBM14321
RXRA	SMS	SRR3405082
RXRA	HTS-IVT	YWC_A_TT40NCTCGTC
RXRA	HTS-IVT	YWE_A_TT40NTAGCAG
RXRA	AFS-IVT	YWE_B_AffSeq_H11_RXRA
RXRA	HTS-LYS	YWL_A_CT40NTTGCGC
RXRA	AFS-LYS	YWL_B_AffSeq_D6_RXRA
SALL3	CHS	THC_0314.Rep-DIANA_0293
SALL3	CHS	THC_0314.Rep-MICHELLE_0314
SALL3	HTS-IVT	YWE_A_AG40NACCATA
SALL3	AFS-IVT	YWE_B_AffSeq_B02_SALL3
SALL3	HTS-IVT	YWF_A_AG40NACCATA
SALL3	AFS-IVT	YWF_B_AffSeq_B02_SALL3
SALL3	HTS-LYS	YWK_A_AA40NTATCGC
SALL3	HTS-LYS	YWK_A_TG40NTGTGTT
SALL3	AFS-LYS	YWK_B_AffSeq_A1_SALL3
SALL3	AFS-LYS	YWK_B_AffSeq_H6_SALL3
SALL3	HTS-LYS	YWK_C_AA40NTATCGC
SALL3	HTS-LYS	YWK_C_TG40NTGTGTT
SALL3	AFS-LYS	YWK_D_AffSeq_A1_SALL3
SALL3	AFS-LYS	YWK_D_AffSeq_H6_SALL3
SALL3	HTS-GFPIVT	YWP_A_AT40NTCTGTC
SALL3	AFS-GFPIVT	YWP_B_AffSeq_B10_SALL3-DBD2
SALL3	HTS-GFPIVT	YWQ_A_CA40NGCCTTT
SALL3	AFS-GFPIVT	YWQ_B_AffSeq_C6_SALL3-DBD1
SETBP1	PBM	PBM13822
SETBP1	PBM	PBM13838
SETBP1	PBM	PBM13840
SLC2A4RG	CHS	THC_0322.Rep-DIANA_0293
SLC2A4RG	CHS	THC_0322.Rep-MICHELLE_0314
SLC2A4RG	CHS	THC_0355.Rep-DIANA_0293
SLC2A4RG	CHS	THC_0355.Rep-MICHELLE_0314
SLC2A4RG	HTS-IVT	YWF_A_CA40NTGCCGT
SLC2A4RG	AFS-IVT	YWF_B_AffSeq_C02_SLC2A4RG
SLC2A4RG	HTS-LYS	YWL_A_AA40NTATCGC
SLC2A4RG	AFS-LYS	YWL_B_AffSeq_A1_SLC2A4RG
SLC2A4RG	HTS-GFPIVT	YWP_A_CT40NGCGCTA
SLC2A4RG	AFS-GFPIVT	YWP_B_AffSeq_D7_SLC2A4RG-FL
SNAI1	HTS-IVT	AATB_A_AG40NTCGACT
SNAI1	AFS-IVT	AATBA_AffSeq_B9_SNAI1
SOX15	PBM	PBM14303
SOX15	PBM	PBM14319
SOX15	CHS	THC_0522
SOX15	CHS	THC_0618
SOX15	HTS-IVT	YWE_A_GC40NCACTTC
SOX15	HTS-LYS	YWK_A_CT40NCTACTT
SOX15	AFS-LYS	YWK_B_AffSeq_D9_SOX15
SOX15	HTS-LYS	YWK_C_CT40NCTACTT
SOX15	AFS-LYS	YWK_D_AffSeq_D9_SOX15
SOX15	HTS-LYS	YWN_A_AA40NAGTGGT
SOX15	HTS-LYS	YWO_A_AA40NAGTGGT
SOX15	AFS-LYS	YWO_B_AffSeq_A3_SOX15
SOX2	PBM	PBM14362
SOX2	PBM	PBM14378
SOX2	SMS	SRR3405086
SOX2	CHS	THC_0714
SOX2	CHS	THC_0810
SOX2	HTS-IVT	YWE_A_GT40NGCGTGT
SOX2	AFS-IVT	YWE_B_AffSeq_F11_SOX2
SOX2	HTS-IVT	YWH_A_GT40NGCGTGT
SOX2	AFS-IVT	YWH_B_AffSeq_F11_SOX2
SOX2	HTS-LYS	YWL_A_TA40NGAGGGT
SOX2	AFS-LYS	YWL_B_AffSeq_G5_SOX2
SOX2	HTS-LYS	YWN_A_CA40NTGCCGT
SOX2	AFS-LYS	YWN_B_AffSeq_C2_SOX2
SOX2	HTS-LYS	YWO_A_CA40NTGCCGT
SOX2	AFS-LYS	YWO_B_AffSeq_C2_SOX2
SOX5	PBM	PBM14434
SOX5	PBM	PBM14450
SOX5	SMS	SRR3405087
SOX5	HTS-IVT	YWF_A_TC40NTAAGTG
SP100	CHS	THC_0713
SP100	CHS	THC_0809
SP100	SMS	UT380-198-2
SP100	HTS-GFPIVT	YWP_A_CT40NTTGCGC
SP100	AFS-GFPIVT	YWP_B_AffSeq_D6_SP100-DBD
SP140	PBM	PBM13762
SP140	PBM	PBM13778
SP140	PBM	PBM13957
SP140	PBM	PBM13973
SP140	CHS	THC_0193
SP140	SMS	UT380-202-2
SP140	HTS-GFPIVT	YWQ_A_TA40NTCACTC
SP140	HTS-GFPIVT	YWQ_A_TC40NTAAGTG
SP140	AFS-GFPIVT	YWQ_B_AffSeq_G2_SP140-DBD
SP140L	HTS-LYS	YWN_A_GT40NTTGGTG
SP140L	HTS-LYS	YWO_A_GT40NTTGGTG
SP140L	AFS-GFPIVT	YWP_B_AffSeq_H5_SP140L-FL
SP140L	PBM	PBM13763
SP140L	PBM	PBM13779
SP140L	CHS	THC_0072
SP140L	CHS	THC_0090
SP140L	SMS	UT380-204-2
SP140L	HTS-IVT	YWC_B_GT40NTGTGGA
SP140L	HTS-IVT	YWJ_A_CC40NCCAATA
SP140L	HTS-GFPIVT	YWP_A_GT40NGTTCTC
SP140L	HTS-GFPIVT	YWP_A_TG40NGACCTT
SP140L	AFS-GFPIVT	YWP_B_AffSeq_F6_SP140L-DBD
SRY	PBM	PBM14302
SRY	PBM	PBM14318
SRY	SMS	SRR3405090
SRY	SMS	SRR3405091
SRY	CHS	THC_0529
SRY	CHS	THC_0625
SRY	HTS-IVT	YWF_A_CT40NTACGTT
SRY	AFS-IVT	YWF_B_AffSeq_D11_SRY
SRY	HTS-IVT	YWI_A_CT40NTACGTT
SRY	AFS-IVT	YWI_B_AffSeq_D11_SRY
SRY	HTS-LYS	YWL_A_CC40NCCAATA
SRY	HTS-LYS	YWN_A_AC40NGTTCGA
SRY	HTS-LYS	YWO_A_AC40NGTTCGA
TCF20	PBM	PBM13756
TCF20	PBM	PBM13772
TERF1	PBM	PBM13881
TERF1	PBM	PBM13882
TERF1	PBM	PBM13898
TERF1	CHS	THC_0711
TERF1	CHS	THC_0807
TERF1	HTS-LYS	YWN_A_CA40NAGCGTA
TERF1	AFS-LYS	YWN_B_AffSeq_C3_TERF1-FL
TERF1	HTS-LYS	YWO_A_CA40NAGCGTA
TERF1	AFS-LYS	YWO_B_AffSeq_C3_TERF1-FL
TET3	PBM	PBM13923
TET3	PBM	PBM13939
TET3	CHS	THC_0703
TET3	CHS	THC_0799
TET3	SMS	UT380-212-2
TET3	HTS-IVT	YWC_B_CT40NCGGAGA
TET3	HTS-GFPIVT	YWM_A_CT40NTACGTT
TET3	AFS-GFPIVT	YWM_B_AffSeq_D11_TET3-DBD
TET3	HTS-LYS	YWN_A_TC40NGTTTTG
TET3	AFS-LYS	YWN_B_AffSeq_H2_TET3
TET3	HTS-LYS	YWO_A_TC40NGTTTTG
TET3	AFS-LYS	YWO_B_AffSeq_H2_TET3
TFE3	SMS	SRR3405093
TFE3	SMS	SRR3405094
TIGD3	PBM	PBM13917
TIGD3	PBM	PBM13699
TIGD3	PBM	PBM13715
TIGD3	PBM	PBM13933
TIGD3	PBM	PBM14311
TIGD3	CHS	THC_0104
TIGD3	CHS	THC_0146
TIGD3	CHS	THC_0282
TIGD3	SMS	UT380-225
TIGD3	HTS-LYS	YWN_A_GC40NCACTTC
TIGD3	AFS-LYS	YWN_B_AffSeq_E11_TIGD3-FL
TIGD3	HTS-LYS	YWO_A_GC40NCACTTC
TIGD3	AFS-LYS	YWO_B_AffSeq_E11_TIGD3-FL
TIGD3	HTS-GFPIVT	YWQ_A_AA40NAGTGGT
TIGD5	CHS	THC_0071
TIGD5	CHS	THC_0113
TIGD4	SMS	UT380-226
TIGD4	SMS	UT380-226-2
TIGD4	SMS	UT380-227
TIGD4	HTS-IVT	YWF_A_AT40NGAGAGG
TIGD4	HTS-GFPIVT	YWM_A_GC40NCACTTC
TIGD4	AFS-GFPIVT	YWM_B_AffSeq_E11_TIGD4-DBD
TIGD5	HTS-LYS	YWN_A_GC40NATTTGC
TIGD5	AFS-LYS	YWN_B_AffSeq_E10_TIGD4
TIGD5	HTS-LYS	YWO_A_GC40NATTTGC
TIGD5	AFS-LYS	YWO_B_AffSeq_E10_TIGD4
TIGD4	HTS-GFPIVT	YWQ_A_CT40NTGTCTG
TIGD5	SMS	UT380-228
TIGD5	SMS	UT380-229
TIGD5	HTS-IVT	YWI_A_TT40NTAGCAG
TIGD5	AFS-IVT	YWI_B_AffSeq_H11_TIGD5_DBD
TIGD5	HTS-GFPIVT	YWM_A_GT40NGCGTGT
TIGD5	AFS-GFPIVT	YWM_B_AffSeq_F11_TIGD5-DBD
TIGD4	HTS-LYS	YWN_A_GT40NGCGTGT
TIGD4	AFS-LYS	YWN_B_AffSeq_F11_TIGD5-FL
TIGD4	HTS-LYS	YWO_A_GT40NGCGTGT
TIGD4	AFS-LYS	YWO_B_AffSeq_F11_TIGD5-FL
TIGD5	HTS-GFPIVT	YWQ_A_CT40NGTTGGG
TIGD5	AFS-GFPIVT	YWQ_B_AffSeq_D10_TIGD5-FL
TIGD7	PBM	PBM13701
TIGD7	PBM	PBM13717
TIGD7	PBM	PBM13919
TIGD7	PBM	PBM13935
TIGD7	SMS	UT380-230-2
TIGD7	HTS-IVT	YWC_B_TA40NAGGCTT
TIGD7	HTS-GFPIVT	YWP_A_TC40NGCGATT
TIGD7	AFS-GFPIVT	YWP_B_AffSeq_G8_TIGD7-FL
TIGD7	HTS-GFPIVT	YWQ_A_TC40NTGCATA
TIGD7	AFS-GFPIVT	YWQ_B_AffSeq_G7_TIGD7-DBD
TPRX1	PBM	PBM13944
TPRX1	PBM	PBM13659
TPRX1	PBM	PBM13675
TPRX1	CHS	THC_0336.Rep-DIANA_0293
TPRX1	CHS	THC_0336.Rep-MICHELLE_0314
TPRX1	CHS	THC_0391.Rep-DIANA_0293
TPRX1	CHS	THC_0391.Rep-MICHELLE_0314
TPRX1	SMS	UT380-233-1
TPRX1	SMS	UT380-233-2
TPRX1	HTS-IVT	YWC_B_TG40NGACCTT
TPRX1	HTS-LYS	YWL_A_CT40NCGGAGA
TPRX1	AFS-LYS	YWL_B_AffSeq_D4_TPRX1
TPRX1	HTS-GFPIVT	YWM_A_TC40NACGGGA
TPRX1	AFS-GFPIVT	YWM_B_AffSeq_G11_TPRX1-DBD
TPRX1	HTS-GFPIVT	YWP_A_AG40NTGGCTA
TPRX1	AFS-GFPIVT	YWP_B_AffSeq_B4_TPRX1-FL
TSHZ2	HTS-IVT	YWH_A_AG40NCTTTTC
TSHZ2	AFS-IVT	YWH_B_AffSeq_B06_TSHZ2_DBD_2
MYRFL	AFS-LYS	YWO_B_AffSeq_D5_TTF1
TTF1	HTS-GFPIVT	YWP_A_GG40NCGTAGT
MYRFL	CHS	THC_0520
MYRFL	CHS	THC_0616
MYRFL	HTS-LYS	YWN_A_CT40NTCTAGT
MYRFL	AFS-LYS	YWN_B_AffSeq_D5_TTF1
MYRFL	HTS-LYS	YWO_A_CT40NTCTAGT
USF3	PBM	PBM13832
USF3	PBM	PBM13848
USF3	CHS	THC_0661
USF3	CHS	THC_0757
USF3	SMS	UT380-241
USF3	HTS-IVT	YWC_B_CG40NACGGTT
USF3	HTS-LYS	YWL_A_TC40NAATCTC
USF3	AFS-LYS	YWL_B_AffSeq_G10_USF3
USF3	HTS-GFPIVT	YWP_A_GT40NTTGGTG
USF3	AFS-GFPIVT	YWP_B_AffSeq_F9_USF3-DBD
VDR	PBM	PBM14334
VDR	PBM	PBM14350
VDR	SMS	SRR3405095
VDR	CHS	THC_0716
VDR	CHS	THC_0812
VDR	HTS-IVT	YWE_A_AT40NCCTTGG
VDR	AFS-IVT	YWE_B_AffSeq_B12_VDR
VDR	HTS-IVT	YWH_A_AT40NCCTTGG
VDR	AFS-IVT	YWH_B_AffSeq_B12_VDR
VDR	HTS-LYS	YWK_A_GT40NTTGGTG
VDR	AFS-LYS	YWK_B_AffSeq_F9_VDR
VDR	HTS-LYS	YWK_C_GT40NTTGGTG
VDR	AFS-LYS	YWK_D_AffSeq_F9_VDR
YY1	PBM	PBM14342
YY1	PBM	PBM14358
YY1	SMS	SRR3405097
YY1	SMS	SRR3405098
YY1	CHS	THC_0080
YY1	CHS	THC_0177
YY1	CHS	THC_0253
YY1	CHS	THC_0261
YY1	CHS	THC_0305.Rep-DIANA_0293
YY1	CHS	THC_0305.Rep-MICHELLE_0314
YY1	CHS	THC_0449.Rep-DIANA_0293
YY1	CHS	THC_0449.Rep-MICHELLE_0314
YY1	CHS	THC_0531
YY1	CHS	THC_0544
YY1	CHS	THC_0627
YY1	CHS	THC_0831
YY1	CHS	THC_0878
YY1	HTS-LYS	YWG_A_CG40NACGGTT
YY1	HTS-LYS	YWG_A_CT40NTGTCTG
YY1	HTS-LYS	YWK_A_GG40NGTGAGA
YY1	AFS-LYS	YWK_B_AffSeq_E12_YY1
YY1	HTS-LYS	YWK_C_GG40NGTGAGA
YY1	AFS-LYS	YWK_D_AffSeq_E12_YY1
YY1	HTS-LYS	YWL_A_GC40NCTTGTA
YY1	AFS-LYS	YWL_B_AffSeq_E8_YY1
ZBED2	PBM	PBM13693
ZBED2	PBM	PBM13709
ZBED2	CHS	THC_0101
ZBED2	CHS	THC_0902
ZBED2	SMS	UT380-242
ZBED2	SMS	UT380-242-2
ZBED2	HTS-GFPIVT	YWM_A_TT40NTAGCAG
ZBED2	AFS-GFPIVT	YWM_B_AffSeq_H11_ZBED2-FL
ZBED2	HTS-LYS	YWN_A_TC40NACGGGA
ZBED2	AFS-LYS	YWN_B_AffSeq_G11_ZBED2-FL
ZBED2	HTS-LYS	YWO_A_TC40NACGGGA
ZBED2	AFS-LYS	YWO_B_AffSeq_G11_ZBED2-FL
ZBED4	PBM	PBM13842
ZBED4	PBM	PBM13826
ZBED4	PBM	PBM13975
ZBED4	SMS	UT380-244
ZBED4	HTS-LYS	YWK_A_CG40NTCTTGA
ZBED4	AFS-LYS	YWK_B_AffSeq_D3_ZBED4
ZBED4	HTS-LYS	YWK_C_CG40NTCTTGA
ZBED4	AFS-LYS	YWK_D_AffSeq_D3_ZBED4
ZBED4	AFS-GFPIVT	YWM_B_AffSeq_B12_ZBED4-DBD
ZBED5	SMS	UT380-245-2
ZBED5	SMS	UT380-245-3
ZBED5	HTS-LYS	YWN_A_AA40NTATCGC
ZBED5	AFS-LYS	YWO_B_AffSeq_A1_ZBED5-FL
ZBED5	HTS-GFPIVT	YWQ_A_CG40NGTTATT
ZBED5	PBM	PBM13695
ZBED5	PBM	PBM13711
ZBED5	CHS	THC_0081
ZBED5	CHS	THC_0278
ZBED5	HTS-IVT	YWC_A_GA40NTGTATC
ZBED5	HTS-GFPIVT	YWM_A_CG40NAATAGC
ZBED5	AFS-GFPIVT	YWM_B_AffSeq_C12_ZBED5-DBD
ZBED5	HTS-LYS	YWO_A_AA40NTATCGC
ZBED9	PBM	PBM13696
ZBED9	PBM	PBM13712
ZBED9	CHS	THC_0073
ZBED9	CHS	THC_0116
ZBED9	HTS-LYS	YWD_A_GA40NCTGATT
ZBED9	AFS-LYS	YWD_B_AffSeq_E01_ZBED9
ZBTB24	HTS-GFPIVT	YWQ_A_GC40NTCTCTT
ZBTB24	AFS-GFPIVT	YWQ_B_AffSeq_E7_ZBTB24-FL
ZBTB40	CHS	THC_0149
ZBTB40	CHS	THC_0159
ZBTB40	AFS-LYS	YWD_B_AffSeq_G01_ZBTB40
ZBTB40	HTS-GFPIVT	YWQ_A_GT40NCATTCT
ZBTB40	AFS-GFPIVT	YWQ_B_AffSeq_F10_ZBTB40-DBD
ZBTB41	CHS	THC_0079
ZBTB41	CHS	THC_0155
ZBTB41	HTS-GFPIVT	YWQ_A_AC40NGCTGCT
ZBTB41	AFS-GFPIVT	YWQ_B_AffSeq_A9_ZBTB41-DBD
ZBTB47	CHS	THC_0074
ZBTB47	CHS	THC_0114
ZBTB47	HTS-LYS	YWN_A_AC40NTCCTTG
ZBTB47	AFS-LYS	YWN_B_AffSeq_A12_ZBTB47-FL
ZBTB47	HTS-LYS	YWO_A_AC40NTCCTTG
ZBTB47	AFS-LYS	YWO_B_AffSeq_A12_ZBTB47-FL
ZBTB47	HTS-GFPIVT	YWP_A_GT40NTGTGGA
ZBTB47	AFS-GFPIVT	YWP_B_AffSeq_F7_ZBTB47-FL
ZBTB47	HTS-GFPIVT	YWQ_A_GC40NTATAGG
ZBTB47	AFS-GFPIVT	YWQ_B_AffSeq_E6_ZBTB47-DBD
ZBTB5	SMS	UT380-256
ZBTB5	HTS-GFPIVT	YWQ_A_AT40NGAGAGG
ZBTB5	AFS-GFPIVT	YWQ_B_AffSeq_B7_ZBTB5-DBD
ZBTB8A	CHS	THC_0134
ZBTB8A	CHS	THC_0147
ZBTB8A	CHS	THC_0181
ZBTB8A	SMS	UT380-258
ZBTB8A	HTS-IVT	YWE_A_GG40NGGTTTA
ZBTB8A	HTS-LYS	YWN_A_TT40NTAGCAG
ZBTB8A	AFS-LYS	YWN_B_AffSeq_H11_ZBTB8A-FL
ZBTB8A	HTS-LYS	YWO_A_TT40NTAGCAG
ZBTB8A	AFS-LYS	YWO_B_AffSeq_H11_ZBTB8A-FL
ZBTB8B	CHS	THC_0141
ZBTB8B	SMS	UT380-259
ZBTB8B	HTS-IVT	YWH_A_AC40NGTATGA
ZBTB8B	AFS-IVT	YWH_B_AffSeq_A07_ZBTB8B
ZBTB8B	HTS-LYS	YWN_A_TC40NAATCTC
ZBTB8B	HTS-LYS	YWO_A_TC40NAATCTC
ZFAT	CHS	THC_0330.Rep-DIANA_0293
ZFAT	CHS	THC_0330.Rep-MICHELLE_0314
ZFAT	CHS	THC_0363.Rep-DIANA_0293
ZFAT	CHS	THC_0363.Rep-MICHELLE_0314
ZFAT	SMS	UT380-262-2
ZFAT	HTS-GFPIVT	YWQ_A_AT40NTCTGTC
ZFAT	AFS-GFPIVT	YWQ_B_AffSeq_B10_ZFAT-DBD1
ZFP28	CHS	SI0216
ZFP28	CHS	SI0343
ZFP3	HTS-LYS	AAT_A_GC40NAGAGTT
ZFP3	AFS-LYS	AATA_AffSeq_E5_ZFP3
ZFP3	HTS-IVT	AATB_A_CG40NGTTATT
ZFP3	AFS-IVT	AATBA_AffSeq_D9_ZFP3
ZFP3	CHS	SI0180
ZFP91	SMS	UT380-264
ZFP91	SMS	UT380-264-2
ZFP91	SMS	UT380-265
ZFP91	HTS-GFPIVT	YWQ_A_CA40NCTTTGA
ZFP91	AFS-GFPIVT	YWQ_B_AffSeq_C5_ZFP91-DBD
ZFPM1	SMS	UT380-267
ZFTA	PBM	PBM13825
ZFTA	PBM	PBM13841
ZFTA	CHS	THC_0189
ZFTA	CHS	THC_0197
ZFTA	SMS	UT380-025
ZFTA	AFS-LYS	YWK_B_AffSeq_F2_C11orf95
ZFTA	AFS-LYS	YWK_D_AffSeq_F2_C11orf95
ZFTA	HTS-GFPIVT	YWM_A_AA40NGTGGTC
ZFTA	AFS-GFPIVT	YWM_B_AffSeq_A4_C11orf95-FL
ZGLP1	PBM	PBM13702
ZGLP1	PBM	PBM13718
ZGLP1	PBM	PBM13925
ZGLP1	PBM	PBM13941
ZGLP1	HTS-IVT	YWC_B_AA40NCCAGTG
ZGLP1	HTS-LYS	YWK_A_TA40NGCTGTA
ZGLP1	AFS-LYS	YWK_B_AffSeq_G6_ZGLP1
ZGLP1	HTS-LYS	YWK_C_TA40NGCTGTA
ZGLP1	AFS-LYS	YWK_D_AffSeq_G6_ZGLP1
ZIM3	HTS-LYS	AAT_A_AT40NCGGGTT
ZIM3	AFS-LYS	AATA_AffSeq_B7_ZIM3
ZIM3	CHS	SI0545
ZKSCAN4	AFS-LYS	YWO_B_AffSeq_C1_ZKSCAN4
ZKSCAN4	HTS-IVT	YWF_A_AA40NAGTGGT
ZKSCAN4	HTS-GFPIVT	YWQ_A_AG40NACCATA
ZKSCAN4	HTS-GFPIVT	YWQ_A_GG40NCGTAGT
ZKSCAN4	AFS-GFPIVT	YWQ_B_AffSeq_B2_ZKSCAN4-DBD
ZKSCAN4	AFS-GFPIVT	YWQ_B_AffSeq_F1_ZKSCAN4-FL
ZNF107	SMS	UT380-284-2
ZNF107	CHS	THC_0309.Rep-DIANA_0293
ZNF107	CHS	THC_0309.Rep-MICHELLE_0314
ZNF107	CHS	THC_0370.Rep-DIANA_0293
ZNF107	CHS	THC_0370.Rep-MICHELLE_0314
ZNF107	HTS-GFPIVT	YWP_A_AA40NCCAGTG
ZNF107	HTS-GFPIVT	YWP_A_CG40NACGGTT
ZNF107	AFS-GFPIVT	YWP_B_AffSeq_A5_ZNF107-DBD1
ZNF107	HTS-GFPIVT	YWQ_A_CT40NTTGCGC
ZNF107	AFS-GFPIVT	YWQ_B_AffSeq_D6_ZNF107-DBD2
ZNF121	CHS	SI0218
ZNF121	CHS	SI0266
ZNF131	CHS	THC_0475
ZNF131	CHS	THC_0571
ZNF131	SMS	UT380-287-2
ZNF131	SMS	UT380-288
ZNF131	SMS	UT380-288-2
ZNF131	HTS-IVT	YWH_A_TC40NTGCATA
ZNF131	HTS-LYS	YWL_A_AG40NCTTTTC
ZNF131	AFS-LYS	YWL_B_AffSeq_B6_ZNF131
ZNF131	HTS-GFPIVT	YWP_A_TG40NCCATTT
ZNF131	AFS-GFPIVT	YWP_B_AffSeq_H9_ZNF131-DBD
ZNF131	HTS-GFPIVT	YWQ_A_GA40NGAGCTG
ZNF131	AFS-GFPIVT	YWQ_B_AffSeq_E4_ZNF131-FL
ZNF134	HTS-LYS	AAT_A_AC40NTGTTAC
ZNF134	AFS-LYS	AATA_AffSeq_A7_ZNF134
ZNF134	CHS	SI0427
ZNF14	CHS	THC_0901
ZNF140	CHS	SI0340
ZNF142	CHS	THC_0325.Rep-DIANA_0293
ZNF142	CHS	THC_0325.Rep-MICHELLE_0314
ZNF142	CHS	THC_0379.Rep-DIANA_0293
ZNF142	CHS	THC_0379.Rep-MICHELLE_0314
ZNF142	SMS	UT380-291-2
ZNF142	HTS-GFPIVT	YWP_A_AC40NTGTTAC
ZNF142	HTS-GFPIVT	YWQ_A_AC40NTGTTAC
ZNF142	AFS-GFPIVT	YWQ_B_AffSeq_A11_ZNF142-DBD1
ZNF146	CHS	SI0410
ZNF16	HTS-LYS	AAT_A_TT40NTAGCAG
ZNF16	AFS-LYS	AATA_AffSeq_H7_ZNF16
ZNF160	HTS-GFPIVT	YWP_A_AC40NTCCTTG
ZNF160	AFS-GFPIVT	YWP_B_AffSeq_A12_ZNF160-DBD
ZNF160	HTS-GFPIVT	YWQ_A_CC40NCCAATA
ZNF18	HTS-LYS	AAT_A_GT40NTTGGTG
ZNF18	AFS-LYS	AATA_AffSeq_F5_ZNF18
ZNF18	CHS	SI0563
ZNF20	CHS	THC_0341.Rep-DIANA_0293
ZNF20	CHS	THC_0341.Rep-MICHELLE_0314
ZNF20	CHS	THC_0395.Rep-DIANA_0293
ZNF20	CHS	THC_0395.Rep-MICHELLE_0314
ZNF20	HTS-GFPIVT	YWR_A_AG40NTCGACT
ZNF20	AFS-GFPIVT	YWR_B_AffSeq_B1_ZNF20-FL
ZNF208	SMS	UT380-297-2
ZNF208	SMS	UT380-296-2
ZNF208	SMS	UT380-296-3
ZNF208	HTS-GFPIVT	YWR_A_CA40NTCGATG
ZNF208	HTS-GFPIVT	YWR_A_CG40NGTTATT
ZNF208	HTS-GFPIVT	YWR_A_GA40NCTGATT
ZNF208	AFS-GFPIVT	YWR_B_AffSeq_C1_ZNF208-DBD1
ZNF208	AFS-GFPIVT	YWR_B_AffSeq_D1_ZNF208-DBD2
ZNF208	AFS-GFPIVT	YWR_B_AffSeq_E1_ZNF208-DBD3
ZNF215	CHS	THC_0078
ZNF215	CHS	THC_0119
ZNF215	HTS-GFPIVT	YWR_A_GG40NCGTAGT
ZNF215	AFS-GFPIVT	YWR_B_AffSeq_F1_ZNF215-DBD
ZNF226	CHS	THC_0410.Rep-DIANA_0293
ZNF226	CHS	THC_0410.Rep-MICHELLE_0314
ZNF226	SMS	UT380-302
ZNF226	HTS-GFPIVT	YWR_A_AA40NCCGCGT
ZNF226	HTS-GFPIVT	YWR_A_TC40NGGCTGT
ZNF226	AFS-GFPIVT	YWR_B_AffSeq_A2_ZNF226-FL
ZNF226	AFS-GFPIVT	YWR_B_AffSeq_H1_ZNF226-DBD
ZNF229	HTS-GFPIVT	YWR_A_AG40NACCATA
ZNF229	AFS-GFPIVT	YWR_B_AffSeq_B2_ZNF229-DBD
ZNF233	CHS	THC_0431.Rep-MICHELLE_0314
ZNF233	AFS-GFPIVT	YWR_B_AffSeq_E2_ZNF233-DBD
ZNF233	AFS-GFPIVT	YWR_B_AffSeq_F2_ZNF233-FL
ZNF234	HTS-GFPIVT	YWR_A_TA40NTCACTC
ZNF234	AFS-GFPIVT	YWR_B_AffSeq_G2_ZNF234-FL
ZNF234	CHS	THC_0292.Rep-MICHELLE_0314
ZNF234	CHS	THC_0438.Rep-MICHELLE_0314
ZNF234	CHS	THC_0890
ZNF250	AFS-LYS	AATA_AffSeq_G5_ZNF250
ZNF250	CHS	SI0321
ZNF251	CHS	THC_0300.Rep-DIANA_0293
ZNF251	CHS	THC_0300.Rep-MICHELLE_0314
ZNF251	CHS	THC_0445.Rep-DIANA_0293
ZNF251	CHS	THC_0445.Rep-MICHELLE_0314
ZNF251	SMS	UT380-309
ZNF251	HTS-GFPIVT	YWR_A_AA40NAGTGGT
ZNF251	HTS-GFPIVT	YWR_A_TC40NGTTTTG
ZNF251	AFS-GFPIVT	YWR_B_AffSeq_A3_ZNF251-FL
ZNF251	AFS-GFPIVT	YWR_B_AffSeq_H2_ZNF251-DBD
ZNF260	HTS-LYS	AAT_A_AT40NCCTTGG
ZNF260	AFS-LYS	AATA_AffSeq_B8_ZNF260
ZNF260	CHS	SI0551
ZNF264	AFS-LYS	AATA_AffSeq_C7_ZNF264
ZNF264	CHS	SI0039
ZNF275	HTS-GFPIVT	YWR_A_AG40NGGAATC
ZNF275	AFS-GFPIVT	YWR_B_AffSeq_B3_ZNF275-FL
ZNF286B	CHS	THC_0898
ZNF286B	HTS-GFPIVT	YWR_A_TA40NAGGCTT
ZNF286B	HTS-GFPIVT	YWR_A_TG40NTGATCT
ZNF286B	AFS-GFPIVT	YWR_B_AffSeq_G3_ZNF286B-DBD
ZNF292	CHS	THC_0667
ZNF292	CHS	THC_0763
ZNF292	HTS-IVT	YWH_A_TG40NCCATTT
ZNF292	AFS-IVT	YWH_B_AffSeq_H09_ZNF292_DBD_2
ZNF292	HTS-GFPIVT	YWR_A_AA40NGTGGTC
ZNF292	HTS-GFPIVT	YWR_A_AG40NTGGCTA
ZNF292	AFS-GFPIVT	YWR_B_AffSeq_A4_ZNF292-DBD1
ZNF292	AFS-GFPIVT	YWR_B_AffSeq_B4_ZNF292-DBD2
ZNF30	CHS	SI0241
ZNF30	CHS	SI0254
ZNF30	CHS	SI0587
ZNF317	CHS	SI0336
ZNF317	CHS	SI0581
ZNF322	HTS-LYS	AAT_A_AC40NGATGTT
ZNF322	AFS-LYS	AATA_AffSeq_A6_ZNF322
ZNF322	CHS	SI0289
ZNF335	HTS-GFPIVT	YWR_A_GT40NACGATC
ZNF335	AFS-GFPIVT	YWR_B_AffSeq_E4_ZNF335-DBD1
ZNF335	CHS	THC_0476
ZNF335	CHS	THC_0572
ZNF335	HTS-IVT	YWH_A_CC40NTTGTTA
ZNF335	AFS-IVT	YWH_B_AffSeq_C10_ZNF335_DBD_2
ZNF335	HTS-GFPIVT	YWR_A_GA40NGAGCTG
ZNF335	AFS-GFPIVT	YWR_B_AffSeq_F4_ZNF335-DBD2
ZNF347	CHS	THC_0340.Rep-DIANA_0293
ZNF347	CHS	THC_0340.Rep-MICHELLE_0314
ZNF347	CHS	THC_0396.Rep-DIANA_0293
ZNF347	CHS	THC_0396.Rep-MICHELLE_0314
ZNF347	CHS	THC_0908
ZNF347	SMS	UT380-327
ZNF347	HTS-GFPIVT	YWR_A_TA40NTTTGCG
ZNF347	HTS-GFPIVT	YWR_A_TG40NCATATG
ZNF347	AFS-GFPIVT	YWR_B_AffSeq_G4_ZNF347-DBD
ZNF347	AFS-GFPIVT	YWR_B_AffSeq_H4_ZNF347-FL
ZNF35	HTS-LYS	AAT_A_AC40NTCCTTG
ZNF35	HTS-LYS	AAT_A_TC40NAATCTC
ZNF35	AFS-LYS	AATA_AffSeq_G6_ZNF35
ZNF35	AFS-IVT	AATBA_AffSeq_D11_ZNF35
ZNF35	CHS	SI0227
ZNF358	AFS-LYS	YWK_B_AffSeq_D5_ZNF358
ZNF358	AFS-LYS	YWK_D_AffSeq_D5_ZNF358
ZNF358	HTS-GFPIVT	YWR_A_AA40NCCAGTG
ZNF358	HTS-GFPIVT	YWR_A_AG40NGCTCTG
ZNF358	AFS-GFPIVT	YWR_B_AffSeq_A5_ZNF358-DBD
ZNF358	AFS-GFPIVT	YWR_B_AffSeq_B5_ZNF358-FL
ZNF362	CHS	THC_0364.Rep-DIANA_0293
ZNF362	CHS	THC_0364.Rep-MICHELLE_0314
ZNF362	CHS	THC_0411.Rep-DIANA_0293
ZNF362	CHS	THC_0411.Rep-MICHELLE_0314
ZNF362	SMS	UT380-331
ZNF362	SMS	UT380-331-2
ZNF362	SMS	UT380-331-3
ZNF362	HTS-IVT	YWH_A_GT40NCATTCT
ZNF362	AFS-IVT	YWH_B_AffSeq_F10_ZNF362
ZNF362	HTS-LYS	YWK_A_GA40NACTTTG
ZNF362	AFS-LYS	YWK_B_AffSeq_E5_ZNF362
ZNF362	HTS-LYS	YWK_C_GA40NACTTTG
ZNF362	AFS-LYS	YWK_D_AffSeq_E5_ZNF362
ZNF362	HTS-GFPIVT	YWR_A_CA40NCTTTGA
ZNF362	AFS-GFPIVT	YWR_B_AffSeq_C5_ZNF362-FL
ZNF367	CHS	THC_0045
ZNF367	CHS	THC_0046
ZNF367	SMS	UT380-333
ZNF367	HTS-LYS	YWD_A_TG40NCTGTGG
ZNF367	AFS-LYS	YWD_B_AffSeq_H08_ZNF367
ZNF367	HTS-GFPIVT	YWR_A_GA40NACTTTG
ZNF367	AFS-GFPIVT	YWR_B_AffSeq_E5_ZNF367-FL
ZNF382	CHS	SI0051
ZNF382	CHS	SI0057
ZNF382	CHS	SI0110
ZNF382	CHS	SI0571
ZNF384	HTS-LYS	AAT_A_CT40NTACGTT
ZNF384	AFS-LYS	AATA_AffSeq_D7_ZNF384
ZNF384	CHS	SI0524
ZNF384	HTS-LYS	YWD_A_GT40NGCGTGT
ZNF384	AFS-LYS	YWD_B_AffSeq_F11_ZNF384
ZNF395	CHS	THC_0294.Rep-DIANA_0293
ZNF395	CHS	THC_0294.Rep-MICHELLE_0314
ZNF395	SMS	UT380-337
ZNF395	SMS	UT380-338
ZNF395	HTS-IVT	YWH_A_AT40NCGGGTT
ZNF395	AFS-IVT	YWH_B_AffSeq_B11_ZNF395
ZNF395	HTS-LYS	YWK_A_AA40NGTGGTG
ZNF395	AFS-LYS	YWK_B_AffSeq_A6_ZNF395
ZNF395	HTS-LYS	YWK_C_AA40NGTGGTG
ZNF395	AFS-LYS	YWK_D_AffSeq_A6_ZNF395
ZNF395	HTS-GFPIVT	YWM_A_GG40NGTGAGA
ZNF395	AFS-GFPIVT	YWM_B_AffSeq_E12_ZNF395-DBD
ZNF395	HTS-GFPIVT	YWR_A_TG40NGACCTT
ZNF395	AFS-GFPIVT	YWR_B_AffSeq_H5_ZNF395-FL
ZNF407	CHS	THC_0668
ZNF407	SMS	UT380-340
ZNF407	HTS-IVT	YWF_A_AG40NTGGCTA
ZNF407	HTS-LYS	YWL_A_AC40NTGTTAC
ZNF407	AFS-LYS	YWL_B_AffSeq_A11_ZNF407
ZNF407	HTS-GFPIVT	YWR_A_AA40NGTGGTG
ZNF407	AFS-GFPIVT	YWR_B_AffSeq_A6_ZNF407-DBD
ZNF43	CHS	THC_0573
ZNF43	SMS	UT380-342-2
ZNF43	SMS	UT380-343
ZNF43	HTS-GFPIVT	YWR_A_CA40NGCCTTT
ZNF43	HTS-GFPIVT	YWR_A_CT40NTTGCGC
ZNF43	HTS-GFPIVT	YWR_A_GC40NTATAGG
ZNF43	AFS-GFPIVT	YWR_B_AffSeq_C6_ZNF43-DBD1
ZNF43	AFS-GFPIVT	YWR_B_AffSeq_D6_ZNF43-DBD2
ZNF43	AFS-GFPIVT	YWR_B_AffSeq_E6_ZNF43-FL
ZNF436	AFS-LYS	AATA_AffSeq_E7_ZNF436
ZNF436	AFS-IVT	AATBA_AffSeq_G11_ZNF436
ZNF436	CHS	SI0433
ZNF454	CHS	SI0159
ZNF470	HTS-GFPIVT	YWR_A_AC40NGTATGA
ZNF470	AFS-GFPIVT	YWR_B_AffSeq_A7_ZNF470-FL
ZNF470	CHS	THC_0302.Rep-DIANA_0293
ZNF470	CHS	THC_0302.Rep-MICHELLE_0314
ZNF470	CHS	THC_0446.Rep-DIANA_0293
ZNF470	CHS	THC_0446.Rep-MICHELLE_0314
ZNF470	HTS-GFPIVT	YWR_A_TG40NTGTGTT
ZNF470	AFS-GFPIVT	YWR_B_AffSeq_H6_ZNF470-DBD
ZNF471	HTS-GFPIVT	YWR_A_CC40NTGAGTA
ZNF471	CHS	THC_0310.Rep-DIANA_0293
ZNF471	CHS	THC_0310.Rep-MICHELLE_0314
ZNF471	CHS	THC_0453.Rep-DIANA_0293
ZNF471	CHS	THC_0453.Rep-MICHELLE_0314
ZNF471	CHS	THC_0884
ZNF471	HTS-GFPIVT	YWR_A_AT40NGAGAGG
ZNF471	AFS-GFPIVT	YWR_B_AffSeq_B7_ZNF471-DBD
ZNF471	AFS-GFPIVT	YWR_B_AffSeq_C7_ZNF471-FL
ZNF48	CHS	THC_0326.Rep-DIANA_0293
ZNF48	CHS	THC_0326.Rep-MICHELLE_0314
ZNF48	CHS	THC_0381.Rep-DIANA_0293
ZNF48	CHS	THC_0381.Rep-MICHELLE_0314
ZNF48	HTS-LYS	YWK_A_TC40NTGCATA
ZNF48	AFS-LYS	YWK_B_AffSeq_G7_ZNF48
ZNF48	HTS-LYS	YWK_C_TC40NTGCATA
ZNF48	AFS-LYS	YWK_D_AffSeq_G7_ZNF48
ZNF48	HTS-GFPIVT	YWR_A_GC40NTCTCTT
ZNF48	AFS-GFPIVT	YWR_B_AffSeq_E7_ZNF48-FL
ZNF490	CHS	SI0271
ZNF493	CHS	THC_0334.Rep-DIANA_0293
ZNF493	CHS	THC_0334.Rep-MICHELLE_0314
ZNF493	CHS	THC_0389.Rep-MICHELLE_0314
ZNF493	CHS	THC_0891
ZNF493	SMS	UT380-354
ZNF493	SMS	UT380-354-2
ZNF493	HTS-GFPIVT	YWR_A_TC40NTGCATA
ZNF493	HTS-GFPIVT	YWR_A_TG40NTCTTGC
ZNF493	AFS-GFPIVT	YWR_B_AffSeq_G7_ZNF493-DBD2
ZNF493	AFS-GFPIVT	YWR_B_AffSeq_H7_ZNF493-FL
ZNF497	HTS-GFPIVT	YWR_A_AC40NGTTCGA
ZNF497	AFS-GFPIVT	YWR_B_AffSeq_A8_ZNF497-FL
ZNF500	CHS	THC_0202
ZNF500	CHS	THC_0210
ZNF500	SMS	UT380-357
ZNF500	AFS-LYS	YWK_B_AffSeq_C2_ZNF500
ZNF500	HTS-GFPIVT	YWR_A_AT40NTCCCGA
ZNF500	AFS-GFPIVT	YWR_B_AffSeq_B8_ZNF500-FL
ZNF503	CHS	THC_0203
ZNF503	CHS	THC_0211
ZNF507	SMS	UT380-360
ZNF507	SMS	UT380-362
ZNF510	CHS	THC_0358.Rep-DIANA_0293
ZNF510	CHS	THC_0358.Rep-MICHELLE_0314
ZNF510	CHS	THC_0412.Rep-DIANA_0293
ZNF510	CHS	THC_0412.Rep-MICHELLE_0314
ZNF510	HTS-GFPIVT	YWR_A_AC40NGCTGCT
ZNF510	HTS-GFPIVT	YWR_A_TG40NCTGTGG
ZNF510	AFS-GFPIVT	YWR_B_AffSeq_A9_ZNF510-FL
ZNF510	AFS-GFPIVT	YWR_B_AffSeq_H8_ZNF510-DBD
ZNF516	CHS	THC_0419.Rep-MICHELLE_0314
ZNF516	HTS-GFPIVT	YWR_A_AT40NAGCCTC
ZNF518B	CHS	THC_0669
ZNF518B	CHS	THC_0765
ZNF518B	HTS-LYS	YWN_A_TC40NGGCTGT
ZNF518B	AFS-LYS	YWN_B_AffSeq_H1_ZNF518B
ZNF518B	HTS-LYS	YWO_A_TC40NGGCTGT
ZNF518B	AFS-LYS	YWO_B_AffSeq_H1_ZNF518B
ZNF518B	HTS-GFPIVT	YWR_A_CC40NGACATG
ZNF518B	AFS-GFPIVT	YWR_B_AffSeq_C9_ZNF518B-DBD
ZNF526	HTS-GFPIVT	YWR_A_GC40NAGAGTT
ZNF532	HTS-GFPIVT	YWR_A_TG40NCCATTT
ZNF532	AFS-GFPIVT	YWR_B_AffSeq_H9_ZNF532-DBD2
ZNF536	SMS	UT380-373-2
ZNF536	HTS-IVT	YWI_A_TC40NGGCTGT
ZNF536	SMS	UT380-372
ZNF536	SMS	UT380-372-2
ZNF536	SMS	UT380-373
ZNF536	HTS-IVT	YWI_A_TA40NCGTCGG
ZNF536	AFS-IVT	YWI_B_AffSeq_H01_ZNF536_DBD_2
ZNF536	HTS-GFPIVT	YWR_A_AC40NGATGTT
ZNF536	AFS-GFPIVT	YWR_B_AffSeq_B10_ZNF536-DBD2
ZNF551	CHS	THC_0671
ZNF551	CHS	THC_0767
ZNF551	HTS-GFPIVT	YWR_A_CC40NTTGTTA
ZNF551	AFS-GFPIVT	YWR_B_AffSeq_C10_ZNF551-DBD
ZNF551	AFS-GFPIVT	YWR_B_AffSeq_D10_ZNF551-FL
ZNF568	HTS-GFPIVT	YWR_A_GC40NATTTGC
ZNF568	HTS-GFPIVT	YWR_A_GT40NCATTCT
ZNF568	AFS-GFPIVT	YWR_B_AffSeq_E10_ZNF568-DBD
ZNF568	AFS-GFPIVT	YWR_B_AffSeq_F10_ZNF568-FL
ZNF569	HTS-GFPIVT	YWR_A_TC40NAATCTC
ZNF569	HTS-GFPIVT	YWR_A_TT40NTACAGC
ZNF569	AFS-GFPIVT	YWR_B_AffSeq_G10_ZNF569-DBD
ZNF569	AFS-GFPIVT	YWR_B_AffSeq_H10_ZNF569-FL
ZNF57	CHS	THC_0481
ZNF57	CHS	THC_0577
ZNF57	HTS-GFPIVT	YWR_A_AC40NTGTTAC
ZNF57	AFS-GFPIVT	YWR_B_AffSeq_A11_ZNF57-FL
ZNF575	HTS-GFPIVT	YWR_A_AT40NCGGGTT
ZNF575	CHS	THC_0673
ZNF575	CHS	THC_0769
ZNF575	AFS-GFPIVT	YWR_B_AffSeq_B11_ZNF575-FL
ZNF578	CHS	THC_0482
ZNF582	CHS	SI0233
ZNF582	CHS	SI0327
ZNF587B	HTS-GFPIVT	YWR_A_GC40NCACTTC
ZNF587B	AFS-GFPIVT	YWR_B_AffSeq_E11_ZNF587B-DBD
ZNF596	AFS-LYS	AATA_AffSeq_D8_ZNF596
ZNF596	CHS	SI0474
ZNF606	HTS-GFPIVT	YWR_A_CG40NAATAGC
ZNF606	CHS	THC_0206
ZNF606	CHS	THC_0214
ZNF606	CHS	THC_0905
ZNF606	AFS-GFPIVT	YWR_B_AffSeq_C12_ZNF606-DBD
ZNF606	AFS-GFPIVT	YWR_B_AffSeq_D12_ZNF606-FL
ZNF618	AFS-LYS	YWK_B_AffSeq_H10_ZNF618
ZNF618	AFS-LYS	YWK_D_AffSeq_H10_ZNF618
ZNF623	CHS	THC_0677
ZNF623	CHS	THC_0773
ZNF623	AFS-GFPIVT	YWS_B_AffSeq_A1_ZNF623-FL
ZNF646	CHS	THC_0504
ZNF646	CHS	THC_0600
ZNF646	HTS-IVT	YWF_A_AG40NGCTCTG
ZNF646	AFS-IVT	YWF_B_AffSeq_B05_ZNF646
ZNF646	AFS-IVT	YWI_B_AffSeq_H03_ZNF646_DBD_3
ZNF646	HTS-GFPIVT	YWS_A_GG40NCGTAGT
ZNF646	HTS-GFPIVT	YWS_A_TA40NCGTCGG
ZNF646	HTS-GFPIVT	YWS_A_TC40NGGCTGT
ZNF646	AFS-GFPIVT	YWS_B_AffSeq_F1_ZNF646-DBD1
ZNF646	AFS-GFPIVT	YWS_B_AffSeq_G1_ZNF646-DBD2
ZNF646	AFS-GFPIVT	YWS_B_AffSeq_H1_ZNF646-DBD3
ZNF648	CHS	THC_0679
ZNF648	CHS	THC_0775
ZNF648	SMS	UT380-405
ZNF648	SMS	UT380-406
ZNF648	AFS-LYS	YWL_B_AffSeq_D10_ZNF648
ZNF648	HTS-GFPIVT	YWS_A_AA40NCCGCGT
ZNF648	AFS-GFPIVT	YWS_B_AffSeq_A2_ZNF648-FL
ZNF66	CHS	THC_0680
ZNF66	AFS-GFPIVT	YWS_B_AffSeq_C2_ZNF66-FL
ZNF665	CHS	THC_0489
ZNF665	CHS	THC_0585
ZNF665	HTS-GFPIVT	YWS_A_CG40NACGGTT
ZNF665	HTS-GFPIVT	YWS_A_GA40NGGTCAT
ZNF665	AFS-GFPIVT	YWS_B_AffSeq_D2_ZNF665-DBD
ZNF665	AFS-GFPIVT	YWS_B_AffSeq_E2_ZNF665-FL
ZNF668	HTS-GFPIVT	YWS_A_GG40NGGTTTA
ZNF668	HTS-GFPIVT	YWS_A_TC40NGTTTTG
ZNF668	AFS-GFPIVT	YWS_B_AffSeq_F2_ZNF668-DBD1
ZNF668	AFS-GFPIVT	YWS_B_AffSeq_H2_ZNF668-FL
ZNF672	AFS-LYS	YWK_B_AffSeq_G11_ZNF672
ZNF672	AFS-LYS	YWK_D_AffSeq_G11_ZNF672
ZNF672	CHS	THC_0586
ZNF672	HTS-GFPIVT	YWS_A_AA40NAGTGGT
ZNF672	AFS-GFPIVT	YWS_B_AffSeq_A3_ZNF672-FL
ZNF676	CHS	THC_0778
ZNF676	HTS-GFPIVT	YWS_A_AG40NGGAATC
ZNF676	AFS-GFPIVT	YWS_B_AffSeq_B3_ZNF676-FL
ZNF678	HTS-GFPIVT	YWS_A_CA40NAGCGTA
ZNF678	CHS	THC_0491
ZNF678	AFS-GFPIVT	YWS_B_AffSeq_C3_ZNF678-FL
ZNF683	CHS	THC_0683
ZNF683	CHS	THC_0779
ZNF683	HTS-GFPIVT	YWS_A_GA40NTTCCTA
ZNF683	AFS-GFPIVT	YWS_B_AffSeq_D3_ZNF683-DBD
ZNF683	AFS-GFPIVT	YWS_B_AffSeq_E3_ZNF683-FL
ZNF689	CHS	THC_0493
ZNF689	CHS	THC_0589
ZNF689	HTS-GFPIVT	YWS_A_AA40NGTGGTC
ZNF689	AFS-GFPIVT	YWS_B_AffSeq_A4_ZNF689-FL
ZNF696	CHS	THC_0685
ZNF696	CHS	THC_0781
ZNF696	HTS-GFPIVT	YWS_A_AG40NTGGCTA
ZNF696	AFS-GFPIVT	YWS_B_AffSeq_B4_ZNF696-FL
ZNF699	HTS-GFPIVT	YWS_A_CA40NCATGTC
ZNF699	AFS-GFPIVT	YWS_B_AffSeq_D4_ZNF699-FL
ZNF699	CHS	THC_0494
ZNF699	CHS	THC_0590
ZNF699	AFS-GFPIVT	YWS_B_AffSeq_C4_ZNF699-DBD
ZNF70	HTS-GFPIVT	YWS_A_GA40NGAGCTG
ZNF70	CHS	THC_0686
ZNF70	CHS	THC_0782
ZNF70	AFS-GFPIVT	YWS_B_AffSeq_E4_ZNF70-FL
ZNF700	HTS-GFPIVT	YWS_A_GT40NACGATC
ZNF700	HTS-GFPIVT	YWS_A_TG40NCATATG
ZNF700	CHS	THC_0872
ZNF700	CHS	THC_0873
ZNF700	HTS-GFPIVT	YWS_A_TA40NTTTGCG
ZNF700	AFS-GFPIVT	YWS_B_AffSeq_G4_ZNF700-DBD2
ZNF703	CHS	THC_0495
ZNF705EP	CHS	THC_0687
ZNF705EP	CHS	THC_0783
ZNF708	CHS	SI0419
ZNF709	CHS	THC_0592
ZNF721	CHS	THC_0497
ZNF721	CHS	THC_0593
ZNF721	CHS	THC_0688
ZNF721	CHS	THC_0784
ZNF721	HTS-GFPIVT	YWS_A_AA40NGTGGTG
ZNF721	HTS-GFPIVT	YWS_A_AG40NCTTTTC
ZNF721	HTS-GFPIVT	YWS_A_CA40NGCCTTT
ZNF721	AFS-GFPIVT	YWS_B_AffSeq_A6_ZNF721-DBD1
ZNF721	AFS-GFPIVT	YWS_B_AffSeq_B6_ZNF721-DBD2
ZNF721	AFS-GFPIVT	YWS_B_AffSeq_C6_ZNF721-FL
ZNF724	CHS	THC_0689
ZNF724	CHS	THC_0785
ZNF724	AFS-LYS	YWN_B_AffSeq_A7_ZNF724
ZNF724	AFS-LYS	YWO_B_AffSeq_A7_ZNF724
ZNF724	HTS-GFPIVT	YWS_A_CT40NTTGCGC
ZNF724	HTS-GFPIVT	YWS_A_GC40NTATAGG
ZNF724	AFS-GFPIVT	YWS_B_AffSeq_D6_ZNF724-DBD
ZNF724	AFS-GFPIVT	YWS_B_AffSeq_E6_ZNF724-FL
ZNF726	CHS	THC_0498
ZNF726	CHS	THC_0594
ZNF726	SMS	UT380-444
ZNF726	HTS-GFPIVT	YWS_A_TA40NGCTGTA
ZNF726	HTS-GFPIVT	YWS_A_TG40NTGTGTT
ZNF726	AFS-GFPIVT	YWS_B_AffSeq_G6_ZNF726-DBD2
ZNF726	AFS-GFPIVT	YWS_B_AffSeq_H6_ZNF726-FL
ZNF728	CHS	THC_0690
ZNF728	CHS	THC_0786
ZNF728	HTS-GFPIVT	YWS_A_AC40NGTATGA
ZNF728	HTS-GFPIVT	YWS_A_AT40NGAGAGG
ZNF728	AFS-GFPIVT	YWS_B_AffSeq_A7_ZNF728-DBD
ZNF728	AFS-GFPIVT	YWS_B_AffSeq_B7_ZNF728-FL
ZNF729	HTS-GFPIVT	YWS_A_CT40NGCGCTA
ZNF729	HTS-GFPIVT	YWS_A_GC40NTCTCTT
ZNF729	AFS-GFPIVT	YWS_B_AffSeq_C7_ZNF729-DBD1
ZNF729	AFS-GFPIVT	YWS_B_AffSeq_D7_ZNF729-DBD2
ZNF729	AFS-GFPIVT	YWS_B_AffSeq_E7_ZNF729-DBD3
ZNF732	CHS	THC_0499
ZNF732	CHS	THC_0595
ZNF732	HTS-GFPIVT	YWS_A_GT40NTGTGGA
ZNF732	HTS-GFPIVT	YWS_A_TC40NTGCATA
ZNF732	AFS-GFPIVT	YWS_B_AffSeq_F7_ZNF732-DBD
ZNF732	AFS-GFPIVT	YWS_B_AffSeq_G7_ZNF732-FL
ZNF746	CHS	THC_0691
ZNF746	CHS	THC_0787
ZNF746	HTS-GFPIVT	YWS_A_AC40NGTTCGA
ZNF746	AFS-GFPIVT	YWS_B_AffSeq_A8_ZNF746-FL
ZNF770	HTS-LYS	AAT_A_GG40NGTGAGA
ZNF770	AFS-LYS	AATA_AffSeq_E8_ZNF770
ZNF770	CHS	SI0212
ZNF772	CHS	THC_0692
ZNF772	CHS	THC_0788
ZNF772	AFS-GFPIVT	YWS_B_AffSeq_E8_ZNF772-FL
ZNF773	CHS	THC_0501
ZNF773	CHS	THC_0597
ZNF773	AFS-GFPIVT	YWS_B_AffSeq_F8_ZNF773-FL
ZNF775	CHS	THC_0693
ZNF775	CHS	THC_0789
ZNF775	HTS-GFPIVT	YWS_A_TC40NGCGATT
ZNF775	AFS-GFPIVT	YWS_B_AffSeq_G8_ZNF775-FL
ZNF780B	CHS	THC_0502
ZNF780B	CHS	THC_0598
ZNF780B	SMS	UT380-462
ZNF780B	HTS-GFPIVT	YWS_A_AT40NAGCCTC
ZNF780B	HTS-GFPIVT	YWS_A_TG40NCTGTGG
ZNF780B	AFS-GFPIVT	YWS_B_AffSeq_B9_ZNF780B-FL
ZNF780B	AFS-GFPIVT	YWS_B_AffSeq_H8_ZNF780B-DBD1
ZNF788P	HTS-GFPIVT	YWS_A_CT40NCTACTT
ZNF8	HTS-IVT	AATB_A_TA40NTTTGCG
ZNF8	CHS	SI0496
ZNF800	HTS-LYS	YWO_A_TC40NGCGATT
ZNF800	AFS-LYS	YWO_B_AffSeq_G8_ZNF800-FL
ZNF800	CHS	THC_0505
ZNF800	CHS	THC_0601
ZNF800	HTS-GFPIVT	YWS_A_GC40NAGAGTT
ZNF800	HTS-GFPIVT	YWS_A_GT40NTTGGTG
ZNF800	AFS-GFPIVT	YWS_B_AffSeq_E9_ZNF800-DBD
ZNF800	AFS-GFPIVT	YWS_B_AffSeq_F9_ZNF800-FL
ZNF813	HTS-GFPIVT	YWS_A_AC40NGATGTT
ZNF813	HTS-GFPIVT	YWS_A_TG40NCCATTT
ZNF813	AFS-GFPIVT	YWS_B_AffSeq_A10_ZNF813-FL
ZNF813	AFS-GFPIVT	YWS_B_AffSeq_H9_ZNF813-DBD
ZNF814	CHS	THC_0506
ZNF814	HTS-GFPIVT	YWS_A_AT40NTCTGTC
ZNF814	AFS-GFPIVT	YWS_B_AffSeq_B10_ZNF814-DBD
ZNF814	AFS-GFPIVT	YWS_B_AffSeq_C10_ZNF814-FL
ZNF827	HTS-GFPIVT	YWS_A_CT40NGTTGGG
ZNF827	AFS-GFPIVT	YWS_B_AffSeq_D10_ZNF827-DBD1
ZNF83	AFS-GFPIVT	YWS_B_AffSeq_F10_ZNF83-FL
ZNF831	CHS	THC_0507
ZNF831	CHS	THC_0603
ZNF831	SMS	UT380-477
ZNF831	HTS-IVT	YWI_A_TC40NGCGATT
ZNF831	AFS-IVT	YWI_B_AffSeq_G08_ZNF831_DBD
ZNF831	HTS-GFPIVT	YWS_A_TC40NAATCTC
ZNF831	AFS-GFPIVT	YWS_B_AffSeq_G10_ZNF831-DBD
ZNF836	CHS	THC_0699
ZNF836	CHS	THC_0795
ZNF836	HTS-GFPIVT	YWS_A_AC40NTGTTAC
ZNF836	HTS-GFPIVT	YWS_A_AT40NCGGGTT
ZNF836	HTS-GFPIVT	YWS_A_TT40NTACAGC
ZNF836	AFS-GFPIVT	YWS_B_AffSeq_A11_ZNF836-DBD2
ZNF836	AFS-GFPIVT	YWS_B_AffSeq_B11_ZNF836-FL
ZNF836	AFS-GFPIVT	YWS_B_AffSeq_H10_ZNF836-DBD1
ZNF841	CHS	THC_0508
ZNF841	CHS	THC_0604
ZNF841	SMS	UT380-482
ZNF841	HTS-GFPIVT	YWS_A_CC40NCGTTTT
ZNF841	AFS-GFPIVT	YWS_B_AffSeq_C11_ZNF841-DBD2
ZNF841	AFS-GFPIVT	YWS_B_AffSeq_D11_ZNF841-FL
ZNF845	HTS-GFPIVT	YWS_A_AC40NTCCTTG
ZNF845	AFS-GFPIVT	YWS_B_AffSeq_G11_ZNF845-DBD1
ZNF845	CHS	THC_0509
ZNF845	CHS	THC_0605
ZNF845	HTS-GFPIVT	YWS_A_TC40NACGGGA
ZNF845	HTS-GFPIVT	YWS_A_TT40NTAGCAG
ZNF845	AFS-GFPIVT	YWS_B_AffSeq_H11_ZNF845-DBD2
ZNF850	HTS-GFPIVT	YWS_A_AT40NCCTTGG
ZNF850	CHS	THC_0701
ZNF850	CHS	THC_0797
ZNF850	HTS-GFPIVT	YWS_A_CG40NAATAGC
ZNF850	AFS-GFPIVT	YWS_B_AffSeq_C12_ZNF850-DBD2
ZNF853	HTS-GFPIVT	YWS_A_GA40NTGTATC
ZNF853	HTS-GFPIVT	YWS_A_GG40NGTGAGA
ZNF853	AFS-GFPIVT	YWS_B_AffSeq_D12_ZNF853-DBD
ZNF853	AFS-GFPIVT	YWS_B_AffSeq_E12_ZNF853-FL
ZNF865	CHS	THC_0510
ZNF865	CHS	THC_0606
ZNF865	AFS-IVT	YWI_B_AffSeq_A10_ZNF865_DBD_1
ZNF865	HTS-GFPIVT	YWS_A_TA40NGTTAGC
ZNF865	HTS-GFPIVT	YWS_A_TC40NTAAGTG
ZNF865	AFS-GFPIVT	YWS_B_AffSeq_F12_ZNF865-DBD1
ZNF865	AFS-GFPIVT	YWS_B_AffSeq_G12_ZNF865-DBD2
ZNF878	HTS-GFPIVT	YWS_A_TT40NCTCGTC
ZNF878	CHS	THC_0702
ZNF878	CHS	THC_0798
ZNF888	CHS	THC_0850
ZNF888	CHS	THC_0852
ZNF92	CHS	THC_0854
ZNF92	CHS	THC_0855
ZSCAN12	CHS	THC_0076
ZSCAN12	CHS	THC_0107
ZSCAN12	CHS	THC_0903
ZSCAN2	CHS	THC_0077
ZSCAN2	CHS	THC_0174
ZSCAN2	CHS	THC_0885
ZSCAN2	AFS-LYS	YWK_B_AffSeq_A4_ZSCAN2
ZSCAN2	AFS-LYS	YWK_D_AffSeq_A4_ZSCAN2
ZSCAN25	AFS-IVT	YWF_B_AffSeq_H06_ZSCAN25
ZSCAN25	CHS	THC_0145
ZSCAN25	CHS	THC_0175
ZSCAN25	CHS	THC_0183
ZSCAN25	HTS-LYS	YWD_A_TG40NCCATTT
ZSCAN25	AFS-LYS	YWD_B_AffSeq_H09_ZSCAN25
ZSCAN25	HTS-IVT	YWF_A_TG40NTGTGTT
ZSCAN4	PBM	PBM14304
ZSCAN4	PBM	PBM14320
ZSCAN4	HTS-IVT	YWF_A_TC40NACGGGA
ZSCAN4	AFS-IVT	YWF_B_AffSeq_G11_ZSCAN4
ZXDA	CHS	THC_0295.Rep-DIANA_0293
ZXDA	CHS	THC_0295.Rep-MICHELLE_0314
ZXDA	CHS	THC_0440.Rep-DIANA_0293
ZXDA	CHS	THC_0440.Rep-MICHELLE_0314
ZXDA	CHS	THC_0911
ZXDA	SMS	UT380-512-2
ZXDA	HTS-IVT	YWE_A_AC40NGTATGA
ZXDB	CHS	THC_0851
ZXDB	CHS	THC_0853
ZXDB	SMS	UT380-514
ZXDB	SMS	UT380-515
ZXDC	CHS	THC_0303.Rep-DIANA_0293
ZXDC	CHS	THC_0303.Rep-MICHELLE_0314
ZXDC	CHS	THC_0447.Rep-DIANA_0293
ZXDC	CHS	THC_0447.Rep-MICHELLE_0314
ZXDC	CHS	THC_0907
ZXDC	SMS	UT380-516
ZXDC	SMS	UT380-516-2
