Index	Plasmid Number	Plasmid backbone	Plasmid Name	Insert Name	Gene Name	Notes	PBM_ME experiment ID(s)	PBM_HK experiment ID(s)	HT-Selex (IVT) experiment ID(s)	HT-Selex (Lysate) experiment ID(s)	AffiSeq (IVT) experiment ID(s)	AffiSeq (Lysate) experiment ID(s)	SMiLE-seq experiment ID(s)	ChIP-seq replicate 1	ChIP-seq replicate 2	
753	pTH14329	pTH6838	GST.SNAPC5.FL	SNAPC5.FL	SNAPC5	Codebook clone	13341	13357	#N/A					#N/A		
380	pTH13956	pTH6838	GST.CCDC17.FL	CCDC17.FL	CCDC17	Codebook clone	13401	13417	#N/A					#N/A		
337	pTH13913	pTH6838	GST.AHCTF1.DBD	AHCTF1.DBD	AHCTF1	Codebook clone	13497	13513	YWC_102					#N/A		
338	pTH13914	pTH6838	GST.AKNA.DBD.1	AKNA.DBD.1	AKNA	Codebook clone	13498	13514	#N/A					#N/A		
358	pTH13934	pTH6838	GST.BHLHA9.FL	BHLHA9.FL	BHLHA9	Codebook clone	13499	13515	#N/A					#N/A		
366	pTH13942	pTH6838	GST.BATF2.FL	BATF2.FL	BATF2	Codebook clone	13500	13516	#N/A					#N/A		
367	pTH13943	pTH6838	GST.BATF2.DBD	BATF2.DBD	BATF2	Codebook clone	13501	13517	#N/A					#N/A		
370	pTH13946	pTH6838	GST.AC008770.FL	AC008770.FL	AC008770	Codebook clone	13502	13518	#N/A					#N/A		
371	pTH13947	pTH6838	GST.AC008770.DBD	AC008770.DBD	AC008770	Codebook clone	13503	13519	#N/A					#N/A		
373	pTH13949	pTH6838	GST.AC092835.DBD	AC092835.DBD	AC092835	Codebook clone	13504	13520	#N/A					#N/A		
374	pTH13950	pTH6838	GST.AKAP8.DBD	AKAP8.DBD	AKAP8	Codebook clone	13505	13521	#N/A					#N/A		
375	pTH13951	pTH6838	GST.AKAP8L.DBD	AKAP8L.DBD	AKAP8L	Codebook clone	13506	13522	YWC_110					#N/A		
376	pTH13952	pTH6838	GST.ANKZF1.DBD	ANKZF1.DBD	ANKZF1	Codebook clone	13507	13523	#N/A					#N/A		
377	pTH13953	pTH6838	GST.ATMIN.DBD	ATMIN.DBD	ATMIN	Codebook clone	13508	13524	#N/A					#N/A		
663	pTH14239	pTH6838	GST.ADNP.DBD.1	ADNP.DBD.1	ADNP	Codebook clone	13509	13525	#N/A					#N/A		
664	pTH14240	pTH6838	GST.ADNP.DBD.2	ADNP.DBD.2	ADNP	Codebook clone	13510	13526	#N/A					#N/A		
665	pTH14241	pTH6838	GST.ADNP2.DBD.1	ADNP2.DBD.1	ADNP2	Codebook clone	13511	13527	#N/A					#N/A		
666	pTH14242	pTH6838	GST.ADNP2.DBD.2	ADNP2.DBD.2	ADNP2	Codebook clone	13512	13528	#N/A					#N/A		
642	pTH14218	pTH6838	GST.CAMTA1.DBD	CAMTA1.DBD	CAMTA1	Codebook clone	13538	13554	#N/A					#N/A		
643	pTH14219	pTH6838	GST.CAMTA2.DBD	CAMTA2.DBD	CAMTA2	Codebook clone	13539	13555	#N/A					#N/A		
710	pTH14286	pTH6838	GST.CENPA.FL	CENPA.FL	CENPA	Codebook clone	13540	13556	#N/A					#N/A		
712	pTH14288	pTH6838	GST.CENPT.FL	CENPT.FL	CENPT	Codebook clone	13541	13557	#N/A					#N/A		
713	pTH14289	pTH6838	GST.CENPX.FL	CENPX.FL	CENPX	Codebook clone	13542	13558	#N/A					#N/A		
714	pTH14290	pTH6838	GST.CGGBP1.FL	CGGBP1.FL	CGGBP1	Codebook clone	13543	13559	YWC_094					#N/A		
340	pTH13916	pTH6838	GST.DNTTIP1.FL	DNTTIP1.FL	DNTTIP1	Codebook clone	13561	13577	#N/A					#N/A		
341	pTH13917	pTH6838	GST.DNTTIP1.DBD	DNTTIP1.DBD	DNTTIP1	Codebook clone	13562	13578	#N/A					#N/A		
368	pTH13944	pTH6838	GST.CREB3L3.FL	CREB3L3.FL	CREB3L3	Codebook clone	13563	13579	#N/A					#N/A		
369	pTH13945	pTH6838	GST.CREB3L3.DBD	CREB3L3.DBD	CREB3L3	Codebook clone	13564	13580	YWC_109					#N/A		
381	pTH13957	pTH6838	GST.CHAMP1.DBD	CHAMP1.DBD	CHAMP1	Codebook clone	13565	13581	YWC_111					#N/A		
382	pTH13958	pTH6838	GST.CPXCR1.FL	CPXCR1.FL	CPXCR1	Codebook clone	13566	13582	#N/A					#N/A		
383	pTH13959	pTH6838	GST.CPXCR1.DBD	CPXCR1.DBD	CPXCR1	Codebook clone	13567	13583	#N/A					#N/A		
384	pTH13960	pTH6838	GST.DZIP1.DBD	DZIP1.DBD	DZIP1	Codebook clone	13568	13584	#N/A					#N/A		
385	pTH13961	pTH6838	GST.EEA1.DBD	EEA1.DBD	EEA1	Codebook clone	13569	13585	#N/A					#N/A		
645	pTH14221	pTH6838	GST.CXXC4.DBD	CXXC4.DBD	CXXC4	Codebook clone	13570	13586	YWC_121					#N/A		
649	pTH14225	pTH6838	GST.DMRTB1.FL	DMRTB1.FL	DMRTB1	Codebook clone	13593	13609	YWC_125					#N/A		
650	pTH14226	pTH6838	GST.DMRTB1.DBD	DMRTB1.DBD	DMRTB1	Codebook clone	13594	13610	YWC_126					#N/A		
716	pTH14292	pTH6838	GST.CSRNP1.FL	CSRNP1.FL	CSRNP1	Codebook clone	13595	13611	#N/A					#N/A		
717	pTH14293	pTH6838	GST.CSRNP1.DBD	CSRNP1.DBD	CSRNP1	Codebook clone	13596	13612	#N/A					#N/A		
718	pTH14294	pTH6838	GST.CSRNP2.FL	CSRNP2.FL	CSRNP2	Codebook clone	13597	13613	#N/A					#N/A		
719	pTH14295	pTH6838	GST.CSRNP2.DBD	CSRNP2.DBD	CSRNP2	Codebook clone	13598	13614	#N/A					#N/A		
720	pTH14296	pTH6838	GST.CSRNP3.DBD	CSRNP3.DBD	CSRNP3	Codebook clone	13599	13615	#N/A					#N/A		
721	pTH14297	pTH6838	GST.DACH1.DBD	DACH1.DBD	DACH1	Codebook clone	13600	13616	#N/A					#N/A		
722	pTH14298	pTH6838	GST.DACH2.FL	DACH2.FL	DACH2	Codebook clone	13601	13617	#N/A					#N/A		
723	pTH14299	pTH6838	GST.DACH2.DBD	DACH2.DBD	DACH2	Codebook clone	13602	13618	#N/A					#N/A		
725	pTH14301	pTH6838	GST.DRAP1.FL	DRAP1.FL	DRAP1	Codebook clone	13603	13619	#N/A					#N/A		
342	pTH13918	pTH6838	GST.GLYR1.FL	GLYR1.FL	GLYR1	Codebook clone	13625	13641	YWC_103					#N/A		
652	pTH14228	pTH6838	GST.GATAD2A.DBD	GATAD2A.DBD	GATAD2A	Codebook clone	13627	13643	#N/A					#N/A		
653	pTH14229	pTH6838	GST.GATAD2B.FL	GATAD2B.FL	GATAD2B	Codebook clone	13628	13644	#N/A					#N/A		
654	pTH14230	pTH6838	GST.GATAD2B.DBD	GATAD2B.DBD	GATAD2B	Codebook clone	13629	13645	#N/A					#N/A		
657	pTH14233	pTH6838	GST.GRHL3.DBD	GRHL3.DBD	GRHL3	Codebook clone	13630	13646	YWC_130					#N/A		
660	pTH14236	pTH6838	GST.HMG20A.FL	HMG20A.FL	HMG20A	Codebook clone	13631	13647	YWC_131					#N/A		
661	pTH14237	pTH6838	GST.HMG20A.DBD	HMG20A.DBD	HMG20A	Codebook clone	13632	13976, 13648	YWC_132					#N/A		
679	pTH14255	pTH6838	GST.HSFX1.DBD	HSFX1.DBD	HSFX1	Codebook clone	13633	13649	#N/A					#N/A		
680	pTH14256	pTH6838	GST.HSFX2.FL	HSFX2.FL	HSFX2	Codebook clone	13634	13650	#N/A					#N/A		
726	pTH14302	pTH6838	GST.GLMP.FL	GLMP.FL	GLMP	Codebook clone	13635	13651	#N/A					#N/A		
669	pTH14245	pTH6838	GST.MKX.DBD	MKX.DBD	MKX	Codebook clone	13657	13673	YWC_134					#N/A		
670	pTH14246	pTH6838	GST.NANOGNB.FL	NANOGNB.FL	NANOGNB	Codebook clone	13658	13674	#N/A					#N/A		
672	pTH14248	pTH6838	GST.TPRX1.DBD	TPRX1.DBD	TPRX1	Codebook clone	13659	13675	YWC_136					#N/A		
681	pTH14257	pTH6838	GST.HSFX2.DBD	HSFX2.DBD	HSFX2	Codebook clone	13660	13676	#N/A					#N/A		
683	pTH14259	pTH6838	GST.MSANTD1.DBD	MSANTD1.DBD	MSANTD1	Codebook clone	13661	13677	YWC_137					#N/A		
695	pTH14271	pTH6838	GST.DMTF1.DBD	DMTF1.DBD	DMTF1	Codebook clone	13662	13678	YWC_139					#N/A		
696	pTH14272	pTH6838	GST.MSANTD4.FL	MSANTD4.FL	MSANTD4	Codebook clone	13663	13679	YWC_140					#N/A		
698	pTH14274	pTH6838	GST.MYPOP.DBD	MYPOP.DBD	MYPOP	Codebook clone	13664	13680	YWC_141					#N/A		
699	pTH14275	pTH6838	GST.MYSM1.DBD	MYSM1.DBD	MYSM1	Codebook clone	13665	13681	#N/A					#N/A		
700	pTH14276	pTH6838	GST.TERB1.DBD	TERB1.DBD	TERB1	Codebook clone	13666	13682	#N/A					#N/A		
703	pTH14279	pTH6838	GST.TTF1.DBD	TTF1.DBD	TTF1	Codebook clone	13667	13683	#N/A					#N/A		
707	pTH14283	pTH6838	GST.AEBP1.DBD	AEBP1.DBD	AEBP1	Codebook clone	13668	13684	#N/A					#N/A		
708	pTH14284	pTH6838	GST.ARHGAP35.DBD	ARHGAP35.DBD	ARHGAP35	Codebook clone	13669	13685	#N/A					#N/A		
709	pTH14285	pTH6838	GST.BRF2.FL	BRF2.FL	BRF2	Codebook clone	13670	13686	#N/A					#N/A		
711	pTH14287	pTH6838	GST.CENPS.FL	CENPS.FL	CENPS	Codebook clone	13671	13687	#N/A					#N/A		
715	pTH14291	pTH6838	GST.CHCHD3.FL	CHCHD3.FL	CHCHD3	Codebook clone	13672	13688	#N/A					#N/A		
351	pTH13927	pTH6838	GST.FAM200B.DBD	FAM200B.DBD	FAM200B	Codebook clone	13691	13707	YWC_087					#N/A		
352	pTH13928	pTH6838	GST.SGSM2.DBD	SGSM2.DBD	SGSM2	Codebook clone	13692	13708	YWC_088					#N/A		
353	pTH13929	pTH6838	GST.ZBED2.FL	ZBED2.FL	ZBED2	Codebook clone	13693	13709	YWC_089					#N/A		
354	pTH13930	pTH6838	GST.ZBED3.FL	ZBED3.FL	ZBED3	Codebook clone	13694	13710	YWC_090					#N/A		
356	pTH13932	pTH6838	GST.ZBED5.DBD	ZBED5.DBD	ZBED5	Codebook clone	13695	13711	YWC_092					#N/A		
357	pTH13933	pTH6838	GST.ZBED9.DBD	ZBED9.DBD	ZBED9	Codebook clone	13696	13712	YWC_093					#N/A		
365	pTH13941	pTH6838	GST.POGK.DBD	POGK.DBD	POGK	Codebook clone	13697	13713	#N/A					#N/A		
634	pTH14210	pTH6838	GST.JRK.DBD	JRK.DBD	JRK	Codebook clone	13698	13714	YWC_115					#N/A		
636	pTH14212	pTH6838	GST.TIGD3.DBD	TIGD3.DBD	TIGD3	Codebook clone	13699	13715	YWC_117					#N/A		
638	pTH14214	pTH6838	GST.TIGD4.DBD	TIGD4.DBD	TIGD4	Codebook clone	13700	13716	#N/A					#N/A		
641	pTH14217	pTH6838	GST.TIGD7.DBD	TIGD7.DBD	TIGD7	Codebook clone	13701	13717	YWC_119					#N/A		
656	pTH14232	pTH6838	GST.ZGLP1.DBD	ZGLP1.DBD	ZGLP1	Codebook clone	13702	13718	YWC_129					#N/A		
662	pTH14238	pTH6838	GST.HMGN3.FL	HMGN3.FL	HMGN3	Codebook clone	13703	13719	#N/A					#N/A		
724	pTH14300	pTH6838	GST.DR1.FL	DR1.FL	DR1	Codebook clone	13721	13737	#N/A					#N/A		
728	pTH14304	pTH6838	GST.GPBP1.DBD	GPBP1.DBD	GPBP1	Codebook clone	13722	13738	YWC_143					#N/A		
729	pTH14305	pTH6838	GST.GPBP1L1.FL	GPBP1L1.FL	GPBP1L1	Codebook clone	13723	13739	#N/A					#N/A		
730	pTH14306	pTH6838	GST.KCNIP3.FL	KCNIP3.FL	KCNIP3	Codebook clone	13724	13740	#N/A					#N/A		
732	pTH14308	pTH6838	GST.NACC2.DBD	NACC2.DBD	NACC2	Codebook clone	13725	13741	YWC_144					#N/A		
733	pTH14309	pTH6838	GST.NKRF.DBD	NKRF.DBD	NKRF	Codebook clone	13726	13742	#N/A					#N/A		
735	pTH14311	pTH6838	GST.PA2G4.FL	PA2G4.FL	PA2G4	Codebook clone	13727	13743	#N/A					#N/A		
736	pTH14312	pTH6838	GST.PCGF2.FL	PCGF2.FL	PCGF2	Codebook clone	13728	13744	#N/A					#N/A		
737	pTH14313	pTH6838	GST.PCGF6.FL	PCGF6.FL	PCGF6	Codebook clone	13729	13745	#N/A					#N/A		
740	pTH14316	pTH6838	GST.PLSCR1.FL	PLSCR1.FL	PLSCR1	Codebook clone	13730	13746	#N/A					#N/A		
742	pTH14318	pTH6838	GST.PREB.DBD	PREB.DBD	PREB	Codebook clone	13731	13747	#N/A					#N/A		
744	pTH14320	pTH6838	GST.PURG.FL	PURG.FL	PURG	Codebook clone	13733	13749	#N/A					#N/A		
745	pTH14321	pTH6838	GST.RAG1.DBD	RAG1.DBD	RAG1	Codebook clone	13734	13750	#N/A					#N/A		
748	pTH14324	pTH6838	GST.SAFB.DBD	SAFB.DBD	SAFB	Codebook clone	13735	13751	#N/A					#N/A		
749	pTH14325	pTH6838	GST.SAFB2.DBD	SAFB2.DBD	SAFB2	Codebook clone	13736	13752	#N/A					#N/A		
750	pTH14326	pTH6838	GST.SCMH1.DBD	SCMH1.DBD	SCMH1	Codebook clone	13753	13769	#N/A					#N/A		
752	pTH14328	pTH6838	GST.SNAPC2.FL	SNAPC2.FL	SNAPC2	Codebook clone	13755	13771	#N/A					#N/A		
754	pTH14330	pTH6838	GST.TCF20.DBD	TCF20.DBD	TCF20	Codebook clone	13756	13772	YWC_148					#N/A		
755	pTH14331	pTH6838	GST.TET2.DBDwLinker	TET2.DBDwLinker	TET2	Codebook clone	13757	13773	#N/A					#N/A		
756	pTH14332	pTH6838	GST.THYN1.FL	THYN1.FL	THYN1	Codebook clone	13758	13774	#N/A					#N/A		
757	pTH14333	pTH6838	GST.TMF1.DBD	TMF1.DBD	TMF1	Codebook clone	13759	13775	#N/A					#N/A		
761	pTH14337	pTH6838	GST.SP110.DBD	SP110.DBD	SP110	Codebook clone	13761	13777	#N/A					#N/A		
764	pTH14340	pTH6838	GST.SP140L.DBD	SP140L.DBD	SP140L	Codebook clone	13763	13779	YWC_150					#N/A		
727	pTH14303	pTH6838	GST.GPBP1.FL	GPBP1.FL	GPBP1	Codebook clone	13765	13781	#N/A					#N/A		
738	pTH14314	pTH6838	GST.PHF19.FL	PHF19.FL	PHF19	Codebook clone	13766	13782	#N/A					#N/A		
739	pTH14315	pTH6838	GST.PHF19.DBD	PHF19.DBD	PHF19	Codebook clone	13767	13783	#N/A					#N/A		
741	pTH14317	pTH6838	GST.PREB.FL	PREB.FL	PREB	Codebook clone	13768	13784	#N/A					#N/A		
335	pTH13911	pTH6838	GST.KDM5B.DBD	KDM5B.DBD	KDM5B	Codebook clone	13817	13833	#N/A					#N/A		
336	pTH13912	pTH6838	GST.ARID2.DBD	ARID2.DBD	ARID2	Codebook clone	13818	13834	#N/A					#N/A		
339	pTH13915	pTH6838	GST.AKNA.DBD.2	AKNA.DBD.2	AKNA	Codebook clone	13819	13835	#N/A					#N/A		
344	pTH13920	pTH6838	GST.PHF21A.DBD	PHF21A.DBD	PHF21A	Codebook clone	13820	13836	YWC_105					#N/A		
346	pTH13922	pTH6838	GST.SCML4.DBD	SCML4.DBD	SCML4	Codebook clone	13821	13837	#N/A					#N/A		
347	pTH13923	pTH6838	GST.SETBP1.DBD.1	SETBP1.DBD.1	SETBP1	Codebook clone	13822	13838	YWC_106					#N/A		
348	pTH13924	pTH6838	GST.SETBP1.DBD.2	SETBP1.DBD.2	SETBP1	Codebook clone	13823	13839	#N/A					#N/A		
349	pTH13925	pTH6838	GST.SETBP1.DBD.3	SETBP1.DBD.3	SETBP1	Codebook clone	13824	13840	YWC_107					#N/A		
350	pTH13926	pTH6838	GST.C11orf95.FL	C11orf95.FL	C11orf95	Codebook clone	13825	13841	YWC_086					#N/A		
355	pTH13931	pTH6838	GST.ZBED4.DBD	ZBED4.DBD	ZBED4	Codebook clone	13826	13975, 13842	YWC_091					#N/A		
359	pTH13935	pTH6838	GST.NCOA1.DBD	NCOA1.DBD	NCOA1	Codebook clone	13827	13843	#N/A					#N/A		
360	pTH13936	pTH6838	GST.NCOA2.DBD	NCOA2.DBD	NCOA2	Codebook clone	13828	13844	#N/A					#N/A		
361	pTH13937	pTH6838	GST.NCOA3.DBD	NCOA3.DBD	NCOA3	Codebook clone	13829	13845	#N/A					#N/A		
362	pTH13938	pTH6838	GST.SOHLH1.FL	SOHLH1.FL	SOHLH1	Codebook clone	13830	13846	#N/A					#N/A		
363	pTH13939	pTH6838	GST.SOHLH1.DBD	SOHLH1.DBD	SOHLH1	Codebook clone	13831	13847	#N/A					#N/A		
364	pTH13940	pTH6838	GST.USF3.DBD	USF3.DBD	USF3	Codebook clone	13832	13848	YWC_108					#N/A		
673	pTH14249	pTH6838	GST.ZHX2.DBD.1	ZHX2.DBD.1	ZHX2	Codebook clone	13849	13865	#N/A					#N/A		
674	pTH14250	pTH6838	GST.ZHX2.DBD.2	ZHX2.DBD.2	ZHX2	Codebook clone	13850	13866	#N/A					#N/A		
675	pTH14251	pTH6838	GST.ZHX3.DBD.1	ZHX3.DBD.1	ZHX3	Codebook clone	13851	13867	#N/A					#N/A		
676	pTH14252	pTH6838	GST.ZHX3.DBD.2	ZHX3.DBD.2	ZHX3	Codebook clone	13852	13868	#N/A					#N/A		
677	pTH14253	pTH6838	GST.POU5F2.FL	POU5F2.FL	POU5F2	Codebook clone	13853	13869	#N/A					#N/A		
678	pTH14254	pTH6838	GST.HSFX1.FL	HSFX1.FL	HSFX1	Codebook clone	13854	13870	#N/A					#N/A		
682	pTH14258	pTH6838	GST.MSANTD1.FL	MSANTD1.FL	MSANTD1	Codebook clone	13855	13871	#N/A					#N/A		
684	pTH14260	pTH6838	GST.MBD3.FL	MBD3.FL	MBD3	Codebook clone	13856	13872	#N/A					#N/A		
686	pTH14262	pTH6838	GST.MBD4.DBD	MBD4.DBD	MBD4	Codebook clone	13857	13873	#N/A					#N/A		
687	pTH14263	pTH6838	GST.MBD6.DBD	MBD6.DBD	MBD6	Codebook clone	13858	13874	#N/A					#N/A		
688	pTH14264	pTH6838	GST.PIN1.FL	PIN1.FL	PIN1	Codebook clone	13859	13875	#N/A					#N/A		
689	pTH14265	pTH6838	GST.SETDB2.DBD	SETDB2.DBD	SETDB2	Codebook clone	13860	13876	#N/A					#N/A		
691	pTH14267	pTH6838	GST.MTERF2.FL	MTERF2.FL	MTERF2	Codebook clone	13861	13877	#N/A					#N/A		
693	pTH14269	pTH6838	GST.MTERF3.DBD	MTERF3.DBD	MTERF3	Codebook clone	13862	13878	#N/A					#N/A		
694	pTH14270	pTH6838	GST.MTERF4.FL	MTERF4.FL	MTERF4	Codebook clone	13863	13879	#N/A					#N/A		
697	pTH14273	pTH6838	GST.MYPOP.FL	MYPOP.FL	MYPOP	Codebook clone	13864	13880	#N/A					#N/A		
701	pTH14277	pTH6838	GST.TERF1.FL	TERF1.FL	TERF1	Codebook clone	13881	13897	#N/A					#N/A		
702	pTH14278	pTH6838	GST.TERF1.DBD	TERF1.DBD	TERF1	Codebook clone	13882	13898	YWC_142					#N/A		
704	pTH14280	pTH6838	GST.MYRFL.DBD	MYRFL.DBD	MYRFL	Codebook clone	13883	13899	#N/A					#N/A		
705	pTH14281	pTH6838	GST.NFX1.DBD	NFX1.DBD	NFX1	Codebook clone	13884	13900	#N/A					#N/A		
706	pTH14282	pTH6838	GST.NFXL1.DBD	NFXL1.DBD	NFXL1	Codebook clone	13885	13901	#N/A					#N/A		
758	pTH14334	pTH6838	GST.RFX8.FL	RFX8.FL	RFX8	Codebook clone	13886	13902	#N/A					#N/A		
759	pTH14335	pTH6838	GST.RFX8.DBD	RFX8.DBD	RFX8	Codebook clone	13887	13903	#N/A					#N/A		
763	pTH14339	pTH6838	GST.SP140L.FL	SP140L.FL	SP140L	Codebook clone	13888	13904	#N/A					#N/A		
765	pTH14341	pTH6838	GST.TBPL1.FL	TBPL1.FL	TBPL1	Codebook clone	13889	13905	#N/A					#N/A		
766	pTH14342	pTH6838	GST.THAP10.FL	THAP10.FL	THAP10	Codebook clone	13890	13906	#N/A					#N/A		
767	pTH14343	pTH6838	GST.THAP10.DBD	THAP10.DBD	THAP10	Codebook clone	13891	13907	#N/A					#N/A		
768	pTH14344	pTH6838	GST.THAP11.FL	THAP11.FL	THAP11	Codebook clone	13892	13908	#N/A					#N/A		
769	pTH14345	pTH6838	GST.THAP11.DBD	THAP11.DBD	THAP11	Codebook clone	13893	13909	#N/A					#N/A		
770	pTH14346	pTH6838	GST.THAP2.FL	THAP2.FL	THAP2	Codebook clone	13894	13910	#N/A					#N/A		
771	pTH14347	pTH6838	GST.THAP4.FL	THAP4.FL	THAP4	Codebook clone	13895	13911	#N/A					#N/A		
772	pTH14348	pTH6838	GST.THAP4.DBD	THAP4.DBD	THAP4	Codebook clone	13896	13912	#N/A					#N/A		
628	pTH14204	pTH6838	GST.MBNL2.FL	MBNL2.FL	MBNL2	Codebook clone	13913	13929	YWC_112					#N/A		
631	pTH14207	pTH6838	GST.ZGPAT.FL	ZGPAT.FL	ZGPAT	Codebook clone	13914	13930	#N/A					#N/A		
632	pTH14208	pTH6838	GST.ZGPAT.DBD	ZGPAT.DBD	ZGPAT	Codebook clone	13915	13931	#N/A					#N/A		
637	pTH14213	pTH6838	GST.TIGD4.FL	TIGD4.FL	TIGD4	Codebook clone	13918	13934	#N/A					#N/A		
640	pTH14216	pTH6838	GST.TIGD7.FL	TIGD7.FL	TIGD7	Codebook clone	13919	13935	YWC_118					#N/A		
644	pTH14220	pTH6838	GST.CXXC4.FL	CXXC4.FL	CXXC4	Codebook clone	13920	13936	YWC_120					#N/A		
646	pTH14222	pTH6838	GST.FBXL19.DBD	FBXL19.DBD	FBXL19	Codebook clone	13921	13937	YWC_122					#N/A		
647	pTH14223	pTH6838	GST.KDM2A.DBD	KDM2A.DBD	KDM2A	Codebook clone	13922	13938	YWC_123					#N/A		
648	pTH14224	pTH6838	GST.TET3.DBD	TET3.DBD	TET3	Codebook clone	13923	13939	YWC_124					#N/A		
655	pTH14231	pTH6838	GST.ZGLP1.FL	ZGLP1.FL	ZGLP1	Codebook clone	13925	13941	YWC_128					#N/A		
659	pTH14235	pTH6838	GST.GTF2IRD2B.DBD	GTF2IRD2B.DBD	GTF2IRD2B	Codebook clone	13926	13942	#N/A					#N/A		
668	pTH14244	pTH6838	GST.MKX.FL	MKX.FL	MKX	Codebook clone	13927	13943	#N/A					#N/A		
671	pTH14247	pTH6838	GST.TPRX1.FL	TPRX1.FL	TPRX1	Codebook clone	13928	13944	YWC_135					#N/A		
773	pTH14349	pTH6838	GST.THAP5.FL	THAP5.FL	THAP5	Codebook clone	13945	13961	#N/A					#N/A		
774	pTH14350	pTH6838	GST.THAP5.DBD	THAP5.DBD	THAP5	Codebook clone	13946	13962	#N/A					#N/A		
775	pTH14351	pTH6838	GST.THAP6.FL	THAP6.FL	THAP6	Codebook clone	13947	13963	#N/A					#N/A		
776	pTH14352	pTH6838	GST.THAP7.FL	THAP7.FL	THAP7	Codebook clone	13948	13964	#N/A					#N/A		
777	pTH14353	pTH6838	GST.THAP7.DBD	THAP7.DBD	THAP7	Codebook clone	13949	13965	#N/A					#N/A		
778	pTH14354	pTH6838	GST.THAP8.FL	THAP8.FL	THAP8	Codebook clone	13950	13966	#N/A					#N/A		
779	pTH14355	pTH6838	GST.THAP8.DBD	THAP8.DBD	THAP8	Codebook clone	13951	13967	#N/A					#N/A		
780	pTH14356	pTH6838	GST.THAP9.DBD	THAP9.DBD	THAP9	Codebook clone	13952	13968	#N/A					#N/A		
781	pTH15518	pTH6838	GST.MAX	MAX	MAX	Smile-seq control	14301	14317								
782	pTH15519	pTH6838	GST.SRY	SRY	SRY	Smile-seq control	14302	14318								
783	pTH15520	pTH6838	GST.SOX15	SOX15	SOX15	Smile-seq control	14303	14319								
794	pTH15525	pTH6838	GST.ZSCAN4	ZSCAN4	ZSCAN4	Smile-seq control	14304	14320								
799	pTH15526	pTH6838	GST.RXRA	RXRA	RXRA	Smile-seq control	14305	14321								
788	pTH15523	pTH6838	GST.JUNB	JUNB	JUNB	Smile-seq control	14329	14345								
789	pTH15524	pTH6838	GST.OCT4/POU5F1	OCT4/POU5F1	POU5F1	Smile-seq control	14330	14346								
786	pTH15530	pTH6838	GST.FOSL2	FOSL2	FOSL2	Smile-seq control	14331	14347								
790	pTH15531	pTH6838	GST.LHX6	LHX6	LHX6	Smile-seq control	14332	14348								
791	pTH15532	pTH6838	GST.LEF1	LEF1	LEF1	Smile-seq control	14333	14349								
793	pTH15533	pTH6838	GST.VDR	VDR	VDR	Smile-seq control	14334	14350								
796	pTH15534	pTH6838	GST.FLI1	FLI1	FLI1	Smile-seq control	14335	14351								
797	pTH15535	pTH6838	GST.GABPA	GABPA	GABPA	Smile-seq control	14336	14352								
798	pTH15536	pTH6838	GST.RORB	RORB	RORB	Smile-seq control	14337	14353								
800	pTH15537	pTH6838	GST.RARA	RARA	RARA	Smile-seq control	14338	14354								
801	pTH15538	pTH6838	GST.NR1H4	NR1H4	NR1H4	Smile-seq control	14339	14355								
802	pTH15539	pTH6838	GST.PAX7	PAX7	PAX7	Smile-seq control	14340	14356								
787	pTH15540	pTH6838	GST.cJUN	cJUN	JUN	Smile-seq control	14341	14357								
792	pTH15541	pTH6838	GST.YY1	YY1	YY1	Smile-seq control	14342	14358								
795	pTH15542	pTH6838	GST.GCM1	GCM1	GCM1	Smile-seq control	14343	14359								
803	pTH15544	pTH6838	GST.NR4A2	NR4A2	NR4A2	Smile-seq control	14344	14360								
784	pTH15521	pTH6838	GST.MYF6	MYF6	MYF6	Smile-seq control	14361	14377								
785	pTH15522	pTH6838	GST.SOX2	SOX2	SOX2	Smile-seq control	14362	14378								
804	pTH15561	pTH6838	GST.SOX5	SOX5	SOX5	Smile-seq control	14434	14450								
805	pTH15569	pTH6838	GST.CTCF	CTCF	CTCF	Smile-seq control	14435	14451								
806	pTH15573	pTH6838	GST.NFKB1	NFKB1	NFKB1	Smile-seq control	14436	14452								
734	pTH14310	pTH6838	GST.NME2.FL	NME2.FL	NME2	Codebook clone	13340, 13959, 14438	13356	YWC_145					#N/A		
630	pTH14206	pTH6838	GST.ZC3H8.DBD	ZC3H8.DBD	ZC3H8	Codebook clone	13470, 13958	13486, 14453	YWC_113					#N/A		
343	pTH13919	pTH6838	GST.GLYR1.DBD	GLYR1.DBD	GLYR1	Codebook clone	13626, 14681	14697, 13642	YWC_104					#N/A		
667	pTH14243	pTH6838	GST.LEUTX.FL	LEUTX.FL	LEUTX	Codebook clone	13704, 14307	13720, 14323	YWC_133					#N/A		
743	pTH14319	pTH6838	GST.PURB.FL	PURB.FL	PURB	Codebook clone	13732, 14308	13748, 14454, 14324	YWC_146					#N/A		
751	pTH14327	pTH6838	GST.SMYD3.FL	SMYD3.FL	SMYD3	Codebook clone	13754, 13960, 14309	13770, 14325	YWC_147					#N/A		
760	pTH14336	pTH6838	GST.SP100.DBD	SP100.DBD	SP100	Codebook clone	13760, 13956	13776, 13972	#N/A					#N/A		
762	pTH14338	pTH6838	GST.SP140.DBD	SP140.DBD	SP140	Codebook clone	13762, 13957	13778, 13973	YWC_149					#N/A		
690	pTH14266	pTH6838	GST.MBD1.DBD	MBD1.DBD	MBD1	Codebook clone	13764, 13955	13780, 13971	YWC_138					#N/A		
633	pTH14209	pTH6838	GST.JRK.FL	JRK.FL	JRK	Codebook clone	13916, 14310	13932	YWC_114					#N/A		
635	pTH14211	pTH6838	GST.TIGD3.FL	TIGD3.FL	TIGD3	Codebook clone	13917, 14311, 14437	13933	YWC_116					#N/A		
651	pTH14227	pTH6838	GST.FLYWCH1.FL	FLYWCH1.FL	FLYWCH1	Codebook clone	13924, 14312	13940	YWC_127					#N/A		
1	pTH13592	pTH13195	eGFP.DNTTIP1.FL	DNTTIP1.FL	DNTTIP1	Codebook clone	#N/A	#N/A	#N/A					chip		
2	pTH13593	pTH13195	eGFP.GLYR1.FL	GLYR1.FL	GLYR1	Codebook clone	#N/A	#N/A	#N/A					chip		
3	pTH13595	pTH13195	eGFP.SCML4.FL	SCML4.FL	SCML4	Codebook clone	#N/A	#N/A	#N/A					chip		
4	pTH13597	pTH13195	eGFP.C11orf95.FL	C11orf95.FL	C11orf95	Codebook clone	#N/A	#N/A	#N/A					chip		
5	pTH13600	pTH13195	eGFP.ZBED2.FL	ZBED2.FL	ZBED2	Codebook clone	#N/A	#N/A	#N/A					chip		
6	pTH13601	pTH13195	eGFP.ZBED3.FL	ZBED3.FL	ZBED3	Codebook clone	#N/A	#N/A	#N/A					chip		
7	pTH13605	pTH13195	eGFP.BHLHA9.FL	BHLHA9.FL	BHLHA9	Codebook clone	#N/A	#N/A	#N/A					chip		
8	pTH13609	pTH13195	eGFP.SOHLH1.FL	SOHLH1.FL	SOHLH1	Codebook clone	#N/A	#N/A	#N/A					#N/A		
9	pTH13612	pTH13195	eGFP.BATF2.FL	BATF2.FL	BATF2	Codebook clone	#N/A	#N/A	#N/A					chip		
10	pTH13613	pTH13195	eGFP.CREB3L3.FL	CREB3L3.FL	CREB3L3	Codebook clone	#N/A	#N/A	#N/A					#N/A		
11	pTH13614	pTH13195	eGFP.AC008770.FL	AC008770.FL	AC008770	Codebook clone	#N/A	#N/A	#N/A					chip		
12	pTH13615	pTH13195	eGFP.AC092835.FL	AC092835.FL	AC092835	Codebook clone	#N/A	#N/A	#N/A					chip		
13	pTH13621	pTH13195	eGFP.CCDC17.FL	CCDC17.FL	CCDC17	Codebook clone	#N/A	#N/A	#N/A					chip		
14	pTH13623	pTH13195	eGFP.CPXCR1.FL	CPXCR1.FL	CPXCR1	Codebook clone	#N/A	#N/A	#N/A					chip		
15	pTH13626	pTH13195	eGFP.FAM170A.FL	FAM170A.FL	FAM170A	Codebook clone	#N/A	#N/A	#N/A					#N/A		
16	pTH13627	pTH13195	eGFP.FIZ1.FL	FIZ1.FL	FIZ1	Codebook clone	#N/A	#N/A	#N/A					#N/A		
17	pTH13628	pTH13195	eGFP.JAZF1.FL	JAZF1.FL	JAZF1	Codebook clone	#N/A	#N/A	#N/A					#N/A		
18	pTH13630	pTH13195	eGFP.KIN.FL	KIN.FL	KIN	Codebook clone	#N/A	#N/A	#N/A					chip		
19	pTH13639	pTH13195	eGFP.PRMT3.FL	PRMT3.FL	PRMT3	Codebook clone	#N/A	#N/A	#N/A					#N/A		
20	pTH13643	pTH13195	eGFP.SLC2A4RG.FL	SLC2A4RG.FL	SLC2A4RG	Codebook clone	#N/A	#N/A	#N/A					#N/A		
21	pTH13644	pTH13195	eGFP.TRAFD1.FL	TRAFD1.FL	TRAFD1	Codebook clone	#N/A	#N/A	#N/A					chip		
22	pTH13648	pTH13195	eGFP.ZBTB46.FL	ZBTB46.FL	ZBTB46	Codebook clone	#N/A	#N/A	#N/A					chip		
23	pTH13651	pTH13195	eGFP.ZBTB8A.FL	ZBTB8A.FL	ZBTB8A	Codebook clone	#N/A	#N/A	#N/A					chip		
24	pTH13652	pTH13195	eGFP.ZBTB8B.FL	ZBTB8B.FL	ZBTB8B	Codebook clone	#N/A	#N/A	#N/A					chip		
25	pTH13654	pTH13195	eGFP.ZFP91.FL	ZFP91.FL	ZFP91	Codebook clone	#N/A	#N/A	#N/A					#N/A		
26	pTH13657	pTH13195	eGFP.ZKSCAN4.FL	ZKSCAN4.FL	ZKSCAN4	Codebook clone	#N/A	#N/A	#N/A					#N/A		
27	pTH13659	pTH13195	eGFP.ZMAT4.FL	ZMAT4.FL	ZMAT4	Codebook clone	#N/A	#N/A	#N/A					#N/A		
28	pTH13662	pTH13195	eGFP.ZNF14.FL	ZNF14.FL	ZNF14	Codebook clone	#N/A	#N/A	#N/A					#N/A		
29	pTH13665	pTH13195	eGFP.ZNF20.FL	ZNF20.FL	ZNF20	Codebook clone	#N/A	#N/A	#N/A					#N/A		
30	pTH13668	pTH13195	eGFP.ZNF215.FL	ZNF215.FL	ZNF215	Codebook clone	#N/A	#N/A	#N/A					chip		
31	pTH13671	pTH13195	eGFP.ZNF230.FL	ZNF230.FL	ZNF230	Codebook clone	#N/A	#N/A	#N/A					#N/A		
32	pTH13673	pTH13195	eGFP.ZNF234.FL	ZNF234.FL	ZNF234	Codebook clone	#N/A	#N/A	#N/A					#N/A		
33	pTH13675	pTH13195	eGFP.ZNF275.FL	ZNF275.FL	ZNF275	Codebook clone	#N/A	#N/A	#N/A					#N/A		
34	pTH13676	pTH13195	eGFP.ZNF280B.FL	ZNF280B.FL	ZNF280B	Codebook clone	#N/A	#N/A	#N/A					#N/A		
35	pTH13678	pTH13195	eGFP.ZNF286B.FL	ZNF286B.FL	ZNF286B	Codebook clone	#N/A	#N/A	#N/A					#N/A		
36	pTH13684	pTH13195	eGFP.ZNF358.FL	ZNF358.FL	ZNF358	Codebook clone	#N/A	#N/A	#N/A					#N/A		
37	pTH13685	pTH13195	eGFP.ZNF362.FL	ZNF362.FL	ZNF362	Codebook clone	#N/A	#N/A	#N/A					#N/A		
38	pTH13686	pTH13195	eGFP.ZNF365.FL	ZNF365.FL	ZNF365	Codebook clone	#N/A	#N/A	#N/A					chip		
39	pTH13688	pTH13195	eGFP.ZNF385B.FL	ZNF385B.FL	ZNF385B	Codebook clone	#N/A	#N/A	#N/A					#N/A		
40	pTH13689	pTH13195	eGFP.ZNF385C.FL	ZNF385C.FL	ZNF385C	Codebook clone	#N/A	#N/A	#N/A					#N/A		
41	pTH13690	pTH13195	eGFP.ZNF395.FL	ZNF395.FL	ZNF395	Codebook clone	#N/A	#N/A	#N/A					#N/A		
42	pTH13692	pTH13195	eGFP.ZNF428.FL	ZNF428.FL	ZNF428	Codebook clone	#N/A	#N/A	#N/A					chip		
43	pTH13694	pTH13195	eGFP.ZNF446.FL	ZNF446.FL	ZNF446	Codebook clone	#N/A	#N/A	#N/A					chip		
44	pTH13698	pTH13195	eGFP.ZNF474.FL	ZNF474.FL	ZNF474	Codebook clone	#N/A	#N/A	#N/A					#N/A		
45	pTH13699	pTH13195	eGFP.ZNF48.FL	ZNF48.FL	ZNF48	Codebook clone	#N/A	#N/A	#N/A					#N/A		
46	pTH13701	pTH13195	eGFP.ZNF497.FL	ZNF497.FL	ZNF497	Codebook clone	#N/A	#N/A	#N/A					#N/A		
47	pTH13702	pTH13195	eGFP.ZNF500.FL	ZNF500.FL	ZNF500	Codebook clone	#N/A	#N/A	#N/A					chip		
48	pTH13714	pTH13195	eGFP.ZNF57.FL	ZNF57.FL	ZNF57	Codebook clone	#N/A	#N/A	#N/A					#N/A		
49	pTH13715	pTH13195	eGFP.ZNF575.FL	ZNF575.FL	ZNF575	Codebook clone	#N/A	#N/A	#N/A					#N/A		
50	pTH13716	pTH13195	eGFP.ZNF578.FL	ZNF578.FL	ZNF578	Codebook clone	#N/A	#N/A	#N/A					#N/A		
51	pTH13725	pTH13195	eGFP.ZNF623.FL	ZNF623.FL	ZNF623	Codebook clone	#N/A	#N/A	#N/A					#N/A		
52	pTH13727	pTH13195	eGFP.ZNF639.FL	ZNF639.FL	ZNF639	Codebook clone	#N/A	#N/A	#N/A					#N/A		
53	pTH13730	pTH13195	eGFP.ZNF648.FL	ZNF648.FL	ZNF648	Codebook clone	#N/A	#N/A	#N/A					#N/A		
54	pTH13732	pTH13195	eGFP.ZNF66.FL	ZNF66.FL	ZNF66	Codebook clone	#N/A	#N/A	#N/A					#N/A		
55	pTH13735	pTH13195	eGFP.ZNF672.FL	ZNF672.FL	ZNF672	Codebook clone	#N/A	#N/A	#N/A					#N/A		
56	pTH13736	pTH13195	eGFP.ZNF676.FL	ZNF676.FL	ZNF676	Codebook clone	#N/A	#N/A	#N/A					#N/A		
57	pTH13737	pTH13195	eGFP.ZNF678.FL	ZNF678.FL	ZNF678	Codebook clone	#N/A	#N/A	#N/A					#N/A		
58	pTH13738	pTH13195	eGFP.ZNF683.FL	ZNF683.FL	ZNF683	Codebook clone	#N/A	#N/A	#N/A					#N/A		
59	pTH13740	pTH13195	eGFP.ZNF688.FL	ZNF688.FL	ZNF688	Codebook clone	#N/A	#N/A	#N/A					#N/A		
60	pTH13741	pTH13195	eGFP.ZNF689.FL	ZNF689.FL	ZNF689	Codebook clone	#N/A	#N/A	#N/A					#N/A		
61	pTH13742	pTH13195	eGFP.ZNF696.FL	ZNF696.FL	ZNF696	Codebook clone	#N/A	#N/A	#N/A					#N/A		
62	pTH13744	pTH13195	eGFP.ZNF70.FL	ZNF70.FL	ZNF70	Codebook clone	#N/A	#N/A	#N/A					#N/A		
63	pTH13746	pTH13195	eGFP.ZNF703.FL	ZNF703.FL	ZNF703	Codebook clone	#N/A	#N/A	#N/A					#N/A		
64	pTH13747	pTH13195	eGFP.ZNF705E.FL	ZNF705E.FL	ZNF705E	Codebook clone	#N/A	#N/A	#N/A					#N/A		
65	pTH13748	pTH13195	eGFP.ZNF706.FL	ZNF706.FL	ZNF706	Codebook clone	#N/A	#N/A	#N/A					chip		
66	pTH13749	pTH13195	eGFP.ZNF709.FL	ZNF709.FL	ZNF709	Codebook clone	#N/A	#N/A	#N/A					#N/A		
67	pTH13756	pTH13195	eGFP.ZNF732.FL	ZNF732.FL	ZNF732	Codebook clone	#N/A	#N/A	#N/A					#N/A		
68	pTH13759	pTH13195	eGFP.ZNF763.FL	ZNF763.FL	ZNF763	Codebook clone	#N/A	#N/A	#N/A					#N/A		
69	pTH13760	pTH13195	eGFP.ZNF772.FL	ZNF772.FL	ZNF772	Codebook clone	#N/A	#N/A	#N/A					#N/A		
70	pTH13761	pTH13195	eGFP.ZNF773.FL	ZNF773.FL	ZNF773	Codebook clone	#N/A	#N/A	#N/A					#N/A		
71	pTH13762	pTH13195	eGFP.ZNF775.FL	ZNF775.FL	ZNF775	Codebook clone	#N/A	#N/A	#N/A					#N/A		
72	pTH13764	pTH13195	eGFP.ZNF781.FL	ZNF781.FL	ZNF781	Codebook clone	#N/A	#N/A	#N/A					#N/A		
73	pTH13765	pTH13195	eGFP.ZNF788.FL	ZNF788.FL	ZNF788P	Codebook clone	#N/A	#N/A	#N/A					#N/A		
74	pTH13771	pTH13195	eGFP.ZNF83.FL	ZNF83.FL	ZNF83	Codebook clone	#N/A	#N/A	#N/A					#N/A		
75	pTH13780	pTH13195	eGFP.ZNF878.FL	ZNF878.FL	ZNF878	Codebook clone	#N/A	#N/A	#N/A					#N/A		
76	pTH13783	pTH13195	eGFP.ZNF92.FL	ZNF92.FL	ZNF92	Codebook clone	#N/A	#N/A	#N/A					#N/A		
77	pTH13785	pTH13195	eGFP.ZSCAN18.FL	ZSCAN18.FL	ZSCAN18	Codebook clone	#N/A	#N/A	#N/A					chip		
78	pTH13787	pTH13195	eGFP.ZSCAN25.FL	ZSCAN25.FL	ZSCAN25	Codebook clone	#N/A	#N/A	#N/A					chip		
79	pTH13788	pTH13195	eGFP.ZUFSP.FL	ZUFSP.FL	ZUP1	Codebook clone	#N/A	#N/A	#N/A					#N/A		
80	pTH13792	pTH13195	eGFP.MBNL2.FL	MBNL2.FL	MBNL2	Codebook clone	#N/A	#N/A	#N/A					#N/A		
81	pTH13793	pTH13195	eGFP.ZC3H8.FL	ZC3H8.FL	ZC3H8	Codebook clone	#N/A	#N/A	#N/A					chip		
82	pTH13794	pTH13195	eGFP.ZGPAT.FL	ZGPAT.FL	ZGPAT	Codebook clone	#N/A	#N/A	#N/A					#N/A		
83	pTH13795	pTH13195	eGFP.JRK.FL	JRK.FL	JRK	Codebook clone	#N/A	#N/A	#N/A					chip		
84	pTH13796	pTH13195	eGFP.TIGD3.FL	TIGD3.FL	TIGD3	Codebook clone	#N/A	#N/A	#N/A					chip		
85	pTH13797	pTH13195	eGFP.TIGD4.FL	TIGD4.FL	TIGD4	Codebook clone	#N/A	#N/A	#N/A					chip		
86	pTH13799	pTH13195	eGFP.TIGD7.FL	TIGD7.FL	TIGD7	Codebook clone	#N/A	#N/A	#N/A					chip		
87	pTH13802	pTH13195	eGFP.CXXC4.FL	CXXC4.FL	CXXC4	Codebook clone	#N/A	#N/A	#N/A					chip		
88	pTH13806	pTH13195	eGFP.DMRTB1.FL	DMRTB1.FL	DMRTB1	Codebook clone	#N/A	#N/A	#N/A					#N/A		
89	pTH13807	pTH13195	eGFP.FLYWCH1.FL	FLYWCH1.FL	FLYWCH1	Codebook clone	#N/A	#N/A	#N/A					#N/A		
90	pTH13809	pTH13195	eGFP.GATAD2B.FL	GATAD2B.FL	GATAD2B	Codebook clone	#N/A	#N/A	#N/A					#N/A		
91	pTH13810	pTH13195	eGFP.ZGLP1.FL	ZGLP1.FL	ZGLP1	Codebook clone	#N/A	#N/A	#N/A					#N/A		
92	pTH13814	pTH13195	eGFP.HMG20A.FL	HMG20A.FL	HMG20A	Codebook clone	#N/A	#N/A	#N/A					#N/A		
93	pTH13815	pTH13195	eGFP.HMGN3.FL	HMGN3.FL	HMGN3	Codebook clone	#N/A	#N/A	#N/A					#N/A		
94	pTH13818	pTH13195	eGFP.LEUTX.FL	LEUTX.FL	LEUTX	Codebook clone	#N/A	#N/A	#N/A					#N/A		
95	pTH13819	pTH13195	eGFP.MKX.FL	MKX.FL	MKX	Codebook clone	#N/A	#N/A	#N/A					#N/A		
96	pTH13820	pTH13195	eGFP.NANOGNB.FL	NANOGNB.FL	NANOGNB	Codebook clone	#N/A	#N/A	#N/A					#N/A		
97	pTH13821	pTH13195	eGFP.TPRX1.FL	TPRX1.FL	TPRX1	Codebook clone	#N/A	#N/A	#N/A					#N/A		
98	pTH13824	pTH13195	eGFP.POU5F2.FL	POU5F2.FL	POU5F2	Codebook clone	#N/A	#N/A	#N/A					#N/A		
99	pTH13825	pTH13195	eGFP.HSFX1.FL	HSFX1.FL	HSFX1	Codebook clone	#N/A	#N/A	#N/A					#N/A		
100	pTH13826	pTH13195	eGFP.HSFX2.FL	HSFX2.FL	HSFX2	Codebook clone	#N/A	#N/A	#N/A					#N/A		
101	pTH13827	pTH13195	eGFP.MSANTD1.FL	MSANTD1.FL	MSANTD1	Codebook clone	#N/A	#N/A	#N/A					#N/A		
102	pTH13828	pTH13195	eGFP.MBD3.FL	MBD3.FL	MBD3	Codebook clone	#N/A	#N/A	#N/A					#N/A		
103	pTH13829	pTH13195	eGFP.MBD4.FL	MBD4.FL	MBD4	Codebook clone	#N/A	#N/A	#N/A					#N/A		
104	pTH13831	pTH13195	eGFP.PIN1.FL	PIN1.FL	PIN1	Codebook clone	#N/A	#N/A	#N/A					#N/A		
105	pTH13834	pTH13195	eGFP.MTERF2.FL	MTERF2.FL	MTERF2	Codebook clone	#N/A	#N/A	#N/A					#N/A		
106	pTH13835	pTH13195	eGFP.MTERF3.FL	MTERF3.FL	MTERF3	Codebook clone	#N/A	#N/A	#N/A					chip		
107	pTH13836	pTH13195	eGFP.MTERF4.FL	MTERF4.FL	MTERF4	Codebook clone	#N/A	#N/A	#N/A					#N/A		
108	pTH13838	pTH13195	eGFP.MSANTD4.FL	MSANTD4.FL	MSANTD4	Codebook clone	#N/A	#N/A	#N/A					#N/A		
109	pTH13839	pTH13195	eGFP.MYPOP.FL	MYPOP.FL	MYPOP	Codebook clone	#N/A	#N/A	#N/A					#N/A		
110	pTH13842	pTH13195	eGFP.TERF1.FL	TERF1.FL	TERF1	Codebook clone	#N/A	#N/A	#N/A					#N/A		
111	pTH13849	pTH13195	eGFP.BRF2.FL	BRF2.FL	BRF2	Codebook clone	#N/A	#N/A	#N/A					#N/A		
112	pTH13851	pTH13195	eGFP.CENPA.FL	CENPA.FL	CENPA	Codebook clone	#N/A	#N/A	#N/A					#N/A		
113	pTH13852	pTH13195	eGFP.CENPS.FL	CENPS.FL	CENPS	Codebook clone	#N/A	#N/A	#N/A					#N/A		
114	pTH13853	pTH13195	eGFP.CENPT.FL	CENPT.FL	CENPT	Codebook clone	#N/A	#N/A	#N/A					#N/A		
115	pTH13854	pTH13195	eGFP.CENPX.FL	CENPX.FL	CENPX	Codebook clone	#N/A	#N/A	#N/A					#N/A		
116	pTH13855	pTH13195	eGFP.CGGBP1.FL	CGGBP1.FL	CGGBP1	Codebook clone	#N/A	#N/A	#N/A					#N/A		
117	pTH13856	pTH13195	eGFP.CHCHD3.FL	CHCHD3.FL	CHCHD3	Codebook clone	#N/A	#N/A	#N/A					#N/A		
118	pTH13857	pTH13195	eGFP.CSRNP1.FL	CSRNP1.FL	CSRNP1	Codebook clone	#N/A	#N/A	#N/A					#N/A		
119	pTH13858	pTH13195	eGFP.CSRNP2.FL	CSRNP2.FL	CSRNP2	Codebook clone	#N/A	#N/A	#N/A					#N/A		
120	pTH13861	pTH13195	eGFP.DACH2.FL	DACH2.FL	DACH2	Codebook clone	#N/A	#N/A	#N/A					#N/A		
121	pTH13862	pTH13195	eGFP.DR1.FL	DR1.FL	DR1	Codebook clone	#N/A	#N/A	#N/A					#N/A		
122	pTH13863	pTH13195	eGFP.DRAP1.FL	DRAP1.FL	DRAP1	Codebook clone	#N/A	#N/A	#N/A					#N/A		
123	pTH13864	pTH13195	eGFP.GLMP.FL	GLMP.FL	GLMP	Codebook clone	#N/A	#N/A	#N/A					#N/A		
124	pTH13865	pTH13195	eGFP.GPBP1.FL	GPBP1.FL	GPBP1	Codebook clone	#N/A	#N/A	#N/A					#N/A		
125	pTH13866	pTH13195	eGFP.GPBP1L1.FL	GPBP1L1.FL	GPBP1L1	Codebook clone	#N/A	#N/A	#N/A					#N/A		
126	pTH13867	pTH13195	eGFP.KCNIP3.FL	KCNIP3.FL	KCNIP3	Codebook clone	#N/A	#N/A	#N/A					#N/A		
127	pTH13868	pTH13195	eGFP.NACC2.FL	NACC2.FL	NACC2	Codebook clone	#N/A	#N/A	#N/A					chip		
128	pTH13870	pTH13195	eGFP.NME2.FL	NME2.FL	NME2	Codebook clone	#N/A	#N/A	#N/A					chip		
129	pTH13871	pTH13195	eGFP.PA2G4.FL	PA2G4.FL	PA2G4	Codebook clone	#N/A	#N/A	#N/A					#N/A		
130	pTH13872	pTH13195	eGFP.PCGF2.FL	PCGF2.FL	PCGF2	Codebook clone	#N/A	#N/A	#N/A					#N/A		
131	pTH13873	pTH13195	eGFP.PCGF6.FL	PCGF6.FL	PCGF6	Codebook clone	#N/A	#N/A	#N/A					#N/A		
132	pTH13874	pTH13195	eGFP.PHF19.FL	PHF19.FL	PHF19	Codebook clone	#N/A	#N/A	#N/A					#N/A		
133	pTH13875	pTH13195	eGFP.PLSCR1.FL	PLSCR1.FL	PLSCR1	Codebook clone	#N/A	#N/A	#N/A					#N/A		
134	pTH13876	pTH13195	eGFP.PREB.FL	PREB.FL	PREB	Codebook clone	#N/A	#N/A	#N/A					#N/A		
135	pTH13880	pTH13195	eGFP.RBCK1.FL	RBCK1.FL	RBCK1	Codebook clone	#N/A	#N/A	#N/A					#N/A		
136	pTH13887	pTH13195	eGFP.SMYD3.FL	SMYD3.FL	SMYD3	Codebook clone	#N/A	#N/A	#N/A					chip		
137	pTH13888	pTH13195	eGFP.SNAPC2.FL	SNAPC2.FL	SNAPC2	Codebook clone	#N/A	#N/A	#N/A					chip		
138	pTH13889	pTH13195	eGFP.SNAPC5.FL	SNAPC5.FL	SNAPC5	Codebook clone	#N/A	#N/A	#N/A					chip		
139	pTH13893	pTH13195	eGFP.THYN1.FL	THYN1.FL	THYN1	Codebook clone	#N/A	#N/A	#N/A					chip		
140	pTH13896	pTH13195	eGFP.RFX8.FL	RFX8.FL	RFX8	Codebook clone	#N/A	#N/A	#N/A					chip		
141	pTH13900	pTH13195	eGFP.SP140L.FL	SP140L.FL	SP140L	Codebook clone	#N/A	#N/A	#N/A					chip		
142	pTH13901	pTH13195	eGFP.TBPL1.FL	TBPL1.FL	TBPL1	Codebook clone	#N/A	#N/A	#N/A					chip		
143	pTH13902	pTH13195	eGFP.THAP10.FL	THAP10.FL	THAP10	Codebook clone	#N/A	#N/A	#N/A					#N/A		
144	pTH13903	pTH13195	eGFP.THAP11.FL	THAP11.FL	THAP11	Codebook clone	#N/A	#N/A	#N/A					chip		
145	pTH13904	pTH13195	eGFP.THAP2.FL	THAP2.FL	THAP2	Codebook clone	#N/A	#N/A	#N/A					chip		
146	pTH13905	pTH13195	eGFP.THAP4.FL	THAP4.FL	THAP4	Codebook clone	#N/A	#N/A	#N/A					#N/A		
147	pTH13906	pTH13195	eGFP.THAP5.FL	THAP5.FL	THAP5	Codebook clone	#N/A	#N/A	#N/A					#N/A		
148	pTH13907	pTH13195	eGFP.THAP6.FL	THAP6.FL	THAP6	Codebook clone	#N/A	#N/A	#N/A					#N/A		
149	pTH13908	pTH13195	eGFP.THAP7.FL	THAP7.FL	THAP7	Codebook clone	#N/A	#N/A	#N/A					#N/A		
150	pTH13909	pTH13195	eGFP.THAP8.FL	THAP8.FL	THAP8	Codebook clone	#N/A	#N/A	#N/A					#N/A		
151	pTH13695	pTH13195	eGFP.ZNF469.FL	ZNF469.FL	ZNF469	Codebook clone	#N/A	#N/A	#N/A					#N/A		
152	pTH14549	pTH13195	eGFP.MGA.FL	MGA.FL	MGA	Codebook clone	#N/A	#N/A	#N/A					#N/A		
153	pTH13679	pTH13195	eGFP.ZNF292.FL	ZNF292.FL	ZNF292	Codebook clone	#N/A	#N/A	#N/A					#N/A		
154	pTH13890	pTH13195	eGFP.SON.FL	SON.FL	SON	Codebook clone	#N/A	#N/A	#N/A					#N/A		
155	pTH13590	pTH13195	eGFP.AHCTF1.FL	AHCTF1.FL	AHCTF1	Codebook clone	#N/A	#N/A	#N/A					chip		
156	pTH13680	pTH13195	eGFP.ZNF318.FL	ZNF318.FL	ZNF318	Codebook clone	#N/A	#N/A	#N/A					chip		
157	pTH13691	pTH13195	eGFP.ZNF407.FL	ZNF407.FL	ZNF407	Codebook clone	#N/A	#N/A	#N/A					#N/A		
158	pTH13610	pTH13195	eGFP.USF3.FL	USF3.FL	USF3	Codebook clone	#N/A	#N/A	#N/A					#N/A		
159	pTH14547	pTH13195	eGFP.BAZ2B.FL	BAZ2B.FL	BAZ2B	Codebook clone	#N/A	#N/A	#N/A					#N/A		
160	pTH14542	pTH13195	eGFP.PRR12.FL	PRR12.FL	PRR12	Codebook clone	#N/A	#N/A	#N/A					#N/A		
161	pTH13892	pTH13195	eGFP.TET2.FL	TET2.FL	TET2	Codebook clone	#N/A	#N/A	#N/A					#N/A		
162	pTH13641	pTH13195	eGFP.RLF.FL	RLF.FL	RLF	Codebook clone	#N/A	#N/A	#N/A					#N/A		
163	pTH14548	pTH13195	eGFP.BAZ2A.FL	BAZ2A.FL	BAZ2A	Codebook clone	#N/A	#N/A	#N/A					#N/A		
164	pTH13589	pTH13195	eGFP.ARID2.FL	ARID2.FL	ARID2	Codebook clone	#N/A	#N/A	#N/A					chip		
165	pTH13729	pTH13195	eGFP.ZNF646.FL	ZNF646.FL	ZNF646	Codebook clone	#N/A	#N/A	#N/A					#N/A		
166	pTH13805	pTH13195	eGFP.TET3.FL	TET3.FL	TET3	Codebook clone	#N/A	#N/A	#N/A					#N/A		
167	pTH13620	pTH13195	eGFP.CASZ1.FL	CASZ1.FL	CASZ1	Codebook clone	#N/A	#N/A	#N/A					#N/A		
168	pTH13636	pTH13195	eGFP.PRDM2.FL	PRDM2.FL	PRDM2	Codebook clone	#N/A	#N/A	#N/A					#N/A		
169	pTH13663	pTH13195	eGFP.ZNF142.FL	ZNF142.FL	ZNF142	Codebook clone	#N/A	#N/A	#N/A					#N/A		
170	pTH13772	pTH13195	eGFP.ZNF831.FL	ZNF831.FL	ZNF831	Codebook clone	#N/A	#N/A	#N/A					#N/A		
171	pTH13800	pTH13195	eGFP.CAMTA1.FL	CAMTA1.FL	CAMTA1	Codebook clone	#N/A	#N/A	#N/A					chip		
172	pTH14544	pTH13195	eGFP.AHDC1.FL	AHDC1.FL	AHDC1	Codebook clone	#N/A	#N/A	#N/A					#N/A		
173	pTH13596	pTH13195	eGFP.SETBP1.FL	SETBP1.FL	SETBP1	Codebook clone	#N/A	#N/A	#N/A					chip		
174	pTH13633	pTH13195	eGFP.PEG3.FL	PEG3.FL	PEG3	Codebook clone	#N/A	#N/A	#N/A					chip		
175	pTH13588	pTH13195	eGFP.KDM5B.FL	KDM5B.FL	KDM5B	Codebook clone	#N/A	#N/A	#N/A					chip		
176	pTH14541	pTH13195	eGFP.DOT1L.FL	DOT1L.FL	DOT1L	Codebook clone	#N/A	#N/A	#N/A					#N/A		
177	pTH13722	pTH13195	eGFP.ZNF608.FL	ZNF608.FL	ZNF608	Codebook clone	#N/A	#N/A	#N/A					#N/A		
178	pTH13848	pTH13195	eGFP.ARHGAP35.FL	ARHGAP35.FL	ARHGAP35	Codebook clone	#N/A	#N/A	#N/A					chip		
179	pTH13607	pTH13195	eGFP.NCOA2.FL	NCOA2.FL	NCOA2	Codebook clone	#N/A	#N/A	#N/A					chip		
180	pTH13606	pTH13195	eGFP.NCOA1.FL	NCOA1.FL	NCOA1	Codebook clone	#N/A	#N/A	#N/A					chip		
181	pTH13591	pTH13195	eGFP.AKNA.FL	AKNA.FL	AKNA	Codebook clone	#N/A	#N/A	#N/A					chip		
182	pTH13608	pTH13195	eGFP.NCOA3.FL	NCOA3.FL	NCOA3	Codebook clone	#N/A	#N/A	#N/A					#N/A		
183	pTH13625	pTH13195	eGFP.EEA1.FL	EEA1.FL	EEA1	Codebook clone	#N/A	#N/A	#N/A					#N/A		
184	pTH13723	pTH13195	eGFP.ZNF609.FL	ZNF609.FL	ZNF609	Codebook clone	#N/A	#N/A	#N/A					chip		
185	pTH13682	pTH13195	eGFP.ZNF335.FL	ZNF335.FL	ZNF335	Codebook clone	#N/A	#N/A	#N/A					#N/A		
186	pTH13728	pTH13195	eGFP.ZNF644.FL	ZNF644.FL	ZNF644	Codebook clone	#N/A	#N/A	#N/A					#N/A		
187	pTH13604	pTH13195	eGFP.ZBED9.FL	ZBED9.FL	ZBED9	Codebook clone	#N/A	#N/A	#N/A					chip		
188	pTH13709	pTH13195	eGFP.ZNF532.FL	ZNF532.FL	ZNF532	Codebook clone	#N/A	#N/A	#N/A					#N/A		
189	pTH13642	pTH13195	eGFP.SALL3.FL	SALL3.FL	SALL3	Codebook clone	#N/A	#N/A	#N/A					#N/A		
190	pTH13710	pTH13195	eGFP.ZNF536.FL	ZNF536.FL	ZNF536	Codebook clone	#N/A	#N/A	#N/A					#N/A		
191	pTH13667	pTH13195	eGFP.ZNF208.FL	ZNF208.FL	ZNF208	Codebook clone	#N/A	#N/A	#N/A					#N/A		
192	pTH13719	pTH13195	eGFP.ZNF592.FL	ZNF592.FL	ZNF592	Codebook clone	#N/A	#N/A	#N/A					#N/A		
193	pTH13755	pTH13195	eGFP.ZNF729.FL	ZNF729.FL	ZNF729	Codebook clone	#N/A	#N/A	#N/A					#N/A		
194	pTH13653	pTH13195	eGFP.ZFAT.FL	ZFAT.FL	ZFAT	Codebook clone	#N/A	#N/A	#N/A					#N/A		
195	pTH13801	pTH13195	eGFP.CAMTA2.FL	CAMTA2.FL	CAMTA2	Codebook clone	#N/A	#N/A	#N/A					chip		
196	pTH13646	pTH13195	eGFP.ZBTB40.FL	ZBTB40.FL	ZBTB40	Codebook clone	#N/A	#N/A	#N/A					chip		
197	pTH13739	pTH13195	eGFP.ZNF687.FL	ZNF687.FL	ZNF687	Codebook clone	#N/A	#N/A	#N/A					#N/A		
198	pTH13767	pTH13195	eGFP.ZNF804A.FL	ZNF804A.FL	ZNF804A	Codebook clone	#N/A	#N/A	#N/A					#N/A		
199	pTH13782	pTH13195	eGFP.ZNF91.FL	ZNF91.FL	ZNF91	Codebook clone	#N/A	#N/A	#N/A					#N/A		
200	pTH13602	pTH13195	eGFP.ZBED4.FL	ZBED4.FL	ZBED4	Codebook clone	#N/A	#N/A	#N/A					chip		
201	pTH13706	pTH13195	eGFP.ZNF516.FL	ZNF516.FL	ZNF516	Codebook clone	#N/A	#N/A	#N/A					#N/A		
202	pTH13804	pTH13195	eGFP.KDM2A.FL	KDM2A.FL	KDM2A	Codebook clone	#N/A	#N/A	#N/A					#N/A		
203	pTH13634	pTH13195	eGFP.PRDM10.FL	PRDM10.FL	PRDM10	Codebook clone	#N/A	#N/A	#N/A					chip		
204	pTH13847	pTH13195	eGFP.AEBP1.FL	AEBP1.FL	AEBP1	Codebook clone	#N/A	#N/A	#N/A					#N/A		
205	pTH13656	pTH13195	eGFP.ZFPM2.FL	ZFPM2.FL	ZFPM2	Codebook clone	#N/A	#N/A	#N/A					#N/A		
206	pTH13632	pTH13195	eGFP.MYT1.FL	MYT1.FL	MYT1	Codebook clone	#N/A	#N/A	#N/A					#N/A		
207	pTH13817	pTH13195	eGFP.ADNP2.FL	ADNP2.FL	ADNP2	Codebook clone	#N/A	#N/A	#N/A					chip		
208	pTH13731	pTH13195	eGFP.ZNF654.FL	ZNF654.FL	ZNF654	Codebook clone	#N/A	#N/A	#N/A					#N/A		
209	pTH13845	pTH13195	eGFP.NFX1.FL	NFX1.FL	NFX1	Codebook clone	#N/A	#N/A	#N/A					#N/A		
210	pTH13816	pTH13195	eGFP.ADNP.FL	ADNP.FL	ADNP	Codebook clone	#N/A	#N/A	#N/A					#N/A		
211	pTH13894	pTH13195	eGFP.TMF1.FL	TMF1.FL	TMF1	Codebook clone	#N/A	#N/A	#N/A					#N/A		
212	pTH13777	pTH13195	eGFP.ZNF850.FL	ZNF850.FL	ZNF850	Codebook clone	#N/A	#N/A	#N/A					#N/A		
213	pTH13770	pTH13195	eGFP.ZNF827.FL	ZNF827.FL	ZNF827	Codebook clone	#N/A	#N/A	#N/A					chip		
214	pTH13707	pTH13195	eGFP.ZNF518B.FL	ZNF518B.FL	ZNF518B	Codebook clone	#N/A	#N/A	#N/A					#N/A		
215	pTH13895	pTH13195	eGFP.TSC22D1.FL	TSC22D1.FL	TSC22D1	Codebook clone	#N/A	#N/A	#N/A					#N/A		
216	pTH13779	pTH13195	eGFP.ZNF865.FL	ZNF865.FL	ZNF865	Codebook clone	#N/A	#N/A	#N/A					#N/A		
217	pTH13599	pTH13195	eGFP.SGSM2.FL	SGSM2.FL	SGSM2	Codebook clone	#N/A	#N/A	#N/A					chip		
218	pTH13879	pTH13195	eGFP.RAG1.FL	RAG1.FL	RAG1	Codebook clone	#N/A	#N/A	#N/A					#N/A		
219	pTH13645	pTH13195	eGFP.TSHZ2.FL	TSHZ2.FL	TSHZ2	Codebook clone	#N/A	#N/A	#N/A					#N/A		
220	pTH14546	pTH13195	eGFP.PHF20.FL	PHF20.FL	PHF20	Codebook clone	#N/A	#N/A	#N/A					chip		
221	pTH13655	pTH13195	eGFP.ZFPM1.FL	ZFPM1.FL	ZFPM1	Codebook clone	#N/A	#N/A	#N/A					#N/A		
222	pTH13830	pTH13195	eGFP.MBD6.FL	MBD6.FL	MBD6	Codebook clone	#N/A	#N/A	#N/A					#N/A		
223	pTH13677	pTH13195	eGFP.ZNF280D.FL	ZNF280D.FL	ZNF280D	Codebook clone	#N/A	#N/A	#N/A					#N/A		
224	pTH13776	pTH13195	eGFP.ZNF845.FL	ZNF845.FL	ZNF845	Codebook clone	#N/A	#N/A	#N/A					#N/A		
225	pTH13823	pTH13195	eGFP.ZHX3.FL	ZHX3.FL	ZHX3	Codebook clone	#N/A	#N/A	#N/A					#N/A		
226	pTH13704	pTH13195	eGFP.ZNF507.FL	ZNF507.FL	ZNF507	Codebook clone	#N/A	#N/A	#N/A					chip		
227	pTH13724	pTH13195	eGFP.ZNF618.FL	ZNF618.FL	ZNF618	Codebook clone	#N/A	#N/A	#N/A					#N/A		
228	pTH13883	pTH13195	eGFP.SAFB2.FL	SAFB2.FL	SAFB2	Codebook clone	#N/A	#N/A	#N/A					chip		
229	pTH13850	pTH13195	eGFP.CC2D1A.FL	CC2D1A.FL	CC2D1A	Codebook clone	#N/A	#N/A	#N/A					#N/A		
230	pTH13812	pTH13195	eGFP.GTF2IRD2.FL	GTF2IRD2.FL	GTF2IRD2	Codebook clone	#N/A	#N/A	#N/A					#N/A		
231	pTH13813	pTH13195	eGFP.GTF2IRD2B.FL	GTF2IRD2B.FL	GTF2IRD2B	Codebook clone	#N/A	#N/A	#N/A					#N/A		
232	pTH13773	pTH13195	eGFP.ZNF836.FL	ZNF836.FL	ZNF836	Codebook clone	#N/A	#N/A	#N/A					#N/A		
233	pTH13774	pTH13195	eGFP.ZNF841.FL	ZNF841.FL	ZNF841	Codebook clone	#N/A	#N/A	#N/A					#N/A		
234	pTH13751	pTH13195	eGFP.ZNF721.FL	ZNF721.FL	ZNF721	Codebook clone	#N/A	#N/A	#N/A					#N/A		
235	pTH13507	pTH13195	eGFP.SAFB.FL	SAFB.FL	SAFB	Codebook clone	#N/A	#N/A	#N/A					#N/A		
236	pTH13882	pTH13195	eGFP.SAFB.FL	SAFB.FL	SAFB	Codebook clone	#N/A	#N/A	#N/A					#N/A		
237	pTH13846	pTH13195	eGFP.NFXL1.FL	NFXL1.FL	NFXL1	Codebook clone	#N/A	#N/A	#N/A					#N/A		
238	pTH13844	pTH13195	eGFP.MYRFL.FL	MYRFL.FL	MYRFL	Codebook clone	#N/A	#N/A	#N/A					#N/A		
239	pTH13647	pTH13195	eGFP.ZBTB41.FL	ZBTB41.FL	ZBTB41	Codebook clone	#N/A	#N/A	#N/A					chip		
240	pTH13843	pTH13195	eGFP.TTF1.FL	TTF1.FL	TTF1	Codebook clone	#N/A	#N/A	#N/A					#N/A		
241	pTH13910	pTH13195	eGFP.THAP9.FL	THAP9.FL	THAP9	Codebook clone	#N/A	#N/A	#N/A					#N/A		
242	pTH13897	pTH13195	eGFP.SP100.FL	SP100.FL	SP100	Codebook clone	#N/A	#N/A	#N/A					#N/A		
243	pTH13624	pTH13195	eGFP.DZIP1.FL	DZIP1.FL	DZIP1	Codebook clone	#N/A	#N/A	#N/A					chip		
244	pTH13899	pTH13195	eGFP.SP140.FL	SP140.FL	SP140	Codebook clone	#N/A	#N/A	#N/A					chip		
245	pTH13750	pTH13195	eGFP.ZNF717.FL	ZNF717.FL	ZNF717	Codebook clone	#N/A	#N/A	#N/A					#N/A		
246	pTH13791	pTH13195	eGFP.ZXDC.FL	ZXDC.FL	ZXDC	Codebook clone	#N/A	#N/A	#N/A					#N/A		
247	pTH13769	pTH13195	eGFP.ZNF814.FL	ZNF814.FL	ZNF814	Codebook clone	#N/A	#N/A	#N/A					#N/A		
248	pTH13660	pTH13195	eGFP.ZNF107.FL	ZNF107.FL	ZNF107	Codebook clone	#N/A	#N/A	#N/A					#N/A		
249	pTH13720	pTH13195	eGFP.ZNF598.FL	ZNF598.FL	ZNF598	Codebook clone	#N/A	#N/A	#N/A					#N/A		
250	pTH13683	pTH13195	eGFP.ZNF347.FL	ZNF347.FL	ZNF347	Codebook clone	#N/A	#N/A	#N/A					#N/A		
251	pTH13822	pTH13195	eGFP.ZHX2.FL	ZHX2.FL	ZHX2	Codebook clone	#N/A	#N/A	#N/A					#N/A		
252	pTH13763	pTH13195	eGFP.ZNF780B.FL	ZNF780B.FL	ZNF780B	Codebook clone	#N/A	#N/A	#N/A					#N/A		
253	pTH13840	pTH13195	eGFP.MYSM1.FL	MYSM1.FL	MYSM1	Codebook clone	#N/A	#N/A	#N/A					#N/A		
254	pTH13670	pTH13195	eGFP.ZNF229.FL	ZNF229.FL	ZNF229	Codebook clone	#N/A	#N/A	#N/A					#N/A		
255	pTH13619	pTH13195	eGFP.ATMIN.FL	ATMIN.FL	ATMIN	Codebook clone	#N/A	#N/A	#N/A					chip		
256	pTH13664	pTH13195	eGFP.ZNF160.FL	ZNF160.FL	ZNF160	Codebook clone	#N/A	#N/A	#N/A					#N/A		
257	pTH13693	pTH13195	eGFP.ZNF43.FL	ZNF43.FL	ZNF43	Codebook clone	#N/A	#N/A	#N/A					#N/A		
258	pTH13622	pTH13195	eGFP.CHAMP1.FL	CHAMP1.FL	CHAMP1	Codebook clone	#N/A	#N/A	#N/A					chip		
259	pTH13669	pTH13195	eGFP.ZNF226.FL	ZNF226.FL	ZNF226	Codebook clone	#N/A	#N/A	#N/A					#N/A		
260	pTH13790	pTH13195	eGFP.ZXDB.FL	ZXDB.FL	ZXDB	Codebook clone	#N/A	#N/A	#N/A					#N/A		
261	pTH13789	pTH13195	eGFP.ZXDA.FL	ZXDA.FL	ZXDA	Codebook clone	#N/A	#N/A	#N/A					#N/A		
262	pTH13721	pTH13195	eGFP.ZNF606.FL	ZNF606.FL	ZNF606	Codebook clone	#N/A	#N/A	#N/A					chip		
263	pTH13640	pTH13195	eGFP.RBSN.FL	RBSN.FL	RBSN	Codebook clone	#N/A	#N/A	#N/A					#N/A		
264	pTH13700	pTH13195	eGFP.ZNF493.FL	ZNF493.FL	ZNF493	Codebook clone	#N/A	#N/A	#N/A					#N/A		
265	pTH13837	pTH13195	eGFP.DMTF1.FL	DMTF1.FL	DMTF1	Codebook clone	#N/A	#N/A	#N/A					#N/A		
266	pTH13860	pTH13195	eGFP.DACH1.FL	DACH1.FL	DACH1	Codebook clone	#N/A	#N/A	#N/A					#N/A		
267	pTH13649	pTH13195	eGFP.ZBTB47.FL	ZBTB47.FL	ZBTB47	Codebook clone	#N/A	#N/A	#N/A					chip		
268	pTH13745	pTH13195	eGFP.ZNF700.FL	ZNF700.FL	ZNF700	Codebook clone	#N/A	#N/A	#N/A					#N/A		
269	pTH13753	pTH13195	eGFP.ZNF726.FL	ZNF726.FL	ZNF726	Codebook clone	#N/A	#N/A	#N/A					#N/A		
270	pTH13885	pTH13195	eGFP.SKI.FL	SKI.FL	SKI	Codebook clone	#N/A	#N/A	#N/A					#N/A		
271	pTH13841	pTH13195	eGFP.TERB1.FL	TERB1.FL	TERB1	Codebook clone	#N/A	#N/A	#N/A					chip		
272	pTH13618	pTH13195	eGFP.ANKZF1.FL	ANKZF1.FL	ANKZF1	Codebook clone	#N/A	#N/A	#N/A					chip		
273	pTH13758	pTH13195	eGFP.ZNF750.FL	ZNF750.FL	ZNF750	Codebook clone	#N/A	#N/A	#N/A					chip		
274	pTH13832	pTH13195	eGFP.SETDB2.FL	SETDB2.FL	SETDB2	Codebook clone	#N/A	#N/A	#N/A					#N/A		
275	pTH13781	pTH13195	eGFP.ZNF888.FL	ZNF888.FL	ZNF888	Codebook clone	#N/A	#N/A	#N/A					#N/A		
276	pTH13696	pTH13195	eGFP.ZNF470.FL	ZNF470.FL	ZNF470	Codebook clone	#N/A	#N/A	#N/A					#N/A		
277	pTH13898	pTH13195	eGFP.SP110.FL	SP110.FL	SP110	Codebook clone	#N/A	#N/A	#N/A					chip		
278	pTH13635	pTH13195	eGFP.PRDM13.FL	PRDM13.FL	PRDM13	Codebook clone	#N/A	#N/A	#N/A					chip		
279	pTH13869	pTH13195	eGFP.NKRF.FL	NKRF.FL	NKRF	Codebook clone	#N/A	#N/A	#N/A					#N/A		
280	pTH14540	pTH13195	eGFP.ZBTB24.FL	ZBTB24.FL	ZBTB24	Codebook clone	#N/A	#N/A	#N/A					chip		
281	pTH13803	pTH13195	eGFP.FBXL19.FL	FBXL19.FL	FBXL19	Codebook clone	#N/A	#N/A	#N/A					chip		
282	pTH13603	pTH13195	eGFP.ZBED5.FL	ZBED5.FL	ZBED5	Codebook clone	#N/A	#N/A	#N/A					chip		
283	pTH13616	pTH13195	eGFP.AKAP8.FL	AKAP8.FL	AKAP8	Codebook clone	#N/A	#N/A	#N/A					chip		
284	pTH13638	pTH13195	eGFP.PRDM8.FL	PRDM8.FL	PRDM8	Codebook clone	#N/A	#N/A	#N/A					#N/A		
285	pTH13713	pTH13195	eGFP.ZNF569.FL	ZNF569.FL	ZNF569	Codebook clone	#N/A	#N/A	#N/A					#N/A		
286	pTH13886	pTH13195	eGFP.SKIL.FL	SKIL.FL	SKIL	Codebook clone	#N/A	#N/A	#N/A					#N/A		
287	pTH13705	pTH13195	eGFP.ZNF510.FL	ZNF510.FL	ZNF510	Codebook clone	#N/A	#N/A	#N/A					#N/A		
288	pTH13594	pTH13195	eGFP.PHF21A.FL	PHF21A.FL	PHF21A	Codebook clone	#N/A	#N/A	#N/A					chip		
289	pTH13733	pTH13195	eGFP.ZNF665.FL	ZNF665.FL	ZNF665	Codebook clone	#N/A	#N/A	#N/A					#N/A		
290	pTH13650	pTH13195	eGFP.ZBTB5.FL	ZBTB5.FL	ZBTB5	Codebook clone	#N/A	#N/A	#N/A					chip		
291	pTH13674	pTH13195	eGFP.ZNF251.FL	ZNF251.FL	ZNF251	Codebook clone	#N/A	#N/A	#N/A					#N/A		
292	pTH13672	pTH13195	eGFP.ZNF233.FL	ZNF233.FL	ZNF233	Codebook clone	#N/A	#N/A	#N/A					#N/A		
293	pTH13708	pTH13195	eGFP.ZNF526.FL	ZNF526.FL	ZNF526	Codebook clone	#N/A	#N/A	#N/A					#N/A		
294	pTH13711	pTH13195	eGFP.ZNF551.FL	ZNF551.FL	ZNF551	Codebook clone	#N/A	#N/A	#N/A					#N/A		
295	pTH13775	pTH13195	eGFP.ZNF844.FL	ZNF844.FL	ZNF844	Codebook clone	#N/A	#N/A	#N/A					#N/A		
296	pTH13766	pTH13195	eGFP.ZNF800.FL	ZNF800.FL	ZNF800	Codebook clone	#N/A	#N/A	#N/A					#N/A		
297	pTH13884	pTH13195	eGFP.SCMH1.FL	SCMH1.FL	SCMH1	Codebook clone	#N/A	#N/A	#N/A					#N/A		
298	pTH13778	pTH13195	eGFP.ZNF853.FL	ZNF853.FL	ZNF853	Codebook clone	#N/A	#N/A	#N/A					#N/A		
299	pTH13598	pTH13195	eGFP.FAM200B.FL	FAM200B.FL	FAM200B	Codebook clone	#N/A	#N/A	#N/A					#N/A		
300	pTH13726	pTH13195	eGFP.ZNF630.FL	ZNF630.FL	ZNF630	Codebook clone	#N/A	#N/A	#N/A					#N/A		
301	pTH13833	pTH13195	eGFP.MBD1.FL	MBD1.FL	MBD1	Codebook clone	#N/A	#N/A	#N/A					#N/A		
302	pTH13617	pTH13195	eGFP.AKAP8L.FL	AKAP8L.FL	AKAP8L	Codebook clone	#N/A	#N/A	#N/A					chip		
303	pTH13703	pTH13195	eGFP.ZNF503.FL	ZNF503.FL	ZNF503	Codebook clone	#N/A	#N/A	#N/A					chip		
304	pTH13757	pTH13195	eGFP.ZNF746.FL	ZNF746.FL	ZNF746	Codebook clone	#N/A	#N/A	#N/A					#N/A		
305	pTH13712	pTH13195	eGFP.ZNF568.FL	ZNF568.FL	ZNF568	Codebook clone	#N/A	#N/A	#N/A					#N/A		
306	pTH13798	pTH13195	eGFP.TIGD5.FL	TIGD5.FL	TIGD5	Codebook clone	#N/A	#N/A	#N/A					chip		
307	pTH13734	pTH13195	eGFP.ZNF668.FL	ZNF668.FL	ZNF668	Codebook clone	#N/A	#N/A	#N/A					#N/A		
308	pTH13743	pTH13195	eGFP.ZNF699.FL	ZNF699.FL	ZNF699	Codebook clone	#N/A	#N/A	#N/A					#N/A		
309	pTH13658	pTH13195	eGFP.ZMAT1.FL	ZMAT1.FL	ZMAT1	Codebook clone	#N/A	#N/A	#N/A					#N/A		
310	pTH13808	pTH13195	eGFP.GATAD2A.FL	GATAD2A.FL	GATAD2A	Codebook clone	#N/A	#N/A	#N/A					#N/A		
311	pTH13718	pTH13195	eGFP.ZNF587B.FL	ZNF587B.FL	ZNF587B	Codebook clone	#N/A	#N/A	#N/A					#N/A		
312	pTH13637	pTH13195	eGFP.PRDM5.FL	PRDM5.FL	PRDM5	Codebook clone	#N/A	#N/A	#N/A					#N/A		
313	pTH13811	pTH13195	eGFP.GRHL3.FL	GRHL3.FL	GRHL3	Codebook clone	#N/A	#N/A	#N/A					#N/A		
314	pTH13697	pTH13195	eGFP.ZNF471.FL	ZNF471.FL	ZNF471	Codebook clone	#N/A	#N/A	#N/A					#N/A		
315	pTH13631	pTH13195	eGFP.L3MBTL4.FL	L3MBTL4.FL	L3MBTL4	Codebook clone	#N/A	#N/A	#N/A					#N/A		
316	pTH13661	pTH13195	eGFP.ZNF131.FL	ZNF131.FL	ZNF131	Codebook clone	#N/A	#N/A	#N/A					#N/A		
317	pTH13754	pTH13195	eGFP.ZNF728.FL	ZNF728.FL	ZNF728	Codebook clone	#N/A	#N/A	#N/A					#N/A		
318	pTH13752	pTH13195	eGFP.ZNF724.FL	ZNF724.FL	ZNF724	Codebook clone	#N/A	#N/A	#N/A					#N/A		
319	pTH13859	pTH13195	eGFP.CSRNP3.FL	CSRNP3.FL	CSRNP3	Codebook clone	#N/A	#N/A	#N/A					#N/A		
320	pTH13768	pTH13195	eGFP.ZNF813.FL	ZNF813.FL	ZNF813	Codebook clone	#N/A	#N/A	#N/A					#N/A		
321	pTH14538	pTH13195	eGFP.RFX5.FL	RFX5.FL	RFX5	Codebook clone	#N/A	#N/A	#N/A					chip		
322	pTH13786	pTH13195	eGFP.ZSCAN2.FL	ZSCAN2.FL	ZSCAN2	Codebook clone	#N/A	#N/A	#N/A					chip		
323	pTH13629	pTH13195	eGFP.KAT7.FL	KAT7.FL	KAT7	Codebook clone	#N/A	#N/A	#N/A					#N/A		
324	pTH13611	pTH13195	eGFP.POGK.FL	POGK.FL	POGK	Codebook clone	#N/A	#N/A	#N/A					chip		
325	pTH13784	pTH13195	eGFP.ZSCAN12.FL	ZSCAN12.FL	ZSCAN12	Codebook clone	#N/A	#N/A	#N/A					chip		
326	pTH14543	pTH13195	eGFP.CBX2.FL	CBX2.FL	CBX2	Codebook clone	#N/A	#N/A	#N/A					#N/A		
330	pTH14537	pTH13195	eGFP.ELF3.FL	ELF3.FL	ELF3	Codebook clone	#N/A	#N/A	#N/A					chip		
332	pTH14545	pTH13195	eGFP.ZNF367.FL	ZNF367.FL	ZNF367	Codebook clone	#N/A	#N/A	#N/A					chip		
333	pTH14550	pTH13195	eGFP.ZNF367.FL	ZNF367.FL	ZNF367	Codebook clone	#N/A	#N/A	#N/A					#N/A		
334	pTH14539	pTH13195	eGFP.HMGA1.FL	HMGA1.FL	HMGA1	Codebook clone	#N/A	#N/A	#N/A					chip		
345	pTH13921	pTH6838	GST.SCML4.FL	SCML4.FL	SCML4	Codebook clone	#N/A	#N/A	#N/A					#N/A		
372	pTH13948	pTH6838	GST.AC092835.FL	AC092835.FL	AC092835	Codebook clone	#N/A	#N/A	#N/A					#N/A		
378	pTH13954	pTH6838	GST.CASZ1.DBD.1	CASZ1.DBD.1	CASZ1	Codebook clone	#N/A	#N/A	#N/A					#N/A		
379	pTH13955	pTH6838	GST.CASZ1.DBD.2	CASZ1.DBD.2	CASZ1	Codebook clone	#N/A	#N/A	#N/A					#N/A		
386	pTH13962	pTH6838	GST.FAM170A.FL	FAM170A.FL	FAM170A	Codebook clone	#N/A	#N/A	#N/A					#N/A		
387	pTH13963	pTH6838	GST.FAM170A.DBD	FAM170A.DBD	FAM170A	Codebook clone	#N/A	#N/A	#N/A					#N/A		
388	pTH13964	pTH6838	GST.FIZ1.FL	FIZ1.FL	FIZ1	Codebook clone	#N/A	#N/A	#N/A					#N/A		
389	pTH13965	pTH6838	GST.JAZF1.FL	JAZF1.FL	JAZF1	Codebook clone	#N/A	#N/A	#N/A					#N/A		
390	pTH13966	pTH6838	GST.KAT7.DBD	KAT7.DBD	KAT7	Codebook clone	#N/A	#N/A	#N/A					#N/A		
391	pTH13967	pTH6838	GST.KIN.FL	KIN.FL	KIN	Codebook clone	#N/A	#N/A	#N/A					#N/A		
392	pTH13968	pTH6838	GST.KIN.DBD	KIN.DBD	KIN	Codebook clone	#N/A	#N/A	#N/A					#N/A		
393	pTH13969	pTH6838	GST.L3MBTL4.DBD	L3MBTL4.DBD	L3MBTL4	Codebook clone	#N/A	#N/A	#N/A					#N/A		
394	pTH13970	pTH6838	GST.MYT1.DBD.1	MYT1.DBD.1	MYT1	Codebook clone	#N/A	#N/A	#N/A					#N/A		
395	pTH13971	pTH6838	GST.MYT1.DBD.2	MYT1.DBD.2	MYT1	Codebook clone	#N/A	#N/A	#N/A					#N/A		
396	pTH13972	pTH6838	GST.PEG3.DBD.1	PEG3.DBD.1	PEG3	Codebook clone	#N/A	#N/A	#N/A					#N/A		
397	pTH13973	pTH6838	GST.PEG3.DBD.2	PEG3.DBD.2	PEG3	Codebook clone	#N/A	#N/A	#N/A					#N/A		
398	pTH13974	pTH6838	GST.PRDM10.DBD	PRDM10.DBD	PRDM10	Codebook clone	#N/A	#N/A	#N/A					#N/A		
399	pTH13975	pTH6838	GST.PRDM13.DBD	PRDM13.DBD	PRDM13	Codebook clone	#N/A	#N/A	#N/A					#N/A		
400	pTH13976	pTH6838	GST.PRDM2.DBD.1	PRDM2.DBD.1	PRDM2	Codebook clone	#N/A	#N/A	#N/A					#N/A		
401	pTH13977	pTH6838	GST.PRDM2.DBD.2	PRDM2.DBD.2	PRDM2	Codebook clone	#N/A	#N/A	#N/A					#N/A		
402	pTH13978	pTH6838	GST.PRDM5.DBD	PRDM5.DBD	PRDM5	Codebook clone	#N/A	#N/A	#N/A					#N/A		
403	pTH13979	pTH6838	GST.PRDM8.DBD	PRDM8.DBD	PRDM8	Codebook clone	#N/A	#N/A	#N/A					#N/A		
404	pTH13980	pTH6838	GST.PRMT3.FL	PRMT3.FL	PRMT3	Codebook clone	#N/A	#N/A	#N/A					#N/A		
405	pTH13981	pTH6838	GST.PRMT3.DBD	PRMT3.DBD	PRMT3	Codebook clone	#N/A	#N/A	#N/A					#N/A		
406	pTH13982	pTH6838	GST.RBSN.DBD	RBSN.DBD	RBSN	Codebook clone	#N/A	#N/A	#N/A					#N/A		
407	pTH13983	pTH6838	GST.RLF.DBD.1	RLF.DBD.1	RLF	Codebook clone	#N/A	#N/A	#N/A					#N/A		
408	pTH13984	pTH6838	GST.RLF.DBD.2	RLF.DBD.2	RLF	Codebook clone	#N/A	#N/A	#N/A					#N/A		
409	pTH13985	pTH6838	GST.SALL3.DBD.1	SALL3.DBD.1	SALL3	Codebook clone	#N/A	#N/A	#N/A					#N/A		
410	pTH13986	pTH6838	GST.SALL3.DBD.2	SALL3.DBD.2	SALL3	Codebook clone	#N/A	#N/A	#N/A					#N/A		
411	pTH13987	pTH6838	GST.SLC2A4RG.FL	SLC2A4RG.FL	SLC2A4RG	Codebook clone	#N/A	#N/A	#N/A					#N/A		
412	pTH13988	pTH6838	GST.SLC2A4RG.DBD	SLC2A4RG.DBD	SLC2A4RG	Codebook clone	#N/A	#N/A	#N/A					#N/A		
413	pTH13989	pTH6838	GST.TRAFD1.FL	TRAFD1.FL	TRAFD1	Codebook clone	#N/A	#N/A	#N/A					#N/A		
414	pTH13990	pTH6838	GST.TRAFD1.DBD	TRAFD1.DBD	TRAFD1	Codebook clone	#N/A	#N/A	#N/A					#N/A		
415	pTH13991	pTH6838	GST.TSHZ2.DBD.1	TSHZ2.DBD.1	TSHZ2	Codebook clone	#N/A	#N/A	#N/A					#N/A		
416	pTH13992	pTH6838	GST.TSHZ2.DBD.2	TSHZ2.DBD.2	TSHZ2	Codebook clone	#N/A	#N/A	#N/A					#N/A		
417	pTH13993	pTH6838	GST.ZBTB40.DBD	ZBTB40.DBD	ZBTB40	Codebook clone	#N/A	#N/A	#N/A					#N/A		
418	pTH13994	pTH6838	GST.ZBTB41.DBD	ZBTB41.DBD	ZBTB41	Codebook clone	#N/A	#N/A	#N/A					#N/A		
419	pTH13995	pTH6838	GST.ZBTB46.FL	ZBTB46.FL	ZBTB46	Codebook clone	#N/A	#N/A	#N/A					#N/A		
420	pTH13996	pTH6838	GST.ZBTB46.DBD	ZBTB46.DBD	ZBTB46	Codebook clone	#N/A	#N/A	#N/A					#N/A		
421	pTH13997	pTH6838	GST.ZBTB47.DBD	ZBTB47.DBD	ZBTB47	Codebook clone	#N/A	#N/A	#N/A					#N/A		
422	pTH13998	pTH6838	GST.ZBTB5.DBD	ZBTB5.DBD	ZBTB5	Codebook clone	#N/A	#N/A	#N/A					#N/A		
423	pTH13999	pTH6838	GST.ZBTB8A.FL	ZBTB8A.FL	ZBTB8A	Codebook clone	#N/A	#N/A	#N/A					#N/A		
424	pTH14000	pTH6838	GST.ZBTB8A.DBD	ZBTB8A.DBD	ZBTB8A	Codebook clone	#N/A	#N/A	#N/A					#N/A		
425	pTH14001	pTH6838	GST.ZBTB8B.FL	ZBTB8B.FL	ZBTB8B	Codebook clone	#N/A	#N/A	#N/A					#N/A		
426	pTH14002	pTH6838	GST.ZBTB8B.DBD	ZBTB8B.DBD	ZBTB8B	Codebook clone	#N/A	#N/A	#N/A					#N/A		
427	pTH14003	pTH6838	GST.ZFAT.DBD.1	ZFAT.DBD.1	ZFAT	Codebook clone	#N/A	#N/A	#N/A					#N/A		
428	pTH14004	pTH6838	GST.ZFAT.DBD.2	ZFAT.DBD.2	ZFAT	Codebook clone	#N/A	#N/A	#N/A					#N/A		
429	pTH14005	pTH6838	GST.ZFP91.FL	ZFP91.FL	ZFP91	Codebook clone	#N/A	#N/A	#N/A					#N/A		
430	pTH14006	pTH6838	GST.ZFP91.DBD	ZFP91.DBD	ZFP91	Codebook clone	#N/A	#N/A	#N/A					#N/A		
431	pTH14007	pTH6838	GST.ZFPM1.DBD.1	ZFPM1.DBD.1	ZFPM1	Codebook clone	#N/A	#N/A	#N/A					#N/A		
432	pTH14008	pTH6838	GST.ZFPM1.DBD.2	ZFPM1.DBD.2	ZFPM1	Codebook clone	#N/A	#N/A	#N/A					#N/A		
433	pTH14009	pTH6838	GST.ZFPM2.DBD	ZFPM2.DBD	ZFPM2	Codebook clone	#N/A	#N/A	#N/A					#N/A		
434	pTH14010	pTH6838	GST.ZKSCAN4.FL	ZKSCAN4.FL	ZKSCAN4	Codebook clone	#N/A	#N/A	#N/A					#N/A		
435	pTH14011	pTH6838	GST.ZKSCAN4.DBD	ZKSCAN4.DBD	ZKSCAN4	Codebook clone	#N/A	#N/A	#N/A					#N/A		
436	pTH14012	pTH6838	GST.ZMAT1.DBD	ZMAT1.DBD	ZMAT1	Codebook clone	#N/A	#N/A	#N/A					#N/A		
437	pTH14013	pTH6838	GST.ZMAT4.FL	ZMAT4.FL	ZMAT4	Codebook clone	#N/A	#N/A	#N/A					#N/A		
438	pTH14014	pTH6838	GST.ZNF107.DBD.1	ZNF107.DBD.1	ZNF107	Codebook clone	#N/A	#N/A	#N/A					#N/A		
439	pTH14015	pTH6838	GST.ZNF107.DBD.2	ZNF107.DBD.2	ZNF107	Codebook clone	#N/A	#N/A	#N/A					#N/A		
440	pTH14016	pTH6838	GST.ZNF131.DBD	ZNF131.DBD	ZNF131	Codebook clone	#N/A	#N/A	#N/A					#N/A		
441	pTH14017	pTH6838	GST.ZNF14.FL	ZNF14.FL	ZNF14	Codebook clone	#N/A	#N/A	#N/A					#N/A		
442	pTH14018	pTH6838	GST.ZNF142.DBD.1	ZNF142.DBD.1	ZNF142	Codebook clone	#N/A	#N/A	#N/A					#N/A		
443	pTH14019	pTH6838	GST.ZNF142.DBD.2	ZNF142.DBD.2	ZNF142	Codebook clone	#N/A	#N/A	#N/A					#N/A		
444	pTH14020	pTH6838	GST.ZNF160.DBD	ZNF160.DBD	ZNF160	Codebook clone	#N/A	#N/A	#N/A					#N/A		
445	pTH14021	pTH6838	GST.ZNF20.FL	ZNF20.FL	ZNF20	Codebook clone	#N/A	#N/A	#N/A					#N/A		
446	pTH14022	pTH6838	GST.ZNF207.FL	ZNF207.FL	ZNF207	Codebook clone	#N/A	#N/A	#N/A					#N/A		
447	pTH14023	pTH6838	GST.ZNF207.DBD	ZNF207.DBD	ZNF207	Codebook clone	#N/A	#N/A	#N/A					#N/A		
448	pTH14024	pTH6838	GST.ZNF208.DBD.1	ZNF208.DBD.1	ZNF208	Codebook clone	#N/A	#N/A	#N/A					#N/A		
449	pTH14025	pTH6838	GST.ZNF208.DBD.2	ZNF208.DBD.2	ZNF208	Codebook clone	#N/A	#N/A	#N/A					#N/A		
450	pTH14026	pTH6838	GST.ZNF208.DBD.3	ZNF208.DBD.3	ZNF208	Codebook clone	#N/A	#N/A	#N/A					#N/A		
451	pTH14027	pTH6838	GST.ZNF215.FL	ZNF215.FL	ZNF215	Codebook clone	#N/A	#N/A	#N/A					#N/A		
452	pTH14028	pTH6838	GST.ZNF215.DBD	ZNF215.DBD	ZNF215	Codebook clone	#N/A	#N/A	#N/A					#N/A		
453	pTH14029	pTH6838	GST.ZNF226.DBD	ZNF226.DBD	ZNF226	Codebook clone	#N/A	#N/A	#N/A					#N/A		
454	pTH14030	pTH6838	GST.ZNF229.DBD	ZNF229.DBD	ZNF229	Codebook clone	#N/A	#N/A	#N/A					#N/A		
455	pTH14031	pTH6838	GST.ZNF230.FL	ZNF230.FL	ZNF230	Codebook clone	#N/A	#N/A	#N/A					#N/A		
456	pTH14032	pTH6838	GST.ZNF230.DBD	ZNF230.DBD	ZNF230	Codebook clone	#N/A	#N/A	#N/A					#N/A		
457	pTH14033	pTH6838	GST.ZNF233.DBD	ZNF233.DBD	ZNF233	Codebook clone	#N/A	#N/A	#N/A					#N/A		
458	pTH14034	pTH6838	GST.ZNF234.FL	ZNF234.FL	ZNF234	Codebook clone	#N/A	#N/A	#N/A					#N/A		
459	pTH14035	pTH6838	GST.ZNF251.DBD	ZNF251.DBD	ZNF251	Codebook clone	#N/A	#N/A	#N/A					#N/A		
460	pTH14036	pTH6838	GST.ZNF275.FL	ZNF275.FL	ZNF275	Codebook clone	#N/A	#N/A	#N/A					#N/A		
461	pTH14037	pTH6838	GST.ZNF280B.FL	ZNF280B.FL	ZNF280B	Codebook clone	#N/A	#N/A	#N/A					#N/A		
462	pTH14038	pTH6838	GST.ZNF280B.DBD	ZNF280B.DBD	ZNF280B	Codebook clone	#N/A	#N/A	#N/A					#N/A		
463	pTH14039	pTH6838	GST.ZNF280D.DBD	ZNF280D.DBD	ZNF280D	Codebook clone	#N/A	#N/A	#N/A					#N/A		
464	pTH14040	pTH6838	GST.ZNF286B.FL	ZNF286B.FL	ZNF286B	Codebook clone	#N/A	#N/A	#N/A					#N/A		
465	pTH14041	pTH6838	GST.ZNF286B.DBD	ZNF286B.DBD	ZNF286B	Codebook clone	#N/A	#N/A	#N/A					#N/A		
466	pTH14042	pTH6838	GST.ZNF292.DBD.1	ZNF292.DBD.1	ZNF292	Codebook clone	#N/A	#N/A	#N/A					#N/A		
467	pTH14043	pTH6838	GST.ZNF292.DBD.2	ZNF292.DBD.2	ZNF292	Codebook clone	#N/A	#N/A	#N/A					#N/A		
468	pTH14044	pTH6838	GST.ZNF318.DBD	ZNF318.DBD	ZNF318	Codebook clone	#N/A	#N/A	#N/A					#N/A		
469	pTH14045	pTH6838	GST.ZNF326.FL	ZNF326.FL	ZNF326	Codebook clone	#N/A	#N/A	#N/A					#N/A		
470	pTH14046	pTH6838	GST.ZNF326.DBD	ZNF326.DBD	ZNF326	Codebook clone	#N/A	#N/A	#N/A					#N/A		
471	pTH14047	pTH6838	GST.ZNF335.DBD.1	ZNF335.DBD.1	ZNF335	Codebook clone	#N/A	#N/A	#N/A					#N/A		
472	pTH14048	pTH6838	GST.ZNF335.DBD.2	ZNF335.DBD.2	ZNF335	Codebook clone	#N/A	#N/A	#N/A					#N/A		
473	pTH14049	pTH6838	GST.ZNF347.DBD	ZNF347.DBD	ZNF347	Codebook clone	#N/A	#N/A	#N/A					#N/A		
474	pTH14050	pTH6838	GST.ZNF358.FL	ZNF358.FL	ZNF358	Codebook clone	#N/A	#N/A	#N/A					#N/A		
475	pTH14051	pTH6838	GST.ZNF358.DBD	ZNF358.DBD	ZNF358	Codebook clone	#N/A	#N/A	#N/A					#N/A		
476	pTH14052	pTH6838	GST.ZNF362.FL	ZNF362.FL	ZNF362	Codebook clone	#N/A	#N/A	#N/A					#N/A		
477	pTH14053	pTH6838	GST.ZNF362.DBD	ZNF362.DBD	ZNF362	Codebook clone	#N/A	#N/A	#N/A					#N/A		
478	pTH14054	pTH6838	GST.ZNF365.FL	ZNF365.FL	ZNF365	Codebook clone	#N/A	#N/A	#N/A					#N/A		
479	pTH14055	pTH6838	GST.ZNF385A.FL	ZNF385A.FL	ZNF385A	Codebook clone	#N/A	#N/A	#N/A					#N/A		
480	pTH14056	pTH6838	GST.ZNF385B.FL	ZNF385B.FL	ZNF385B	Codebook clone	#N/A	#N/A	#N/A					#N/A		
481	pTH14057	pTH6838	GST.ZNF385C.FL	ZNF385C.FL	ZNF385C	Codebook clone	#N/A	#N/A	#N/A					#N/A		
482	pTH14058	pTH6838	GST.ZNF395.FL	ZNF395.FL	ZNF395	Codebook clone	#N/A	#N/A	#N/A					#N/A		
483	pTH14059	pTH6838	GST.ZNF395.DBD	ZNF395.DBD	ZNF395	Codebook clone	#N/A	#N/A	#N/A					#N/A		
484	pTH14060	pTH6838	GST.ZNF407.DBD	ZNF407.DBD	ZNF407	Codebook clone	#N/A	#N/A	#N/A					#N/A		
485	pTH14061	pTH6838	GST.ZNF428.FL	ZNF428.FL	ZNF428	Codebook clone	#N/A	#N/A	#N/A					#N/A		
486	pTH14062	pTH6838	GST.ZNF428.DBD	ZNF428.DBD	ZNF428	Codebook clone	#N/A	#N/A	#N/A					#N/A		
487	pTH14063	pTH6838	GST.ZNF43.DBD.1	ZNF43.DBD.1	ZNF43	Codebook clone	#N/A	#N/A	#N/A					#N/A		
488	pTH14064	pTH6838	GST.ZNF43.DBD.2	ZNF43.DBD.2	ZNF43	Codebook clone	#N/A	#N/A	#N/A					#N/A		
489	pTH14065	pTH6838	GST.ZNF446.FL	ZNF446.FL	ZNF446	Codebook clone	#N/A	#N/A	#N/A					#N/A		
490	pTH14066	pTH6838	GST.ZNF446.DBD	ZNF446.DBD	ZNF446	Codebook clone	#N/A	#N/A	#N/A					#N/A		
491	pTH14067	pTH6838	GST.ZNF469.DBD	ZNF469.DBD	ZNF469	Codebook clone	#N/A	#N/A	#N/A					#N/A		
492	pTH14068	pTH6838	GST.ZNF470.DBD	ZNF470.DBD	ZNF470	Codebook clone	#N/A	#N/A	#N/A					#N/A		
493	pTH14069	pTH6838	GST.ZNF471.DBD	ZNF471.DBD	ZNF471	Codebook clone	#N/A	#N/A	#N/A					#N/A		
494	pTH14070	pTH6838	GST.ZNF474.FL	ZNF474.FL	ZNF474	Codebook clone	#N/A	#N/A	#N/A					#N/A		
495	pTH14071	pTH6838	GST.ZNF474.DBD	ZNF474.DBD	ZNF474	Codebook clone	#N/A	#N/A	#N/A					#N/A		
496	pTH14072	pTH6838	GST.ZNF48.FL	ZNF48.FL	ZNF48	Codebook clone	#N/A	#N/A	#N/A					#N/A		
497	pTH14073	pTH6838	GST.ZNF493.DBD.1	ZNF493.DBD.1	ZNF493	Codebook clone	#N/A	#N/A	#N/A					#N/A		
498	pTH14074	pTH6838	GST.ZNF493.DBD.2	ZNF493.DBD.2	ZNF493	Codebook clone	#N/A	#N/A	#N/A					#N/A		
499	pTH14075	pTH6838	GST.ZNF497.FL	ZNF497.FL	ZNF497	Codebook clone	#N/A	#N/A	#N/A					#N/A		
500	pTH14076	pTH6838	GST.ZNF500.FL	ZNF500.FL	ZNF500	Codebook clone	#N/A	#N/A	#N/A					#N/A		
501	pTH14077	pTH6838	GST.ZNF500.DBD	ZNF500.DBD	ZNF500	Codebook clone	#N/A	#N/A	#N/A					#N/A		
502	pTH14078	pTH6838	GST.ZNF503.DBD	ZNF503.DBD	ZNF503	Codebook clone	#N/A	#N/A	#N/A					#N/A		
503	pTH14079	pTH6838	GST.ZNF507.DBD.1	ZNF507.DBD.1	ZNF507	Codebook clone	#N/A	#N/A	#N/A					#N/A		
504	pTH14080	pTH6838	GST.ZNF507.DBD.2	ZNF507.DBD.2	ZNF507	Codebook clone	#N/A	#N/A	#N/A					#N/A		
505	pTH14081	pTH6838	GST.ZNF510.DBD	ZNF510.DBD	ZNF510	Codebook clone	#N/A	#N/A	#N/A					#N/A		
506	pTH14082	pTH6838	GST.ZNF516.DBD	ZNF516.DBD	ZNF516	Codebook clone	#N/A	#N/A	#N/A					#N/A		
507	pTH14083	pTH6838	GST.ZNF518B.DBD	ZNF518B.DBD	ZNF518B	Codebook clone	#N/A	#N/A	#N/A					#N/A		
508	pTH14084	pTH6838	GST.ZNF526.DBD.1	ZNF526.DBD.1	ZNF526	Codebook clone	#N/A	#N/A	#N/A					#N/A		
509	pTH14085	pTH6838	GST.ZNF526.DBD.2	ZNF526.DBD.2	ZNF526	Codebook clone	#N/A	#N/A	#N/A					#N/A		
510	pTH14086	pTH6838	GST.ZNF532.DBD.1	ZNF532.DBD.1	ZNF532	Codebook clone	#N/A	#N/A	#N/A					#N/A		
511	pTH14087	pTH6838	GST.ZNF532.DBD.2	ZNF532.DBD.2	ZNF532	Codebook clone	#N/A	#N/A	#N/A					#N/A		
512	pTH14088	pTH6838	GST.ZNF536.DBD.1	ZNF536.DBD.1	ZNF536	Codebook clone	#N/A	#N/A	#N/A					#N/A		
513	pTH14089	pTH6838	GST.ZNF536.DBD.2	ZNF536.DBD.2	ZNF536	Codebook clone	#N/A	#N/A	#N/A					#N/A		
514	pTH14090	pTH6838	GST.ZNF551.DBD	ZNF551.DBD	ZNF551	Codebook clone	#N/A	#N/A	#N/A					#N/A		
515	pTH14091	pTH6838	GST.ZNF568.DBD	ZNF568.DBD	ZNF568	Codebook clone	#N/A	#N/A	#N/A					#N/A		
516	pTH14092	pTH6838	GST.ZNF569.DBD	ZNF569.DBD	ZNF569	Codebook clone	#N/A	#N/A	#N/A					#N/A		
517	pTH14093	pTH6838	GST.ZNF57.FL	ZNF57.FL	ZNF57	Codebook clone	#N/A	#N/A	#N/A					#N/A		
518	pTH14094	pTH6838	GST.ZNF575.FL	ZNF575.FL	ZNF575	Codebook clone	#N/A	#N/A	#N/A					#N/A		
519	pTH14095	pTH6838	GST.ZNF575.DBD	ZNF575.DBD	ZNF575	Codebook clone	#N/A	#N/A	#N/A					#N/A		
520	pTH14096	pTH6838	GST.ZNF578.FL	ZNF578.FL	ZNF578	Codebook clone	#N/A	#N/A	#N/A					#N/A		
521	pTH14097	pTH6838	GST.ZNF578.DBD	ZNF578.DBD	ZNF578	Codebook clone	#N/A	#N/A	#N/A					#N/A		
522	pTH14098	pTH6838	GST.ZNF579.FL	ZNF579.FL	ZNF579	Codebook clone	#N/A	#N/A	#N/A					#N/A		
523	pTH14099	pTH6838	GST.ZNF587B.DBD	ZNF587B.DBD	ZNF587B	Codebook clone	#N/A	#N/A	#N/A					#N/A		
524	pTH14100	pTH6838	GST.ZNF592.DBD.1	ZNF592.DBD.1	ZNF592	Codebook clone	#N/A	#N/A	#N/A					#N/A		
525	pTH14101	pTH6838	GST.ZNF592.DBD.2	ZNF592.DBD.2	ZNF592	Codebook clone	#N/A	#N/A	#N/A					#N/A		
526	pTH14102	pTH6838	GST.ZNF598.DBD	ZNF598.DBD	ZNF598	Codebook clone	#N/A	#N/A	#N/A					#N/A		
527	pTH14103	pTH6838	GST.ZNF606.DBD	ZNF606.DBD	ZNF606	Codebook clone	#N/A	#N/A	#N/A					#N/A		
528	pTH14104	pTH6838	GST.ZNF608.DBD	ZNF608.DBD	ZNF608	Codebook clone	#N/A	#N/A	#N/A					#N/A		
529	pTH14105	pTH6838	GST.ZNF609.DBD	ZNF609.DBD	ZNF609	Codebook clone	#N/A	#N/A	#N/A					#N/A		
530	pTH14106	pTH6838	GST.ZNF618.DBD	ZNF618.DBD	ZNF618	Codebook clone	#N/A	#N/A	#N/A					#N/A		
531	pTH14107	pTH6838	GST.ZNF623.FL	ZNF623.FL	ZNF623	Codebook clone	#N/A	#N/A	#N/A					#N/A		
532	pTH14108	pTH6838	GST.ZNF630.DBD	ZNF630.DBD	ZNF630	Codebook clone	#N/A	#N/A	#N/A					#N/A		
533	pTH14109	pTH6838	GST.ZNF639.FL	ZNF639.FL	ZNF639	Codebook clone	#N/A	#N/A	#N/A					#N/A		
534	pTH14110	pTH6838	GST.ZNF639.DBD	ZNF639.DBD	ZNF639	Codebook clone	#N/A	#N/A	#N/A					#N/A		
535	pTH14111	pTH6838	GST.ZNF644.DBD	ZNF644.DBD	ZNF644	Codebook clone	#N/A	#N/A	#N/A					#N/A		
536	pTH14112	pTH6838	GST.ZNF646.DBD.1	ZNF646.DBD.1	ZNF646	Codebook clone	#N/A	#N/A	#N/A					#N/A		
537	pTH14113	pTH6838	GST.ZNF646.DBD.2	ZNF646.DBD.2	ZNF646	Codebook clone	#N/A	#N/A	#N/A					#N/A		
538	pTH14114	pTH6838	GST.ZNF646.DBD.3	ZNF646.DBD.3	ZNF646	Codebook clone	#N/A	#N/A	#N/A					#N/A		
539	pTH14115	pTH6838	GST.ZNF648.FL	ZNF648.FL	ZNF648	Codebook clone	#N/A	#N/A	#N/A					#N/A		
540	pTH14116	pTH6838	GST.ZNF648.DBD	ZNF648.DBD	ZNF648	Codebook clone	#N/A	#N/A	#N/A					#N/A		
541	pTH14117	pTH6838	GST.ZNF654.DBD	ZNF654.DBD	ZNF654	Codebook clone	#N/A	#N/A	#N/A					#N/A		
542	pTH14118	pTH6838	GST.ZNF66.FL	ZNF66.FL	ZNF66	Codebook clone	#N/A	#N/A	#N/A					#N/A		
543	pTH14119	pTH6838	GST.ZNF665.DBD	ZNF665.DBD	ZNF665	Codebook clone	#N/A	#N/A	#N/A					#N/A		
544	pTH14120	pTH6838	GST.ZNF668.DBD.1	ZNF668.DBD.1	ZNF668	Codebook clone	#N/A	#N/A	#N/A					#N/A		
545	pTH14121	pTH6838	GST.ZNF668.DBD.2	ZNF668.DBD.2	ZNF668	Codebook clone	#N/A	#N/A	#N/A					#N/A		
546	pTH14122	pTH6838	GST.ZNF672.FL	ZNF672.FL	ZNF672	Codebook clone	#N/A	#N/A	#N/A					#N/A		
547	pTH14123	pTH6838	GST.ZNF676.FL	ZNF676.FL	ZNF676	Codebook clone	#N/A	#N/A	#N/A					#N/A		
548	pTH14124	pTH6838	GST.ZNF678.FL	ZNF678.FL	ZNF678	Codebook clone	#N/A	#N/A	#N/A					#N/A		
549	pTH14125	pTH6838	GST.ZNF683.FL	ZNF683.FL	ZNF683	Codebook clone	#N/A	#N/A	#N/A					#N/A		
550	pTH14126	pTH6838	GST.ZNF683.DBD	ZNF683.DBD	ZNF683	Codebook clone	#N/A	#N/A	#N/A					#N/A		
551	pTH14127	pTH6838	GST.ZNF687.DBD.1	ZNF687.DBD.1	ZNF687	Codebook clone	#N/A	#N/A	#N/A					#N/A		
552	pTH14128	pTH6838	GST.ZNF687.DBD.2	ZNF687.DBD.2	ZNF687	Codebook clone	#N/A	#N/A	#N/A					#N/A		
553	pTH14129	pTH6838	GST.ZNF688.FL	ZNF688.FL	ZNF688	Codebook clone	#N/A	#N/A	#N/A					#N/A		
554	pTH14130	pTH6838	GST.ZNF688.DBD	ZNF688.DBD	ZNF688	Codebook clone	#N/A	#N/A	#N/A					#N/A		
555	pTH14131	pTH6838	GST.ZNF689.FL	ZNF689.FL	ZNF689	Codebook clone	#N/A	#N/A	#N/A					#N/A		
556	pTH14132	pTH6838	GST.ZNF696.FL	ZNF696.FL	ZNF696	Codebook clone	#N/A	#N/A	#N/A					#N/A		
557	pTH14133	pTH6838	GST.ZNF699.DBD	ZNF699.DBD	ZNF699	Codebook clone	#N/A	#N/A	#N/A					#N/A		
558	pTH14134	pTH6838	GST.ZNF70.FL	ZNF70.FL	ZNF70	Codebook clone	#N/A	#N/A	#N/A					#N/A		
559	pTH14135	pTH6838	GST.ZNF700.DBD.1	ZNF700.DBD.1	ZNF700	Codebook clone	#N/A	#N/A	#N/A					#N/A		
560	pTH14136	pTH6838	GST.ZNF700.DBD.2	ZNF700.DBD.2	ZNF700	Codebook clone	#N/A	#N/A	#N/A					#N/A		
561	pTH14137	pTH6838	GST.ZNF703.FL	ZNF703.FL	ZNF703	Codebook clone	#N/A	#N/A	#N/A					#N/A		
562	pTH14138	pTH6838	GST.ZNF703.DBD	ZNF703.DBD	ZNF703	Codebook clone	#N/A	#N/A	#N/A					#N/A		
563	pTH14139	pTH6838	GST.ZNF705E.FL	ZNF705E.FL	ZNF705E	Codebook clone	#N/A	#N/A	#N/A					#N/A		
564	pTH14140	pTH6838	GST.ZNF706.FL	ZNF706.FL	ZNF706	Codebook clone	#N/A	#N/A	#N/A					#N/A		
565	pTH14141	pTH6838	GST.ZNF709.FL	ZNF709.FL	ZNF709	Codebook clone	#N/A	#N/A	#N/A					#N/A		
566	pTH14142	pTH6838	GST.ZNF717.DBD.1	ZNF717.DBD.1	ZNF717	Codebook clone	#N/A	#N/A	#N/A					#N/A		
567	pTH14143	pTH6838	GST.ZNF717.DBD.2	ZNF717.DBD.2	ZNF717	Codebook clone	#N/A	#N/A	#N/A					#N/A		
568	pTH14144	pTH6838	GST.ZNF721.DBD.1	ZNF721.DBD.1	ZNF721	Codebook clone	#N/A	#N/A	#N/A					#N/A		
569	pTH14145	pTH6838	GST.ZNF721.DBD.2	ZNF721.DBD.2	ZNF721	Codebook clone	#N/A	#N/A	#N/A					#N/A		
570	pTH14146	pTH6838	GST.ZNF724.DBD	ZNF724.DBD	ZNF724	Codebook clone	#N/A	#N/A	#N/A					#N/A		
571	pTH14147	pTH6838	GST.ZNF726.DBD.1	ZNF726.DBD.1	ZNF726	Codebook clone	#N/A	#N/A	#N/A					#N/A		
572	pTH14148	pTH6838	GST.ZNF726.DBD.2	ZNF726.DBD.2	ZNF726	Codebook clone	#N/A	#N/A	#N/A					#N/A		
573	pTH14149	pTH6838	GST.ZNF728.DBD	ZNF728.DBD	ZNF728	Codebook clone	#N/A	#N/A	#N/A					#N/A		
574	pTH14150	pTH6838	GST.ZNF729.DBD.1	ZNF729.DBD.1	ZNF729	Codebook clone	#N/A	#N/A	#N/A					#N/A		
575	pTH14151	pTH6838	GST.ZNF729.DBD.2	ZNF729.DBD.2	ZNF729	Codebook clone	#N/A	#N/A	#N/A					#N/A		
576	pTH14152	pTH6838	GST.ZNF729.DBD.3	ZNF729.DBD.3	ZNF729	Codebook clone	#N/A	#N/A	#N/A					#N/A		
577	pTH14153	pTH6838	GST.ZNF732.FL	ZNF732.FL	ZNF732	Codebook clone	#N/A	#N/A	#N/A					#N/A		
578	pTH14154	pTH6838	GST.ZNF732.DBD	ZNF732.DBD	ZNF732	Codebook clone	#N/A	#N/A	#N/A					#N/A		
579	pTH14155	pTH6838	GST.ZNF746.DBD	ZNF746.DBD	ZNF746	Codebook clone	#N/A	#N/A	#N/A					#N/A		
580	pTH14156	pTH6838	GST.ZNF750.DBD	ZNF750.DBD	ZNF750	Codebook clone	#N/A	#N/A	#N/A					#N/A		
581	pTH14157	pTH6838	GST.ZNF763.FL	ZNF763.FL	ZNF763	Codebook clone	#N/A	#N/A	#N/A					#N/A		
582	pTH14158	pTH6838	GST.ZNF772.FL	ZNF772.FL	ZNF772	Codebook clone	#N/A	#N/A	#N/A					#N/A		
583	pTH14159	pTH6838	GST.ZNF773.FL	ZNF773.FL	ZNF773	Codebook clone	#N/A	#N/A	#N/A					#N/A		
584	pTH14160	pTH6838	GST.ZNF773.DBD	ZNF773.DBD	ZNF773	Codebook clone	#N/A	#N/A	#N/A					#N/A		
585	pTH14161	pTH6838	GST.ZNF775.FL	ZNF775.FL	ZNF775	Codebook clone	#N/A	#N/A	#N/A					#N/A		
586	pTH14162	pTH6838	GST.ZNF780B.DBD.1	ZNF780B.DBD.1	ZNF780B	Codebook clone	#N/A	#N/A	#N/A					#N/A		
587	pTH14163	pTH6838	GST.ZNF780B.DBD.2	ZNF780B.DBD.2	ZNF780B	Codebook clone	#N/A	#N/A	#N/A					#N/A		
588	pTH14164	pTH6838	GST.ZNF781.FL	ZNF781.FL	ZNF781	Codebook clone	#N/A	#N/A	#N/A					#N/A		
589	pTH14165	pTH6838	GST.ZNF781.DBD	ZNF781.DBD	ZNF781	Codebook clone	#N/A	#N/A	#N/A					#N/A		
590	pTH14166	pTH6838	GST.ZNF788.FL	ZNF788.FL	ZNF788P	Codebook clone	#N/A	#N/A	#N/A					#N/A		
591	pTH14167	pTH6838	GST.ZNF800.DBD	ZNF800.DBD	ZNF800	Codebook clone	#N/A	#N/A	#N/A					#N/A		
592	pTH14168	pTH6838	GST.ZNF804A.DBD	ZNF804A.DBD	ZNF804A	Codebook clone	#N/A	#N/A	#N/A					#N/A		
593	pTH14169	pTH6838	GST.ZNF813.DBD	ZNF813.DBD	ZNF813	Codebook clone	#N/A	#N/A	#N/A					#N/A		
594	pTH14170	pTH6838	GST.ZNF814.DBD	ZNF814.DBD	ZNF814	Codebook clone	#N/A	#N/A	#N/A					#N/A		
595	pTH14171	pTH6838	GST.ZNF827.DBD.1	ZNF827.DBD.1	ZNF827	Codebook clone	#N/A	#N/A	#N/A					#N/A		
596	pTH14172	pTH6838	GST.ZNF827.DBD.2	ZNF827.DBD.2	ZNF827	Codebook clone	#N/A	#N/A	#N/A					#N/A		
597	pTH14173	pTH6838	GST.ZNF83.FL	ZNF83.FL	ZNF83	Codebook clone	#N/A	#N/A	#N/A					#N/A		
598	pTH14174	pTH6838	GST.ZNF831.DBD	ZNF831.DBD	ZNF831	Codebook clone	#N/A	#N/A	#N/A					#N/A		
599	pTH14175	pTH6838	GST.ZNF836.DBD.1	ZNF836.DBD.1	ZNF836	Codebook clone	#N/A	#N/A	#N/A					#N/A		
600	pTH14176	pTH6838	GST.ZNF836.DBD.2	ZNF836.DBD.2	ZNF836	Codebook clone	#N/A	#N/A	#N/A					#N/A		
601	pTH14177	pTH6838	GST.ZNF841.DBD.1	ZNF841.DBD.1	ZNF841	Codebook clone	#N/A	#N/A	#N/A					#N/A		
602	pTH14178	pTH6838	GST.ZNF841.DBD.2	ZNF841.DBD.2	ZNF841	Codebook clone	#N/A	#N/A	#N/A					#N/A		
603	pTH14179	pTH6838	GST.ZNF844.DBD	ZNF844.DBD	ZNF844	Codebook clone	#N/A	#N/A	#N/A					#N/A		
604	pTH14180	pTH6838	GST.ZNF845.DBD.1	ZNF845.DBD.1	ZNF845	Codebook clone	#N/A	#N/A	#N/A					#N/A		
605	pTH14181	pTH6838	GST.ZNF845.DBD.2	ZNF845.DBD.2	ZNF845	Codebook clone	#N/A	#N/A	#N/A					#N/A		
606	pTH14182	pTH6838	GST.ZNF850.DBD.1	ZNF850.DBD.1	ZNF850	Codebook clone	#N/A	#N/A	#N/A					#N/A		
607	pTH14183	pTH6838	GST.ZNF850.DBD.2	ZNF850.DBD.2	ZNF850	Codebook clone	#N/A	#N/A	#N/A					#N/A		
608	pTH14184	pTH6838	GST.ZNF853.DBD	ZNF853.DBD	ZNF853	Codebook clone	#N/A	#N/A	#N/A					#N/A		
609	pTH14185	pTH6838	GST.ZNF865.DBD.1	ZNF865.DBD.1	ZNF865	Codebook clone	#N/A	#N/A	#N/A					#N/A		
610	pTH14186	pTH6838	GST.ZNF865.DBD.2	ZNF865.DBD.2	ZNF865	Codebook clone	#N/A	#N/A	#N/A					#N/A		
611	pTH14187	pTH6838	GST.ZNF878.FL	ZNF878.FL	ZNF878	Codebook clone	#N/A	#N/A	#N/A					#N/A		
612	pTH14188	pTH6838	GST.ZNF888.DBD	ZNF888.DBD	ZNF888	Codebook clone	#N/A	#N/A	#N/A					#N/A		
613	pTH14189	pTH6838	GST.ZNF91.DBD.1	ZNF91.DBD.1	ZNF91	Codebook clone	#N/A	#N/A	#N/A					#N/A		
614	pTH14190	pTH6838	GST.ZNF91.DBD.2	ZNF91.DBD.2	ZNF91	Codebook clone	#N/A	#N/A	#N/A					#N/A		
615	pTH14191	pTH6838	GST.ZNF91.DBD.3	ZNF91.DBD.3	ZNF91	Codebook clone	#N/A	#N/A	#N/A					#N/A		
616	pTH14192	pTH6838	GST.ZNF92.FL	ZNF92.FL	ZNF92	Codebook clone	#N/A	#N/A	#N/A					#N/A		
617	pTH14193	pTH6838	GST.ZSCAN12.DBD	ZSCAN12.DBD	ZSCAN12	Codebook clone	#N/A	#N/A	#N/A					#N/A		
618	pTH14194	pTH6838	GST.ZSCAN18.FL	ZSCAN18.FL	ZSCAN18	Codebook clone	#N/A	#N/A	#N/A					#N/A		
619	pTH14195	pTH6838	GST.ZSCAN18.DBD	ZSCAN18.DBD	ZSCAN18	Codebook clone	#N/A	#N/A	#N/A					#N/A		
620	pTH14196	pTH6838	GST.ZSCAN2.DBD	ZSCAN2.DBD	ZSCAN2	Codebook clone	#N/A	#N/A	#N/A					#N/A		
621	pTH14197	pTH6838	GST.ZSCAN25.FL	ZSCAN25.FL	ZSCAN25	Codebook clone	#N/A	#N/A	#N/A					#N/A		
622	pTH14198	pTH6838	GST.ZSCAN25.DBD	ZSCAN25.DBD	ZSCAN25	Codebook clone	#N/A	#N/A	#N/A					#N/A		
623	pTH14199	pTH6838	GST.ZUFSP.FL	ZUFSP.FL	ZUP1	Codebook clone	#N/A	#N/A	#N/A					#N/A		
624	pTH14200	pTH6838	GST.ZUFSP.DBD	ZUFSP.DBD	ZUP1	Codebook clone	#N/A	#N/A	#N/A					#N/A		
625	pTH14201	pTH6838	GST.ZXDA.DBD	ZXDA.DBD	ZXDA	Codebook clone	#N/A	#N/A	#N/A					#N/A		
626	pTH14202	pTH6838	GST.ZXDB.DBD	ZXDB.DBD	ZXDB	Codebook clone	#N/A	#N/A	#N/A					#N/A		
627	pTH14203	pTH6838	GST.ZXDC.DBD	ZXDC.DBD	ZXDC	Codebook clone	#N/A	#N/A	#N/A					#N/A		
629	pTH14205	pTH6838	GST.ZC3H8.FL	ZC3H8.FL	ZC3H8	Codebook clone	#N/A	#N/A	#N/A					#N/A		
639	pTH14215	pTH6838	GST.TIGD5.DBD	TIGD5.DBD	TIGD5	Codebook clone	#N/A	#N/A	#N/A					#N/A		
658	pTH14234	pTH6838	GST.GTF2IRD2.DBD	GTF2IRD2.DBD	GTF2IRD2	Codebook clone	#N/A	#N/A	#N/A					#N/A		
685	pTH14261	pTH6838	GST.MBD4.FL	MBD4.FL	MBD4	Codebook clone	#N/A	#N/A	#N/A					#N/A		
692	pTH14268	pTH6838	GST.MTERF3.FL	MTERF3.FL	MTERF3	Codebook clone	#N/A	#N/A	#N/A					#N/A		
731	pTH14307	pTH6838	GST.NACC2.FL	NACC2.FL	NACC2	Codebook clone	#N/A	#N/A	#N/A					#N/A		
746	pTH14322	pTH6838	GST.RBCK1.FL	RBCK1.FL	RBCK1	Codebook clone	#N/A	#N/A	#N/A					#N/A		
747	pTH14323	pTH6838	GST.REXO4.FL	REXO4.FL	REXO4	Codebook clone	#N/A	#N/A	#N/A					#N/A		
807	pTH15562	pTH13195	eGFP.MAX	MAX	MAX	Smile-seq control	#N/A	#N/A								
808	pTH15563	pTH13195	eGFP.SRY	SRY	SRY	Smile-seq control	#N/A	#N/A								
809	pTH15548	pTH13195	eGFP.SOX15	SOX15	SOX15	Smile-seq control	#N/A	#N/A								
810	pTH15564	pTH13195	eGFP.MYF6	MYF6	MYF6	Smile-seq control	#N/A	#N/A								
811	pTH15549	pTH13195	eGFP.SOX2	SOX2	SOX2	Smile-seq control	#N/A	#N/A								
812	pTH15550	pTH13195	eGFP.FOSL2	FOSL2	FOSL2	Smile-seq control	#N/A	#N/A								
813	pTH15571	pTH13195	eGFP.cJUN	cJUN	JUN	Smile-seq control	#N/A	#N/A								
814	pTH15551	pTH13195	eGFP.JUNB	JUNB	JUNB	Smile-seq control	#N/A	#N/A								
815	pTH15565	pTH13195	eGFP.OCT4/POU5F1	OCT4/POU5F1	POU5F1	Smile-seq control	#N/A	#N/A								
816	pTH15552	pTH13195	eGFP.LHX6	LHX6	LHX6	Smile-seq control	#N/A	#N/A								
817	pTH15566	pTH13195	eGFP.LEF1	LEF1	LEF1	Smile-seq control	#N/A	#N/A								
818	pTH15567	pTH13195	eGFP.YY1	YY1	YY1	Smile-seq control	#N/A	#N/A								
819	pTH15553	pTH13195	eGFP.VDR	VDR	VDR	Smile-seq control	#N/A	#N/A								
820	pTH15554	pTH13195	eGFP.GCM1	GCM1	GCM1	Smile-seq control	#N/A	#N/A								
821	pTH15568	pTH13195	eGFP.FLI1	FLI1	FLI1	Smile-seq control	#N/A	#N/A								
822	pTH15570	pTH13195	eGFP.GABPA	GABPA	GABPA	Smile-seq control	#N/A	#N/A								
823	pTH15555	pTH13195	eGFP.RORB	RORB	RORB	Smile-seq control	#N/A	#N/A								
824	pTH15556	pTH13195	eGFP.RXRA	RXRA	RXRA	Smile-seq control	#N/A	#N/A								
825	pTH15557	pTH13195	eGFP.RARA	RARA	RARA	Smile-seq control	#N/A	#N/A								
826	pTH15558	pTH13195	eGFP.NR1H4	NR1H4	NR1H4	Smile-seq control	#N/A	#N/A								
827	pTH15559	pTH13195	eGFP.PAX7	PAX7	PAX7	Smile-seq control	#N/A	#N/A								
828	pTH15572	pTH13195	eGFP.CTCF	CTCF	CTCF	Smile-seq control	#N/A	#N/A								
829	pTH15560	pTH13195	eGFP.NFKB1	NFKB1	NFKB1	Smile-seq control	#N/A	#N/A								
830	pTH15392	pTH6838	GST.GLI4.DBD	GLI4.DBD	GLI4	"Schmitges control (aka ""Marjan's clone"")"										Marjanset TFs with published ChIP-seq data
831	pTH15393	pTH6838	GST.SNAI1.DBD	SNAI1.DBD	SNAI1	"Schmitges control (aka ""Marjan's clone"")"										Marjanset TFs with published ChIP-seq data
832	pTH15394	pTH6838	GST.ZFP28.DBD	ZFP28.DBD	ZFP28	"Schmitges control (aka ""Marjan's clone"")"										Marjanset TFs with published ChIP-seq data
833	pTH15395	pTH6838	GST.ZFP3.DBD	ZFP3.DBD	ZFP3	"Schmitges control (aka ""Marjan's clone"")"										Marjanset TFs with published ChIP-seq data
834	pTH15396	pTH6838	GST.ZIM3.DBD	ZIM3.DBD	ZIM3	"Schmitges control (aka ""Marjan's clone"")"										Marjanset TFs with published ChIP-seq data
835	pTH15397	pTH6838	GST.ZNF121.DBD	ZNF121.DBD	ZNF121	"Schmitges control (aka ""Marjan's clone"")"										Marjanset TFs with published ChIP-seq data
836	pTH15398	pTH6838	GST.ZNF134.DBD	ZNF134.DBD	ZNF134	"Schmitges control (aka ""Marjan's clone"")"										Marjanset TFs with published ChIP-seq data
837	pTH15399	pTH6838	GST.ZNF140.DBD	ZNF140.DBD	ZNF140	"Schmitges control (aka ""Marjan's clone"")"										Marjanset TFs with published ChIP-seq data
838	pTH15400	pTH6838	GST.ZNF146.DBD	ZNF146.DBD	ZNF146	"Schmitges control (aka ""Marjan's clone"")"										Marjanset TFs with published ChIP-seq data
839	pTH15401	pTH6838	GST.ZNF16.DBD	ZNF16.DBD	ZNF16	"Schmitges control (aka ""Marjan's clone"")"										Marjanset TFs with published ChIP-seq data
840	pTH15402	pTH6838	GST.ZNF189.DBD	ZNF189.DBD	ZNF189	"Schmitges control (aka ""Marjan's clone"")"										Marjanset TFs with published ChIP-seq data
841	pTH15403	pTH6838	GST.ZNF22.DBD	ZNF22.DBD	ZNF22	"Schmitges control (aka ""Marjan's clone"")"										Marjanset TFs with published ChIP-seq data
842	pTH15404	pTH6838	GST.ZNF250.DBD	ZNF250.DBD	ZNF250	"Schmitges control (aka ""Marjan's clone"")"										Marjanset TFs with published ChIP-seq data
843	pTH15405	pTH6838	GST.ZNF260.DBD	ZNF260.DBD	ZNF260	"Schmitges control (aka ""Marjan's clone"")"										
844	pTH15406	pTH6838	GST.ZNF264.DBD	ZNF264.DBD	ZNF264	"Schmitges control (aka ""Marjan's clone"")"										
845	pTH15407	pTH6838	GST.ZNF280A.DBD	ZNF280A.DBD	ZNF280A	"Schmitges control (aka ""Marjan's clone"")"										
846	pTH15408	pTH6838	GST.ZNF30.DBD	ZNF30.DBD	ZNF30	"Schmitges control (aka ""Marjan's clone"")"										
847	pTH15409	pTH6838	GST.ZNF317.DBD	ZNF317.DBD	ZNF317	"Schmitges control (aka ""Marjan's clone"")"										
848	pTH15410	pTH6838	GST.ZNF322.DBD	ZNF322.DBD	ZNF322	"Schmitges control (aka ""Marjan's clone"")"										
849	pTH15411	pTH6838	GST.ZNF35.DBD	ZNF35.DBD	ZNF35	"Schmitges control (aka ""Marjan's clone"")"										
850	pTH15412	pTH6838	GST.ZNF382.DBD	ZNF382.DBD	ZNF382	"Schmitges control (aka ""Marjan's clone"")"										
851	pTH15413	pTH6838	GST.ZNF384.DBD	ZNF384.DBD	ZNF384	"Schmitges control (aka ""Marjan's clone"")"										
852	pTH15414	pTH6838	GST.ZNF436.DBD	ZNF436.DBD	ZNF436	"Schmitges control (aka ""Marjan's clone"")"										
853	pTH15415	pTH6838	GST.ZNF454.DBD	ZNF454.DBD	ZNF454	"Schmitges control (aka ""Marjan's clone"")"										
854	pTH15416	pTH6838	GST.ZNF490.DBD	ZNF490.DBD	ZNF490	"Schmitges control (aka ""Marjan's clone"")"										
855	pTH15417	pTH6838	GST.ZNF502.DBD	ZNF502.DBD	ZNF502	"Schmitges control (aka ""Marjan's clone"")"										
856	pTH15418	pTH6838	GST.ZNF563.DBD	ZNF563.DBD	ZNF563	"Schmitges control (aka ""Marjan's clone"")"										
857	pTH15419	pTH6838	GST.ZNF582.DBD	ZNF582.DBD	ZNF582	"Schmitges control (aka ""Marjan's clone"")"										
858	pTH15420	pTH6838	GST.ZNF677.DBD	ZNF677.DBD	ZNF677	"Schmitges control (aka ""Marjan's clone"")"										
859	pTH15421	pTH6838	GST.ZNF770.DBD	ZNF770.DBD	ZNF770	"Schmitges control (aka ""Marjan's clone"")"										
860	pTH15422	pTH6838	GST.ZNF8.DBD	ZNF8.DBD	ZNF8	"Schmitges control (aka ""Marjan's clone"")"										
861	pTH15423	pTH6838	GST.ZNF85.DBD	ZNF85.DBD	ZNF85	"Schmitges control (aka ""Marjan's clone"")"										
862	pTH15832	Mammalian cell AC expression gateway GFP	eGFP.YY1.FL	YY1.FL	YY1	"Hughes lab ChIP control (aka ""Rozy's control"")"										
863	pTH16498	Mammalian cell AC expression gateway GFP	eGFP.SNAI1.FL	SNAI1.FL	SNAI1	Schmitges control (original plasmid, may not be from Hughes lab)										
864	pTH16499	Mammalian cell AC expression gateway GFP	eGFP.ZNF189.FL	ZNF189.FL	ZNF189	Schmitges control (original plasmid, may not be from Hughes lab)										
865	pTH16500	Mammalian cell AC expression gateway GFP	eGFP.ZNF708.FL	ZNF708.FL	ZNF708	Schmitges control (original plasmid, may not be from Hughes lab)										
866	pTH15820	Mammalian cell AC expression gateway GFP	eGFP.GLI4.FL	GLI4.FL	GLI4	Schmitges control (original plasmid, may not be from Hughes lab)										
867	pTH15836	Mammalian cell AC expression gateway GFP	eGFP.ZFP3.FL	ZFP3.FL	ZFP3	Schmitges control (original plasmid, may not be from Hughes lab)										
868	pTH15838	Mammalian cell AC expression gateway GFP	eGFP.ZNF18.FL	ZNF18.FL	ZNF18	Schmitges control (original plasmid, may not be from Hughes lab)										
869	pTH15840	Mammalian cell AC expression gateway GFP	eGFP.ZNF250.FL	ZNF250.FL	ZNF250	Schmitges control (original plasmid, may not be from Hughes lab)										
870	pTH15842	Mammalian cell AC expression gateway GFP	eGFP.ZNF280A.FL	ZNF280A.FL	ZNF280A	Schmitges control (original plasmid, may not be from Hughes lab)										
871	pTH15815	Mammalian cell AC expression gateway GFP	eGFP.ZNF322.FL	ZNF322.FL	ZNF322	Schmitges control (original plasmid, may not be from Hughes lab)										
872	pTH15828	Mammalian cell AC expression gateway GFP	eGFP.ZNF382.FL	ZNF382.FL	ZNF382	Schmitges control (original plasmid, may not be from Hughes lab)										
873	pTH15830	Mammalian cell AC expression gateway GFP	eGFP.ZNF454.FL	ZNF454.FL	ZNF454	Schmitges control (original plasmid, may not be from Hughes lab)										
874	pTH15949	Mammalian cell AC expression gateway GFP	eGFP.ZNF16.FL	ZNF16.FL	ZNF16	Schmitges control (original plasmid, may not be from Hughes lab)										
875	pTH15985	Mammalian cell AC expression gateway GFP	eGFP.ZNF22.FL	ZNF22.FL	ZNF22	Schmitges control (original plasmid, may not be from Hughes lab)										
876	pTH15998	Mammalian cell AC expression gateway GFP	eGFP.ZNF30.FL	ZNF30.FL	ZNF30	Schmitges control (original plasmid, may not be from Hughes lab)										
877	pTH15874	Mammalian cell AC expression gateway GFP	eGFP.ZNF35.FL	ZNF35.FL	ZNF35	Schmitges control (original plasmid, may not be from Hughes lab)										
878	pTH16034	Mammalian cell AC expression gateway GFP	eGFP.ZNF121.FL	ZNF121.FL	ZNF121	Schmitges control (original plasmid, may not be from Hughes lab)										
879	pTH15812	Mammalian cell AC expression gateway GFP	eGFP.ZNF134.FL	ZNF134.FL	ZNF134	Schmitges control (original plasmid, may not be from Hughes lab)										
880	pTH15862	Mammalian cell AC expression gateway GFP	eGFP.ZIM3.FL	ZIM3.FL	ZIM3	Schmitges control (original plasmid, may not be from Hughes lab)										
881	pTH15950	Mammalian cell AC expression gateway GFP	eGFP.ZNF264.FL	ZNF264.FL	ZNF264	Schmitges control (original plasmid, may not be from Hughes lab)										
882	pTH15892	Mammalian cell AC expression gateway GFP	eGFP.ZNF384.FL	ZNF384.FL	ZNF384	Schmitges control (original plasmid, may not be from Hughes lab)										
883	pTH15849	Mammalian cell AC expression gateway GFP	eGFP.ZNF436.FL	ZNF436.FL	ZNF436	Schmitges control (original plasmid, may not be from Hughes lab)										
884	pTH15851	Mammalian cell AC expression gateway GFP	eGFP.ZNF490.FL	ZNF490.FL	ZNF490	Schmitges control (original plasmid, may not be from Hughes lab)										
885	pTH15857	Mammalian cell AC expression gateway GFP	eGFP.ZNF8.FL	ZNF8.FL	ZNF8	Schmitges control (original plasmid, may not be from Hughes lab)										
886	pTH15959	Mammalian cell AC expression gateway GFP	eGFP.ZNF260.FL	ZNF260.FL	ZNF260	Schmitges control (original plasmid, may not be from Hughes lab)										
887	pTH15943	Mammalian cell AC expression gateway GFP	eGFP.ZNF582.FL	ZNF582.FL	ZNF582	Schmitges control (original plasmid, may not be from Hughes lab)										
888	pTH15990	Mammalian cell AC expression gateway GFP	eGFP.ZNF596.FL	ZNF596.FL	ZNF596	Schmitges control (original plasmid, may not be from Hughes lab)										
889	pTH15883	Mammalian cell AC expression gateway GFP	eGFP.ZNF770.FL	ZNF770.FL	ZNF770	Schmitges control (original plasmid, may not be from Hughes lab)										
890	pTH15866	Mammalian cell AC expression gateway GFP	eGFP.ZFP28.FL	ZFP28.FL	ZFP28	Schmitges control (original plasmid, may not be from Hughes lab)										
891	pTH15813	Mammalian cell AC expression gateway GFP	eGFP.ZNF146.FL	ZNF146.FL	ZNF146	Schmitges control (original plasmid, may not be from Hughes lab)										
892	pTH15868	Mammalian cell AC expression gateway GFP	eGFP.ZNF140.FL	ZNF140.FL	ZNF140	Schmitges control (original plasmid, may not be from Hughes lab)										
893	pTH15873	Mammalian cell AC expression gateway GFP	eGFP.ZNF317.FL	ZNF317.FL	ZNF317	Schmitges control (original plasmid, may not be from Hughes lab)										
894	pTH16501	Mammalian cell AC expression gateway GFP	eGFP.CTCF.FL	CTCF.FL	CTCF	"Hughes lab ChIP control (aka ""Rozy's control"")"										
895	pTH16502	Mammalian cell AC expression gateway GFP	eGFP.GFP.FL	GFP.FL	GFP	"Hughes lab ChIP control (aka ""Rozy's control"")"										
896	pTH16503	Mammalian cell AC expression gateway GFP	eGFP.ZSCAN4.FL	ZSCAN4.FL	ZSCAN4	SMiLE-seq control										
