TF gene name (HGNC symbol)	Role in study	Ensembl ID (from HumanTFs)	Interpro IDs (from HumanTFs)	EntrezGene ID (from HumanTFs)	EntrezGene Description (from HumanTFs)	DBD(s) (from HumanTFs)	Present in PBM sheet	Present in HT-SELEX	Present in AffiSeq sheet	Present in SMiLE-seq sheet	Present in ChIP-seq sheet
AC008770.3	Codebook TF	ENSG00000267179	IPR001909;IPR007087;IPR015880	None	CTD	C2H2 ZF	no	no	no	no	no
AC092835.1	Codebook TF	ENSG00000233757	None	None	AC092835.1	C2H2 ZF	no	no	no	no	no
ADNP	Codebook TF	ENSG00000101126	IPR001356;IPR007087;IPR009057;IPR015880	23394	activity dependent neuroprotector homeobox [Source:HGNC Symbol;Acc:HGNC:15766]	Homeodomain	yes	yes	yes	yes	yes
ADNP2	Codebook TF	ENSG00000101544	IPR001356;IPR007087;IPR009057;IPR015880	22850	ADNP homeobox 2 [Source:HGNC Symbol;Acc:HGNC:23803]	Homeodomain	yes	yes	yes	yes	yes
AEBP1	Codebook TF	ENSG00000106624	IPR000421;IPR000834;IPR008969;IPR008979	100616346	AE binding protein 1 [Source:HGNC Symbol;Acc:HGNC:303]	Unknown	yes	yes	yes	no	no
AHCTF1	Codebook TF	ENSG00000153207	IPR011047;IPR025151	25909	AT	AT hook	yes	yes	yes	no	yes
AHDC1	Codebook TF	ENSG00000126705	None	27245	AT	AT hook	no	no	no	no	no
AKAP8	Codebook TF	ENSG00000105127	IPR007071;	10270	A	C2H2 ZF	yes	yes	yes	yes	yes
AKAP8L	Codebook TF	ENSG00000011243	IPR007071;	26993	A	C2H2 ZF	yes	yes	yes	no	yes
AKNA	Codebook TF	ENSG00000106948	IPR022150;	80709	AT	AT hook	yes	yes	yes	yes	yes
ANKZF1	Codebook TF	ENSG00000163516	IPR002110;IPR007087;IPR020683;	55139	ankyrin repeat and zinc finger domain containing 1 [Source:HGNC Symbol;Acc:HGNC:25527]	C2H2 ZF	yes	yes	yes	yes	yes
ARHGAP35	Codebook TF	ENSG00000160007	IPR000198;IPR001806;IPR002713;IPR008936;IPR027417;	2909	Rho GTPase activating protein 35 [Source:HGNC Symbol;Acc:HGNC:4591]	Unknown	yes	yes	yes	no	yes
ARID2	Codebook TF	ENSG00000189079	IPR001606;IPR003150;IPR007087;IPR016024	196528	AT	ARID/BRIGHT; RFX	yes	yes	yes	no	yes
ATMIN	Codebook TF	ENSG00000166454	IPR007087;IPR015880	23300	ATM interactor [Source:HGNC Symbol;Acc:HGNC:29034]	C2H2 ZF	yes	yes	yes	yes	yes
BATF2	Codebook TF	ENSG00000168062	IPR004827;	116071	basic leucine zipper ATF	bZIP	yes	yes	yes	no	yes
BAZ2A	Codebook TF	ENSG00000076108	IPR001487;IPR001739;IPR001965;IPR004022;IPR011011;IPR016177;IPR017956;IPR018359;IPR018500;IPR018501;IPR019787;	11176	bromodomain adjacent to zinc finger domain 2A [Source:HGNC Symbol;Acc:HGNC:962]	MBD; AT hook	no	no	no	no	no
BAZ2B	Codebook TF	ENSG00000123636	IPR001487;IPR001739;IPR001965;IPR004022;IPR011011;IPR016177;IPR018359;IPR018500;IPR018501;IPR019787	29994	bromodomain adjacent to zinc finger domain 2B [Source:HGNC Symbol;Acc:HGNC:963]	MBD	no	no	no	no	no
BHLHA9	Codebook TF	ENSG00000205899	IPR011598;	727857	basic helix	bHLH	yes	yes	yes	no	yes
BRF2	Codebook TF	ENSG00000104221	None	None	BRF2, RNA polymerase III transcription initiation factor 50 kDa subunit 	Unknown	yes	yes	yes	no	no
ZFTA	Codebook TF	ENSG00000188070	IPR015880;	65998	chromosome 11 open reading frame 95 [Source:HGNC Symbol;Acc:HGNC:28449]	BED ZF	yes	yes	no	no	yes
CAMTA1	Codebook TF	ENSG00000171735	IPR000048;IPR002110;IPR002909;IPR005559;IPR014756;IPR020683;IPR027417;	23261	calmodulin binding transcription activator 1 [Source:HGNC Symbol;Acc:HGNC:18806]	CG	yes	yes	yes	no	yes
CAMTA2	Codebook TF	ENSG00000108509	IPR000048;IPR002909;IPR005559;IPR014756;IPR020683;IPR027417	23125	calmodulin binding transcription activator 2 [Source:HGNC Symbol;Acc:HGNC:18807]	CG	yes	yes	yes	no	yes
CASZ1	Codebook TF	ENSG00000130940	IPR007087;IPR015880	54897	castor zinc finger 1 [Source:HGNC Symbol;Acc:HGNC:26002]	C2H2 ZF	no	yes	yes	no	yes
CBX2	Codebook TF	ENSG00000173894	IPR000953;IPR016197;IPR017984;IPR023779;IPR023780;	84733	chromobox 2 [Source:HGNC Symbol;Acc:HGNC:1552]	AT hook	no	no	no	no	no
CC2D1A	Codebook TF	ENSG00000132024	IPR000008;IPR006608	54862	coiled	Unknown	no	no	no	no	no
CCDC17	Codebook TF	ENSG00000159588	None	149483	coiled	C2H2 ZF	yes	yes	yes	yes	no
CENPA	Codebook TF	ENSG00000115163	None	None	centromere protein A 	Unknown	yes	yes	yes	no	no
CENPS	Codebook TF	ENSG00000175279	None	None	centromere protein S	Unknown	yes	yes	yes	no	no
CENPT	Codebook TF	ENSG00000102901	IPR009072;	80152	centromere protein T [Source:HGNC Symbol;Acc:HGNC:25787]	Unknown	yes	yes	yes	no	no
CENPX	Codebook TF	ENSG00000169689	None	None	Centromere protein X 	Unknown	yes	yes	yes	no	no
CGGBP1	Codebook TF	ENSG00000163320	IPR033375	8545	CGG triplet repeat binding protein 1 [Source:HGNC Symbol;Acc:HGNC:1888];CGG triplet repeat	Unknown	yes	yes	no	yes	no
CHAMP1	Codebook TF	ENSG00000198824	IPR007087;IPR015880	283489	chromosome alignment maintaining phosphoprotein 1 [Source:HGNC Symbol;Acc:HGNC:20311]	C2H2 ZF	yes	yes	yes	no	yes
CHCHD3	Codebook TF	ENSG00000106554	IPR007964	54927	coiled	Unknown	yes	yes	yes	no	no
CPXCR1	Codebook TF	ENSG00000147183	IPR007087;	53336	CPX chromosome region, candidate 1 [Source:HGNC Symbol;Acc:HGNC:2332]	C2H2 ZF	yes	yes	yes	yes	yes
CREB3L3	Codebook TF	ENSG00000060566	IPR004827;	84699	cAMP responsive element binding protein 3 like 3 [Source:HGNC Symbol;Acc:HGNC:18855]	bZIP	yes	yes	yes	no	no
CSRNP1	Codebook TF	ENSG00000144655	IPR023260	64651	cysteine and serine rich nuclear protein 1 [Source:HGNC Symbol;Acc:HGNC:14300]	Unknown	yes	yes	yes	no	no
CSRNP2	Codebook TF	ENSG00000110925	IPR023260	81566	cysteine and serine rich nuclear protein 2 [Source:HGNC Symbol;Acc:HGNC:16006]	Unknown	yes	yes	yes	no	no
CSRNP3	Codebook TF	ENSG00000178662	IPR023260	80034	cysteine and serine rich nuclear protein 3 [Source:HGNC Symbol;Acc:HGNC:30729]	Unknown	yes	yes	yes	no	no
CTCF	SMiLE-seq control AND Hughes control	ENSG00000102974	IPR007087;IPR015880	10664	CCCTC	C2H2 ZF	yes	yes	yes	no	yes
CXXC4	Codebook TF	ENSG00000168772	IPR002857;	80319	CXXC finger protein 4 [Source:HGNC Symbol;Acc:HGNC:24593] 	CxxC	yes	yes	yes	no	yes
DACH1	Codebook TF	ENSG00000276644	IPR003380;IPR009061	1602	Dachshund family transcription factor 1 [Source:HGNC Symbol;Acc:HGNC:2663]	Unknown	yes	yes	yes	yes	no
DACH2	Codebook TF	ENSG00000126733	IPR003380;IPR009061	117154	Dachshund family transcription factor 2 [Source:HGNC Symbol;Acc:HGNC:16814]	Unknown	yes	yes	yes	no	no
DMRTB1	Codebook TF	ENSG00000143006	IPR001275;	63948	DMRT like family B with proline rich C	DM	yes	yes	yes	no	yes
DMTF1	Codebook TF	ENSG00000135164	IPR001005;IPR009057;IPR017877;IPR017930	9988	cyclin D binding myb like transcription factor 1 [Source:HGNC Symbol;Acc:HGNC:14603]	Myb/SANT	yes	yes	yes	no	no
DNTTIP1	Codebook TF	ENSG00000101457	None	116092	deoxynucleotidyltransferase, terminal, interacting protein 1 [Source:HGNC Symbol;Acc:HGNC:16160]	AT hook	yes	yes	yes	no	yes
DOT1L	Codebook TF	ENSG00000104885	IPR013110;IPR021169;IPR025789;IPR029063	84444	DOT1 like histone lysine methyltransferase [Source:HGNC Symbol;Acc:HGNC:24948]	AT hook	no	no	no	no	no
DR1	Codebook TF	ENSG00000117505	IPR003958;IPR009072	1810	down	Unknown	yes	yes	yes	no	no
DRAP1	Codebook TF	ENSG00000175550	IPR003958;IPR009072	10589	DR1 associated protein 1 [Source:HGNC Symbol;Acc:HGNC:3019]	Unknown	yes	yes	yes	no	no
DZIP1	Codebook TF	ENSG00000134874	IPR007087;IPR015880	22873	DAZ interacting zinc finger protein 1 [Source:HGNC Symbol;Acc:HGNC:20908]	C2H2 ZF	yes	yes	yes	yes	yes
EEA1	Codebook TF	ENSG00000102189	IPR000306;IPR007087;IPR011011;IPR017455	8411	early endosome antigen 1 [Source:HGNC Symbol;Acc:HGNC:3185]	C2H2 ZF	yes	yes	yes	yes	no
ELF3	Codebook TF	ENSG00000163435	IPR000418;IPR003118;IPR013761;	1999	E74 like ETS transcription factor 3 [Source:HGNC Symbol;Acc:HGNC:3318]	Ets; AT hook	no	yes	yes	no	yes
FAM170A	Codebook TF	ENSG00000164334	None	340069	family with sequence similarity 170 member A [Source:HGNC Symbol;Acc:HGNC:27963]	C2H2 ZF	no	yes	yes	yes	no
FAM200B	Codebook TF	ENSG00000237765	IPR012337	285550	family with sequence similarity 200 member B [Source:HGNC Symbol;Acc:HGNC:27740]	BED ZF	yes	yes	no	no	no
FBXL19	Codebook TF	ENSG00000099364	IPR001611;IPR001810;IPR001965;IPR002857;IPR006553;IPR011011;IPR019786;IPR019787	54620	F	CxxC	yes	yes	yes	no	yes
FIZ1	Codebook TF	ENSG00000179943	IPR007087;IPR015880	84922	FLT3 interacting zinc finger 1 [Source:HGNC Symbol;Acc:HGNC:25917]	C2H2 ZF	no	yes	yes	no	no
FLI1	SMiLE-seq control	ENSG00000151702	IPR000418;IPR003118;IPR013761;	2313	Fli	Ets	yes	yes	yes	no	no
FLYWCH1	Codebook TF	ENSG00000059122	IPR007588;IPR029279	84256	FLYWCH	FLYWCH	yes	yes	yes	yes	yes
FOSL2	SMiLE-seq control	ENSG00000075426	IPR000837;IPR004827	2355	FOS like 2, AP	bZIP	yes	yes	yes	no	no
GABPA	SMiLE-seq control	ENSG00000154727	IPR000418;IPR003118;IPR013761;IPR016312;IPR024668;IPR029071	2551	GA binding protein transcription factor alpha subunit [Source:HGNC Symbol;Acc:HGNC:4071]	Ets	yes	yes	yes	no	no
GATAD2A	Codebook TF	ENSG00000167491	IPR000679;	54815	GATA zinc finger domain containing 2A [Source:HGNC Symbol;Acc:HGNC:29989]	GATA	yes	yes	yes	no	no
GATAD2B	Codebook TF	ENSG00000143614	IPR000679;	57459	GATA zinc finger domain containing 2B [Source:HGNC Symbol;Acc:HGNC:30778]	GATA	yes	yes	yes	no	yes
GCM1	SMiLE-seq control	ENSG00000137270	IPR003902;	8521	glial cells missing homolog 1 [Source:HGNC Symbol;Acc:HGNC:4197]	GCM	yes	yes	yes	no	no
GLI4	Schmitges control	ENSG00000250571	IPR007087;IPR015880	2738	GLI family zinc finger 4 [Source:HGNC Symbol;Acc:HGNC:4320]	C2H2 ZF	no	yes	yes	no	yes
GLMP	Codebook TF	ENSG00000198715	IPR029382	112770	glycosylated lysosomal membrane protein [Source:HGNC Symbol;Acc:HGNC:29436]	Unknown	yes	yes	yes	no	no
GLYR1	Codebook TF	ENSG00000140632	IPR000313;IPR006115;IPR008927;IPR029154	84656	glyoxylate reductase 1 homolog	AT hook	yes	yes	yes	no	yes
GPBP1	Codebook TF	ENSG00000062194	IPR028128	65056	GC	Unknown	yes	yes	yes	no	no
GPBP1L1	Codebook TF	ENSG00000159592	IPR028128	60313	GC	Unknown	yes	yes	yes	no	no
GRHL3	Codebook TF	ENSG00000158055	IPR007604;	57822	grainyhead like transcription factor 3 [Source:HGNC Symbol;Acc:HGNC:25839]	Grainyhead	yes	yes	yes	no	yes
GTF2IRD2	Codebook TF	ENSG00000196275	IPR004212;IPR012337	84163	GTF2I repeat domain containing 2 [Source:HGNC Symbol;Acc:HGNC:30775]	GTF2I	no	yes	yes	yes	yes
GTF2IRD2B	Codebook TF	ENSG00000174428	IPR004212;IPR012337	389524	GTF2I repeat domain containing 2B [Source:HGNC Symbol;Acc:HGNC:33125]	GTF2I	yes	yes	yes	yes	yes
HMG20A	Codebook TF	ENSG00000140382	IPR009071;	10363	high mobility group 20A [Source:HGNC Symbol;Acc:HGNC:5001]	HMG/Sox	yes	yes	yes	yes	yes
HMGA1	Codebook TF	ENSG00000137309	IPR000116;IPR000637;IPR017956;IPR020478	3159	high mobility group AT	AT hook	no	no	no	no	no
HMGN3	Codebook TF	ENSG00000118418	IPR000079	9324	high mobility group nucleosomal binding domain 3 [Source:HGNC Symbol;Acc:HGNC:12312]	HMG/Sox	yes	yes	yes	no	yes
HSFX1	Codebook TF	ENSG00000171116	IPR000232;	100506164	heat shock transcription factor family, X	HSF	yes	yes	yes	no	no
HSFX2	Codebook TF	ENSG00000268738	IPR000232;	100130086	heat shock transcription factor family, X	HSF	yes	yes	yes	no	no
JAZF1	Codebook TF	ENSG00000153814	IPR007087;IPR015880	221895	JAZF zinc finger 1 [Source:HGNC Symbol;Acc:HGNC:28917]	C2H2 ZF	no	yes	yes	yes	no
JRK	Codebook TF	ENSG00000234616	IPR004875;IPR006600;IPR007889;IPR009057	8629	Jrk helix	CENPB	yes	yes	yes	no	yes
JUN	SMiLE-seq control	ENSG00000177606	IPR002112;IPR004827;IPR005643;IPR008917	3725	Jun proto	bZIP	no	no	no	no	no
JUNB	SMiLE-seq control	ENSG00000171223	IPR002112;IPR004827;IPR005643;IPR008917	3726	JunB proto	bZIP	yes	yes	yes	no	no
KAT7	Codebook TF	ENSG00000136504	IPR002515;IPR002717;IPR016181;	11143	lysine acetyltransferase 7 [Source:HGNC Symbol;Acc:HGNC:17016]	C2H2 ZF	no	yes	yes	no	no
KCNIP3	Codebook TF	ENSG00000115041	IPR002048;IPR011992;IPR018247	30818	potassium voltage	Unknown	yes	yes	yes	no	no
KDM2A	Codebook TF	ENSG00000173120	IPR001810;IPR001965;IPR002857;IPR003347;IPR006553;IPR011011;IPR019786;IPR019787	22992	lysine demethylase 2A [Source:HGNC Symbol;Acc:HGNC:13606]	CxxC	yes	yes	yes	no	yes
KDM5B	Codebook TF	ENSG00000117139	IPR001606;IPR001965;IPR003347;IPR003349;IPR004198;IPR011011;IPR013637;IPR019786;IPR019787;	10765	lysine demethylase 5B [Source:HGNC Symbol;Acc:HGNC:18039]	ARID/BRIGHT	yes	yes	yes	no	yes
KIN	Codebook TF	ENSG00000151657	IPR019447;	22944	Kin17 DNA and RNA binding protein [Source:HGNC Symbol;Acc:HGNC:6327]	C2H2 ZF	no	yes	yes	yes	yes
L3MBTL4	Codebook TF	ENSG00000154655	IPR001660;IPR002515;IPR004092;IPR013761;IPR021129;	91133	l(3)mbt	C2H2 ZF	no	yes	yes	no	no
LEF1	SMiLE-seq control	ENSG00000138795	IPR009071;IPR013558	51176	lymphoid enhancer binding factor 1 [Source:HGNC Symbol;Acc:HGNC:6551]	HMG/Sox	yes	yes	yes	no	no
LEUTX	Codebook TF	ENSG00000213921	IPR001356;IPR009057;IPR017970;	342900	leucine twenty homeobox [Source:HGNC Symbol;Acc:HGNC:31953]	Homeodomain	yes	yes	yes	no	yes
LHX6	SMiLE-seq control	ENSG00000106852	IPR001356;IPR001781;IPR009057;IPR017970	26468	LIM homeobox 6 [Source:HGNC Symbol;Acc:HGNC:21735]	Homeodomain	yes	yes	yes	no	no
MAX	SMiLE-seq control	ENSG00000125952	IPR011598;	4149	MYC associated factor X [Source:HGNC Symbol;Acc:HGNC:6913]	bHLH	yes	yes	yes	no	no
MBD1	Codebook TF	ENSG00000141644	IPR001739;IPR002857;IPR016177;	4152	methyl	MBD; CxxC ZF	yes	yes	yes	no	no
MBD3	Codebook TF	ENSG00000071655	IPR001739;IPR016177;IPR025884;	53615	methyl	MBD	yes	yes	yes	no	no
MBD4	Codebook TF	ENSG00000129071	IPR001739;IPR003265;IPR011257;IPR016177;IPR017352;	8930	methyl	MBD	yes	yes	yes	yes	no
MBD6	Codebook TF	ENSG00000166987	IPR001739;IPR016177	114785	methyl	MBD	yes	yes	yes	no	no
MBNL2	Codebook TF	ENSG00000139793	IPR000571;	10150	muscleblind like splicing regulator 2 [Source:HGNC Symbol;Acc:HGNC:16746]	CCCH ZF	yes	yes	yes	no	yes
MGA	Codebook TF	ENSG00000174197	IPR001699;IPR008967;IPR011598;IPR018186	23269	MGA, MAX dimerization protein [Source:HGNC Symbol;Acc:HGNC:14010]	T	no	no	no	no	no
MKX	Codebook TF	ENSG00000150051	IPR001356;IPR008422;IPR009057;IPR017970	283078	mohawk homeobox [Source:HGNC Symbol;Acc:HGNC:23729]	Homeodomain	yes	yes	yes	no	yes
MSANTD1	Codebook TF	ENSG00000188981	None	345222	Myb/SANT DNA binding domain containing 1 [Source:HGNC Symbol;Acc:HGNC:33741]	MADF	yes	yes	yes	no	no
MSANTD4	Codebook TF	ENSG00000170903	IPR028002	84437	Myb/SANT DNA binding domain containing 4 with coiled	Myb/SANT	yes	yes	yes	yes	no
MTERF2	Codebook TF	ENSG00000120832	IPR003690;	80298	mitochondrial transcription termination factor 2 [Source:HGNC Symbol;Acc:HGNC:30779]	mTERF	yes	yes	yes	no	no
MTERF3	Codebook TF	ENSG00000156469	IPR003690;	51001	mitochondrial transcription termination factor 3 [Source:HGNC Symbol;Acc:HGNC:24258]	mTERF	yes	yes	yes	no	no
MTERF4	Codebook TF	ENSG00000122085	IPR003690;IPR016024	130916	mitochondrial transcription termination factor 4 [Source:HGNC Symbol;Acc:HGNC:28785]	mTERF	yes	yes	yes	no	no
MYF6	SMiLE-seq control	ENSG00000111046	IPR002546;IPR011598	4618	myogenic factor 6 [Source:HGNC Symbol;Acc:HGNC:7566]	bHLH	yes	yes	yes	no	no
MYPOP	Codebook TF	ENSG00000176182	IPR001005;IPR017877;IPR028002;	339344	Myb	Myb/SANT	yes	yes	yes	no	no
MYRFL	Codebook TF	ENSG00000166268	IPR008967;IPR024061;IPR025719;IPR026932;IPR030392;	196446	myelin regulatory factor	Ndt80/PhoG	yes	yes	yes	no	no
MYSM1	Codebook TF	ENSG00000162601	IPR000555;IPR001005;IPR007526;IPR009057;IPR017884;	114803	Myb like, SWIRM and MPN domains 1 [Source:HGNC Symbol;Acc:HGNC:29401]	Myb/SANT	yes	yes	yes	yes	no
MYT1	Codebook TF	ENSG00000196132	IPR002515;IPR013681	4661	myelin transcription factor 1 [Source:HGNC Symbol;Acc:HGNC:7622]	C2H2 ZF	no	yes	yes	no	no
NACC2	Codebook TF	ENSG00000148411	IPR000210;IPR011333;IPR013069;IPR018379	138151	NACC family member 2 [Source:HGNC Symbol;Acc:HGNC:23846];Nucleus accumbens	Unknown	yes	yes	yes	no	yes
NANOGNB	Codebook TF	ENSG00000205857	IPR001356;IPR009057	360030	NANOG neighbor homeobox [Source:HGNC Symbol;Acc:HGNC:24958]	Homeodomain	yes	yes	yes	no	yes
NCOA1	Codebook TF	ENSG00000084676	IPR000014;IPR009110;IPR010011;IPR011598;IPR013767;IPR014920;IPR014935;IPR017426	8648	nuclear receptor coactivator 1 [Source:HGNC Symbol;Acc:HGNC:7668]	bHLH	yes	yes	yes	no	yes
NCOA2	Codebook TF	ENSG00000140396	IPR000014;IPR009110;IPR010011;IPR011598;IPR013767;IPR014920;IPR014935;IPR017426	10499	nuclear receptor coactivator 2 [Source:HGNC Symbol;Acc:HGNC:7669]	bHLH	yes	yes	yes	no	yes
NCOA3	Codebook TF	ENSG00000124151	IPR000014;IPR009110;IPR010011;IPR011598;IPR013767;IPR014920;IPR014935;IPR017426	8202	nuclear receptor coactivator 3 [Source:HGNC Symbol;Acc:HGNC:7670]	bHLH	yes	yes	yes	no	no
NFKB1	SMiLE-seq control	ENSG00000109320	IPR000451;IPR000488;IPR002110;IPR002909;IPR008967;IPR011029;IPR011539;IPR014756;IPR020683;IPR030492	4790	nuclear factor kappa B subunit 1 [Source:HGNC Symbol;Acc:HGNC:7794]	Rel	yes	yes	yes	no	no
NFX1	Codebook TF	ENSG00000086102	IPR000967;IPR001374;IPR001841;IPR019786;IPR019787;	4799	nuclear transcription factor, X	NFX	yes	yes	yes	yes	no
NFXL1	Codebook TF	ENSG00000170448	IPR000967;IPR001841;IPR019786;	152518	nuclear transcription factor, X	NFX	yes	yes	yes	no	no
NKRF	Codebook TF	ENSG00000186416	IPR000467;IPR001374;IPR014720;	55922	NFKB repressing factor [Source:HGNC Symbol;Acc:HGNC:19374]	Unknown	yes	yes	yes	no	no
NME2	Codebook TF	ENSG00000243678	IPR001564;IPR023005	None	NME1	Unknown	yes	yes	yes	yes	no
NR1H4	SMiLE-seq control	ENSG00000012504	IPR000536;IPR001628;IPR001723;IPR001728;IPR008946;	9971	nuclear receptor subfamily 1 group H member 4 [Source:HGNC Symbol;Acc:HGNC:7967]	Nuclear receptor	yes	yes	yes	no	no
NR4A2	SMiLE-seq control	ENSG00000153234	IPR000536;IPR001628;IPR001723;IPR003070;IPR003073;IPR008946	4929	nuclear receptor subfamily 4 group A member 2 [Source:HGNC Symbol;Acc:HGNC:7981]	Nuclear receptor	yes	yes	yes	no	no
PA2G4	Codebook TF	ENSG00000170515	IPR000994;IPR004545;IPR018349	5036	proliferation	Unknown	yes	yes	yes	no	no
PAX7	SMiLE-seq control	ENSG00000009709	IPR001356;IPR001523;IPR009057;IPR017970;IPR022106;	5081	paired box 7 [Source:HGNC Symbol;Acc:HGNC:8621]	Homeodomain; Paired box	yes	yes	yes	no	no
PCGF2	Codebook TF	ENSG00000277258	IPR001841;IPR017907;IPR018957	7703	polycomb group ring finger 2 [Source:HGNC Symbol;Acc:HGNC:12929]	Unknown	yes	yes	yes	no	no
PCGF6	Codebook TF	ENSG00000156374	IPR001841;IPR017907;IPR018957;IPR029071	84108	polycomb group ring finger 6 [Source:HGNC Symbol;Acc:HGNC:21156]	Unknown	yes	yes	yes	no	no
PEG3	Codebook TF	ENSG00000198300	IPR003309;IPR007087;IPR008916;IPR015880	5178	paternally expressed 3 [Source:HGNC Symbol;Acc:HGNC:8826]	C2H2 ZF	no	yes	yes	no	yes
PHF19	Codebook TF	ENSG00000119403	None	None	PHD finger protein 19 	Unknown	yes	yes	yes	no	no
PHF20	Codebook TF	ENSG00000025293	IPR001965;IPR002999;IPR007087;IPR011011;IPR019786;IPR019787;IPR022255;	51230	PHD finger protein 20 [Source:HGNC Symbol;Acc:HGNC:16098]	AT hook	no	no	no	no	yes
PHF21A	Codebook TF	ENSG00000135365	IPR001965;IPR011011;IPR017956;IPR019786;IPR019787;	51317	PHD finger protein 21A [Source:HGNC Symbol;Acc:HGNC:24156]	AT hook	yes	yes	yes	no	yes
PIN1	Codebook TF	ENSG00000127445	IPR000297;IPR001202;IPR023058	5300	peptidylprolyl cis/trans isomerase, NIMA	MBD	yes	yes	yes	no	no
PLSCR1	Codebook TF	ENSG00000188313	IPR005552;IPR025659	5359	phospholipid scramblase 1 [Source:HGNC Symbol;Acc:HGNC:9092]	Unknown	yes	yes	yes	no	no
POGK	Codebook TF	ENSG00000143157	IPR001909;IPR004875;IPR006600;IPR009057;IPR018586;	57645	pogo transposable element with KRAB domain [Source:HGNC Symbol;Acc:HGNC:18800]	Brinker	yes	yes	yes	yes	yes
POU5F1	SMiLE-seq control	ENSG00000204531	IPR000327;IPR001356;IPR009057;IPR010982;IPR013847;IPR017970	5460	POU class 5 homeobox 1 [Source:HGNC Symbol;Acc:HGNC:9221]	Homeodomain; POU	no	yes	yes	no	no
POU5F2	Codebook TF	ENSG00000248483	IPR000327;IPR001356;IPR009057;IPR010982;IPR013847	134187	POU domain class 5, transcription factor 2 [Source:HGNC Symbol;Acc:HGNC:26367]	Homeodomain; POU	yes	yes	yes	no	no
PRDM10	Codebook TF	ENSG00000170325	IPR001214;IPR007087;IPR015880;IPR022755	56980	PR domain 10 [Source:HGNC Symbol;Acc:HGNC:13995]	C2H2 ZF	no	yes	yes	no	yes
PRDM13	Codebook TF	ENSG00000112238	IPR001214;IPR007087;IPR015880;	59336	PR domain 13 [Source:HGNC Symbol;Acc:HGNC:13998]	C2H2 ZF	no	yes	yes	no	yes
PRDM2	Codebook TF	ENSG00000116731	IPR001214;IPR007087;IPR009170;IPR015880	7799	PR domain 2 [Source:HGNC Symbol;Acc:HGNC:9347]	C2H2 ZF	no	yes	yes	no	no
PRDM5	Codebook TF	ENSG00000138738	IPR001214;IPR007087;IPR015880;IPR017125;IPR022755;	11107	PR domain 5 [Source:HGNC Symbol;Acc:HGNC:9349]	C2H2 ZF	no	yes	yes	no	yes
PRDM8	Codebook TF	ENSG00000152784	IPR001214;IPR007087;IPR015880;	56978	PR domain 8 [Source:HGNC Symbol;Acc:HGNC:13993]	C2H2 ZF	no	yes	yes	no	yes
PREB	Codebook TF	ENSG00000138073	IPR001680;IPR011047;IPR017986;	10113	prolactin regulatory element binding [Source:HGNC Symbol;Acc:HGNC:9356]	Unknown	yes	yes	yes	no	no
PRMT3	Codebook TF	ENSG00000185238	IPR007087;IPR025799;IPR029063;	10196	Protein arginine methyltransferase 3 [Source:HGNC Symbol;Acc:HGNC:30163]	C2H2 ZF	no	yes	yes	no	yes
PRR12	Codebook TF	ENSG00000126464	IPR025451;	57479	proline rich 12 [Source:HGNC Symbol;Acc:HGNC:29217]	AT hook	no	no	no	no	no
PURB	Codebook TF	ENSG00000146676	IPR006628	100616393	purine rich element binding protein B [Source:HGNC Symbol;Acc:HGNC:9702]	Unknown	yes	yes	yes	yes	no
PURG	Codebook TF	ENSG00000172733	IPR006628	29942	Purine rich element binding protein G	Unknown	yes	yes	yes	no	no
RAG1	Codebook TF	ENSG00000166349	IPR001841;IPR017907;IPR018957;IPR019485;IPR023336;IPR024627	5896	recombination activating gene 1 [Source:HGNC Symbol;Acc:HGNC:9831]	Unknown	yes	yes	yes	no	no
RARA	SMiLE-seq control	ENSG00000131759	IPR000536;IPR001628;IPR001723;IPR003078;IPR008946;	5914	retinoic acid receptor alpha [Source:HGNC Symbol;Acc:HGNC:9864]	Nuclear receptor	yes	yes	yes	no	no
RBCK1	Codebook TF	ENSG00000125826	IPR000626;IPR001841;IPR001876;IPR002867;IPR017907;IPR029071	10616	RANBP2	Unknown	no	yes	yes	no	no
RBSN	Codebook TF	ENSG00000131381	IPR000306;IPR007087;IPR011011;IPR017455;IPR021565;	64145	rabenosyn, RAB effector [Source:HGNC Symbol;Acc:HGNC:20759]	C2H2 ZF	no	yes	yes	no	yes
REXO4	Codebook TF	ENSG00000148300	IPR006055;IPR012337;IPR013520	57109	REX4 homolog, 3	Unknown	no	yes	yes	no	no
RFX5	Codebook TF	ENSG00000143390	IPR003150;IPR029298	5993	regulatory factor X5 [Source:HGNC Symbol;Acc:HGNC:9986]	RFX	no	no	no	no	yes
RFX8	Codebook TF	ENSG00000196460	None	731220	RFX family member 8, lacking RFX DNA binding domain [Source:HGNC Symbol;Acc:HGNC:37253] 	RFX	yes	yes	yes	no	yes
RLF	Codebook TF	ENSG00000117000	IPR007087;IPR015880	6018	rearranged L	C2H2 ZF	no	yes	yes	no	yes
RORB	SMiLE-seq control	ENSG00000198963	IPR000536;IPR001628;IPR001723;IPR003079;IPR008946;	6096	RAR related orphan receptor B [Source:HGNC Symbol;Acc:HGNC:10259]	Nuclear receptor	yes	yes	yes	no	no
RXRA	SMiLE-seq control	ENSG00000186350	IPR000003;IPR000536;IPR001628;IPR001723;IPR008946;IPR021780	6256	retinoid X receptor alpha [Source:HGNC Symbol;Acc:HGNC:10477]	Nuclear receptor	yes	yes	yes	no	no
SAFB	Codebook TF	ENSG00000160633	IPR000504;IPR003034	6294	scaffold attachment factor B [Source:HGNC Symbol;Acc:HGNC:10520]	Unknown	yes	yes	yes	no	no
SAFB2	Codebook TF	ENSG00000130254	IPR000504;IPR003034	9667	scaffold attachment factor B2 [Source:HGNC Symbol;Acc:HGNC:21605]	Unknown	yes	yes	yes	no	yes
SALL3	Codebook TF	ENSG00000256463	IPR007087;IPR015880	27164	spalt like transcription factor 3 [Source:HGNC Symbol;Acc:HGNC:10527]	C2H2 ZF	no	yes	yes	no	yes
SCMH1	Codebook TF	ENSG00000010803	IPR001660;IPR004092;IPR013761;IPR021129;IPR021987	22955	sex comb on midleg homolog 1 (Drosophila) [Source:HGNC Symbol;Acc:HGNC:19003];Polycomb protein SCMH1	Unknown	yes	yes	yes	no	no
SCML4	Codebook TF	ENSG00000146285	IPR001660;IPR013761;IPR021129;IPR021987	256380	sex comb on midleg	AT hook	yes	yes	yes	no	yes
SETBP1	Codebook TF	ENSG00000152217	IPR017956;	26040	SET binding protein 1 [Source:HGNC Symbol;Acc:HGNC:15573]	AT hook	yes	yes	yes	no	yes
SETDB2	Codebook TF	ENSG00000136169	IPR001214;IPR001739;IPR003606;IPR007728;IPR016177;	83852	SET domain bifurcated 2 [Source:HGNC Symbol;Acc:HGNC:20263]	MBD	yes	yes	yes	yes	no
SGSM2	Codebook TF	ENSG00000141258	IPR000195;IPR004012	9905	small G protein signaling modulator 2 [Source:HGNC Symbol;Acc:HGNC:29026]	BED ZF	yes	yes	yes	yes	yes
SKI	Codebook TF	ENSG00000157933	IPR003380;IPR009061;IPR010919;IPR014890	6497	SKI proto	Unknown	no	no	no	no	no
SKIL	Codebook TF	ENSG00000136603	IPR003380;IPR009061;IPR010919;IPR014890	6498	SKI	Unknown	no	no	no	no	no
SLC2A4RG	Codebook TF	ENSG00000125520	IPR007087;IPR015880	56731	SLC2A4 regulator [Source:HGNC Symbol;Acc:HGNC:15930]	C2H2 ZF	no	yes	yes	yes	yes
SMYD3	Codebook TF	ENSG00000185420	IPR001214;IPR002893;IPR025805	64754	SET and MYND domain containing 3 [Source:HGNC Symbol;Acc:HGNC:15513]	Unknown	yes	yes	yes	yes	yes
SNAI1	Schmitges control	ENSG00000124216	IPR007087;IPR015880	6615	snail family transcriptional repressor 1 [Source:HGNC Symbol;Acc:HGNC:11128]	C2H2 ZF	no	yes	yes	no	yes
SNAPC2	Codebook TF	ENSG00000104976	IPR021281	6618	small nuclear RNA activating complex polypeptide 2 [Source:HGNC Symbol;Acc:HGNC:11135]	Unknown	yes	yes	yes	no	yes
SNAPC5	Codebook TF	ENSG00000174446	IPR029138	10302	small nuclear RNA activating complex polypeptide 5 [Source:HGNC Symbol;Acc:HGNC:15484]	Unknown	yes	yes	yes	no	no
SOHLH1	Codebook TF	ENSG00000165643	IPR011598;	402381	spermatogenesis and oogenesis specific basic helix	bHLH	yes	yes	yes	no	yes
SON	Codebook TF	ENSG00000159140	IPR000467;IPR014720;IPR017986	102465248	SON DNA binding protein [Source:HGNC Symbol;Acc:HGNC:11183]	Unknown	no	no	no	no	yes
SOX15	SMiLE-seq control	ENSG00000129194	IPR009071;	6665	SRY	HMG/Sox	yes	yes	yes	no	no
SOX2	SMiLE-seq control	ENSG00000181449	IPR009071;IPR022097	6657	SRY	HMG/Sox	yes	yes	yes	no	no
SOX5	SMiLE-seq control	ENSG00000134532	IPR009071;	6660	SRY	HMG/Sox	yes	yes	yes	no	no
SP100	Codebook TF	ENSG00000067066	IPR000770;IPR001487;IPR001965;IPR004865;IPR009071;IPR010919;IPR011011;IPR019786;IPR019787;	6672	SP100 nuclear antigen [Source:HGNC Symbol;Acc:HGNC:11206]	SAND	yes	yes	yes	no	no
SP110	Codebook TF	ENSG00000135899	IPR000770;IPR001487;IPR001965;IPR004865;IPR010919;IPR011011;IPR019786;IPR019787	3431	SP110 nuclear body protein [Source:HGNC Symbol;Acc:HGNC:5401]	SAND	yes	yes	yes	no	yes
SP140	Codebook TF	ENSG00000079263	IPR000770;IPR001487;IPR001965;IPR004865;IPR010919;IPR011011;IPR019786;IPR019787	11262	SP140 nuclear body protein [Source:HGNC Symbol;Acc:HGNC:17133]	SAND	yes	yes	yes	no	yes
SP140L	Codebook TF	ENSG00000185404	IPR000770;IPR001487;IPR001965;IPR004865;IPR010919;IPR011011;IPR019786;IPR019787	93349	SP140 nuclear body protein like [Source:HGNC Symbol;Acc:HGNC:25105]	SAND	yes	yes	yes	no	yes
SRY	SMiLE-seq control	ENSG00000184895	IPR009071;IPR017253	6736	sex determining region Y [Source:HGNC Symbol;Acc:HGNC:11311]	HMG/Sox	yes	yes	yes	no	no
TBPL1	Codebook TF	ENSG00000028839	IPR000814;	9519	TATA	TBP	yes	yes	yes	no	yes
TCF20	Codebook TF	ENSG00000100207	IPR001965;	6942	transcription factor 20 (AR1) [Source:HGNC Symbol;Acc:HGNC:11631]	Unknown	yes	yes	yes	no	yes
TERB1	Codebook TF	ENSG00000249961	IPR001005;IPR009057;IPR016024;	283847	telomere repeat binding bouquet formation protein 1 [Source:HGNC Symbol;Acc:HGNC:26675]	Myb/SANT	yes	yes	yes	yes	yes
TERF1	Codebook TF	ENSG00000147601	IPR001005;IPR009057;IPR013867;IPR017357;IPR017930;	7013	telomeric repeat binding factor 1 [Source:HGNC Symbol;Acc:HGNC:11728]	Myb/SANT	yes	yes	yes	no	no
TET2	Codebook TF	ENSG00000168769	None	54790	tet methylcytosine dioxygenase 2 	Unknown	yes	yes	yes	no	yes
TET3	Codebook TF	ENSG00000187605	IPR002857;IPR024779	200424	tet methylcytosine dioxygenase 3 [Source:HGNC Symbol;Acc:HGNC:28313]	CxxC	yes	yes	yes	no	no
THAP10	Codebook TF	ENSG00000129028	IPR006612;	56906	THAP domain containing 10 [Source:HGNC Symbol;Acc:HGNC:23193]	THAP finger	yes	yes	yes	yes	no
THAP11	Codebook TF	ENSG00000168286	IPR006612;	57215	THAP domain containing 11 [Source:HGNC Symbol;Acc:HGNC:23194]	THAP finger	yes	yes	yes	yes	yes
THAP2	Codebook TF	ENSG00000173451	IPR006612;	83591	THAP domain containing 2 [Source:HGNC Symbol;Acc:HGNC:20854]	THAP finger	yes	yes	yes	yes	yes
THAP4	Codebook TF	ENSG00000176946	IPR006612;IPR011038;IPR014878;	51078	THAP domain containing 4 [Source:HGNC Symbol;Acc:HGNC:23187]	THAP finger	yes	yes	yes	no	no
THAP5	Codebook TF	ENSG00000177683	IPR006612;	168451	THAP domain containing 5 [Source:HGNC Symbol;Acc:HGNC:23188]	THAP finger	yes	yes	yes	yes	no
THAP6	Codebook TF	ENSG00000174796	IPR006612;	152815	THAP domain containing 6 [Source:HGNC Symbol;Acc:HGNC:23189]	THAP finger	yes	yes	yes	yes	no
THAP7	Codebook TF	ENSG00000184436	IPR006612;	80764	THAP domain containing 7 [Source:HGNC Symbol;Acc:HGNC:23190]	THAP finger	yes	yes	yes	yes	no
THAP8	Codebook TF	ENSG00000161277	IPR006612;	199745	THAP domain containing 8 [Source:HGNC Symbol;Acc:HGNC:23191]	THAP finger	yes	yes	yes	yes	no
THAP9	Codebook TF	ENSG00000168152	IPR006612;	79725	THAP domain containing 9 [Source:HGNC Symbol;Acc:HGNC:23192]	THAP finger	yes	yes	yes	no	no
THYN1	Codebook TF	ENSG00000151500	None	29087	thymocyte nuclear protein 1 	Unknown	yes	yes	yes	no	yes
TIGD3	Codebook TF	ENSG00000173825	IPR004875;IPR006600;IPR007889;IPR009057	220359	tigger transposable element derived 3 [Source:HGNC Symbol;Acc:HGNC:18334]	CENPB	yes	yes	yes	yes	yes
TIGD4	Codebook TF	ENSG00000169989	IPR004875;IPR006600;IPR007889;IPR009057	201798	tigger transposable element derived 4 [Source:HGNC Symbol;Acc:HGNC:18335]	CENPB	yes	yes	yes	yes	yes
TIGD5	Codebook TF	ENSG00000179886	IPR004875;IPR006600;IPR007889;IPR009057	84948	tigger transposable element derived 5 [Source:HGNC Symbol;Acc:HGNC:18336]	CENPB	no	yes	yes	yes	yes
TIGD7	Codebook TF	ENSG00000140993	IPR004875;IPR006600;IPR007889;IPR009057	91151	tigger transposable element derived 7 [Source:HGNC Symbol;Acc:HGNC:18331]	CENPB	yes	yes	yes	no	yes
TMF1	Codebook TF	ENSG00000144747	IPR022091;IPR022092	7110	TATA element modulatory factor 1 [Source:HGNC Symbol;Acc:HGNC:11870]	Unknown	yes	yes	yes	no	yes
TPRX1	Codebook TF	ENSG00000178928	IPR001356;IPR009057;IPR017970;	284355	tetra	Homeodomain	yes	yes	yes	no	no
TRAFD1	Codebook TF	ENSG00000135148	None	10906	TRAF	C2H2 ZF	no	yes	yes	no	yes
TSC22D1	Codebook TF	ENSG00000102804	IPR000580;	8848	TSC22 domain family member 1 [Source:HGNC Symbol;Acc:HGNC:16826]	Unknown	no	yes	yes	no	yes
TSHZ2	Codebook TF	ENSG00000182463	IPR001356;IPR007087;IPR015880;	128553	teashirt zinc finger homeobox 2 [Source:HGNC Symbol;Acc:HGNC:13010]	C2H2 ZF	no	yes	yes	no	no
TTF1	Codebook TF	ENSG00000125482	IPR001005;IPR017877	7270	transcription termination factor 1 [Source:HGNC Symbol;Acc:HGNC:12397]	Myb/SANT	yes	yes	yes	yes	no
USF3	Codebook TF	ENSG00000176542	IPR011598;	205717	None	bHLH	yes	yes	yes	no	no
VDR	SMiLE-seq control	ENSG00000111424	IPR000324;IPR000536;IPR001628;IPR001723;IPR008946;	7421	vitamin D (1,25	Nuclear receptor	yes	yes	yes	no	no
YY1	SMiLE-seq control AND Schmitges control AND Hughes lab control	ENSG00000100811	IPR007087;IPR015880;IPR017114;	102466730	YY1 transcription factor [Source:HGNC Symbol;Acc:HGNC:12856]	C2H2 ZF	yes	yes	yes	no	yes
ZBED2	Codebook TF	ENSG00000177494	IPR003656;	79413	zinc finger BED	BED ZF	yes	yes	no	no	yes
ZBED3	Codebook TF	ENSG00000132846	IPR003656;	84327	zinc finger BED	BED ZF	yes	yes	no	no	yes
ZBED4	Codebook TF	ENSG00000100426	IPR003656;IPR008906;IPR012337;	9889	zinc finger BED	BED ZF	yes	yes	no	no	yes
ZBED5	Codebook TF	ENSG00000236287	IPR003656;IPR012337	58486	zinc finger BED	BED ZF	yes	yes	no	no	yes
ZBED9	Codebook TF	ENSG00000232040	IPR001584;IPR003309;IPR008916;IPR012337	None	zinc finger BED	BED ZF	yes	yes	yes	no	yes
ZBTB24	Codebook TF	ENSG00000112365	IPR000210;IPR007087;IPR011333;IPR013069;IPR015880;	9841	zinc finger and BTB domain containing 24 [Source:HGNC Symbol;Acc:HGNC:21143]	C2H2 ZF; AT hook	no	yes	yes	no	no
ZBTB40	Codebook TF	ENSG00000184677	IPR000210;IPR007087;IPR011333;IPR013069;IPR015880;	9923	zinc finger and BTB domain containing 40 [Source:HGNC Symbol;Acc:HGNC:29045]	C2H2 ZF	no	yes	yes	no	yes
ZBTB41	Codebook TF	ENSG00000177888	IPR000210;IPR007087;IPR011333;IPR013069;IPR015880;	360023	zinc finger and BTB domain containing 41 [Source:HGNC Symbol;Acc:HGNC:24819]	C2H2 ZF	no	yes	yes	no	yes
ZBTB46	Codebook TF	ENSG00000130584	IPR000210;IPR007087;IPR011333;IPR013069;IPR015880;	140685	zinc finger and BTB domain containing 46 [Source:HGNC Symbol;Acc:HGNC:16094]	C2H2 ZF	no	yes	yes	no	yes
ZBTB47	Codebook TF	ENSG00000114853	IPR000210;IPR007087;IPR011333;IPR013069;IPR015880;	92999	zinc finger and BTB domain containing 47 [Source:HGNC Symbol;Acc:HGNC:26955]	C2H2 ZF	no	yes	yes	no	yes
ZBTB5	Codebook TF	ENSG00000168795	IPR000210;IPR007087;IPR011333;IPR013069;IPR015880;	9925	zinc finger and BTB domain containing 5 [Source:HGNC Symbol;Acc:HGNC:23836]	C2H2 ZF	no	yes	yes	no	yes
ZBTB8A	Codebook TF	ENSG00000160062	IPR000210;IPR007087;IPR011333;IPR013069;IPR015880;	653121	zinc finger and BTB domain containing 8A [Source:HGNC Symbol;Acc:HGNC:24172]	C2H2 ZF	no	yes	yes	no	yes
ZBTB8B	Codebook TF	ENSG00000273274	IPR007087;IPR000210;IPR015880;	728116	zinc finger and BTB domain containing 8B [Source:HGNC Symbol;Acc:HGNC:37057]	C2H2 ZF	no	yes	yes	no	yes
ZC3H8	Codebook TF	ENSG00000144161	IPR000571;	84524	zinc finger CCCH	CCCH ZF	yes	yes	yes	yes	no
ZFAT	Codebook TF	ENSG00000066827	IPR007087;IPR015880	57623	zinc finger and AT	C2H2 ZF	no	yes	yes	no	no
ZFP28	Schmitges control	ENSG00000196867	IPR001909;IPR007087;IPR015880;	140612	ZFP28 zinc finger protein [Source:HGNC Symbol;Acc:HGNC:17801]	C2H2 ZF	no	yes	yes	no	yes
ZFP3	Schmitges control	ENSG00000180787	IPR007087;IPR015880	124961	ZFP3 zinc finger protein [Source:HGNC Symbol;Acc:HGNC:12861]	C2H2 ZF	no	yes	yes	no	yes
ZFP91	Codebook TF	ENSG00000186660	IPR007087;IPR015880	80829	ZFP91 zinc finger protein [Source:HGNC Symbol;Acc:HGNC:14983]	C2H2 ZF	no	yes	yes	no	no
ZFPM1	Codebook TF	ENSG00000179588	IPR007087;IPR015880	161882	zinc finger protein, FOG family member 1 [Source:HGNC Symbol;Acc:HGNC:19762]	C2H2 ZF	no	yes	yes	no	yes
ZFPM2	Codebook TF	ENSG00000169946	IPR007087;IPR015880	23414	zinc finger protein, FOG family member 2 [Source:HGNC Symbol;Acc:HGNC:16700]	C2H2 ZF	no	yes	yes	no	yes
ZGLP1	Codebook TF	ENSG00000220201	IPR000679;	100125288	zinc finger, GATA	GATA	yes	yes	yes	no	yes
ZGPAT	Codebook TF	ENSG00000197114	IPR000467;IPR000571	84619	zinc finger CCCH	CCCH ZF	yes	yes	yes	yes	no
ZHX2	Codebook TF	ENSG00000178764	IPR001356;IPR007087;IPR009057;IPR015880	22882	zinc fingers and homeoboxes 2 [Source:HGNC Symbol;Acc:HGNC:18513]	Homeodomain	yes	yes	yes	no	yes
ZHX3	Codebook TF	ENSG00000174306	IPR001356;IPR009057;IPR015880;IPR024578	23051	zinc fingers and homeoboxes 3 [Source:HGNC Symbol;Acc:HGNC:15935]	Homeodomain	yes	yes	yes	no	yes
ZIM3	Schmitges control	ENSG00000141946	IPR001909;IPR007087;IPR015880;	114026	zinc finger imprinted 3 [Source:HGNC Symbol;Acc:HGNC:16366]	C2H2 ZF	no	yes	yes	no	yes
ZKSCAN4	Codebook TF	ENSG00000187626	IPR001909;IPR003309;IPR007087;IPR008916;IPR015880;	387032	zinc finger with KRAB and SCAN domains 4 [Source:HGNC Symbol;Acc:HGNC:13854]	C2H2 ZF	no	yes	yes	no	no
ZMAT1	Codebook TF	ENSG00000166432	IPR003604;IPR007087;IPR015880;	84460	Zinc finger matrin	C2H2 ZF	no	yes	yes	no	yes
ZMAT4	Codebook TF	ENSG00000165061	IPR003604;IPR007087;IPR015880;IPR022755	79698	zinc finger matrin	C2H2 ZF	no	yes	yes	no	yes
ZNF107	Codebook TF	ENSG00000196247	IPR001909;IPR007087;IPR015880;	51427	zinc finger protein 107 [Source:HGNC Symbol;Acc:HGNC:12887]	C2H2 ZF	no	yes	yes	no	yes
ZNF121	Schmitges control	ENSG00000197961	IPR007087;IPR015880	7675	zinc finger protein 121 [Source:HGNC Symbol;Acc:HGNC:12904]	C2H2 ZF	no	yes	yes	no	yes
ZNF131	Codebook TF	ENSG00000172262	IPR000210;IPR007087;IPR011333;IPR013069;IPR015880;	7690	zinc finger protein 131 [Source:HGNC Symbol;Acc:HGNC:12915]	C2H2 ZF	no	yes	yes	no	no
ZNF134	Schmitges control	ENSG00000213762	IPR007087;IPR015880	7693	zinc finger protein 134 [Source:HGNC Symbol;Acc:HGNC:12918]	C2H2 ZF	no	yes	yes	no	yes
ZNF14	Codebook TF	ENSG00000105708	IPR001909;IPR007087;IPR015880;	7561	zinc finger protein 14 [Source:HGNC Symbol;Acc:HGNC:12924]	C2H2 ZF	no	yes	yes	no	yes
ZNF140	Schmitges control	ENSG00000196387	IPR001909;IPR007087;IPR015880;	7699	zinc finger protein 140 [Source:HGNC Symbol;Acc:HGNC:12925]	C2H2 ZF	no	yes	yes	no	yes
ZNF142	Codebook TF	ENSG00000115568	IPR007087;IPR015880	7701	zinc finger protein 142 [Source:HGNC Symbol;Acc:HGNC:12927]	C2H2 ZF	no	yes	yes	no	yes
ZNF146	Schmitges control	ENSG00000167635	IPR007087;IPR015880	7705	zinc finger protein 146 [Source:HGNC Symbol;Acc:HGNC:12931]	C2H2 ZF	no	yes	yes	no	yes
ZNF16	Schmitges control	ENSG00000170631	IPR007087;IPR015880	7564	zinc finger protein 16 [Source:HGNC Symbol;Acc:HGNC:12947]	C2H2 ZF	no	yes	yes	no	yes
ZNF160	Codebook TF	ENSG00000170949	IPR001909;IPR007087;IPR015880;	90338	zinc finger protein 160 [Source:HGNC Symbol;Acc:HGNC:12948]	C2H2 ZF	no	yes	yes	no	yes
ZNF18	Schmitges control	ENSG00000154957	IPR001909;IPR003309;IPR007087;IPR008916;IPR015880;	7566	zinc finger protein 18 [Source:HGNC Symbol;Acc:HGNC:12969]	C2H2 ZF	no	yes	yes	no	yes
ZNF189	Schmitges control	ENSG00000136870	IPR001909;IPR007087;IPR015880;	7743	zinc finger protein 189 [Source:HGNC Symbol;Acc:HGNC:12980]	C2H2 ZF	no	yes	yes	no	yes
ZNF20	Codebook TF	ENSG00000132010	IPR001909;IPR007087;IPR015880;	7568	zinc finger protein 20 [Source:HGNC Symbol;Acc:HGNC:12992]	C2H2 ZF	no	yes	yes	no	yes
ZNF207	Codebook TF	ENSG00000010244	IPR007087;IPR015880	693217	zinc finger protein 207 [Source:HGNC Symbol;Acc:HGNC:12998]	C2H2 ZF	no	yes	yes	no	yes
ZNF208	Codebook TF	ENSG00000160321	IPR001909;IPR007087;IPR015880;	7757	zinc finger protein 208 [Source:HGNC Symbol;Acc:HGNC:12999]	C2H2 ZF	no	yes	yes	no	no
ZNF215	Codebook TF	ENSG00000149054	IPR001909;IPR003309;IPR007087;IPR008916;IPR015880;	7762	zinc finger protein 215 [Source:HGNC Symbol;Acc:HGNC:13007]	C2H2 ZF	no	yes	yes	no	yes
ZNF22	Schmitges control	ENSG00000165512	IPR007087;IPR015880	7570	zinc finger protein 22 [Source:HGNC Symbol;Acc:HGNC:13012]	C2H2 ZF	no	yes	yes	no	yes
ZNF226	Codebook TF	ENSG00000167380	IPR001909;IPR007087;IPR015880;	7769	zinc finger protein 226 [Source:HGNC Symbol;Acc:HGNC:13019]	C2H2 ZF	no	yes	yes	no	yes
ZNF229	Codebook TF	ENSG00000278318	IPR001909;IPR007087;IPR015880;	7772	Zinc finger protein 229 [Source:HGNC Symbol;Acc:HGNC:13022] 	C2H2 ZF	no	yes	yes	no	yes
ZNF230	Codebook TF	ENSG00000159882	IPR001909;IPR007087;IPR015880;	7773	zinc finger protein 230 [Source:HGNC Symbol;Acc:HGNC:13024]	C2H2 ZF	no	yes	yes	no	yes
ZNF233	Codebook TF	ENSG00000159915	IPR001909;IPR007087;IPR015880;	353355	zinc finger protein 233 [Source:HGNC Symbol;Acc:HGNC:30946]	C2H2 ZF	no	yes	yes	no	yes
ZNF234	Codebook TF	ENSG00000263002	IPR001909;IPR007087;IPR015880;	10780	Zinc finger protein 234 [Source:HGNC Symbol;Acc:HGNC:13027]	C2H2 ZF	no	yes	yes	no	yes
ZNF250	Schmitges control	ENSG00000196150	IPR001909;IPR007087;IPR015880;	58500	zinc finger protein 250 [Source:HGNC Symbol;Acc:HGNC:13044]	C2H2 ZF	no	yes	yes	no	yes
ZNF251	Codebook TF	ENSG00000198169	IPR001909;IPR007087;IPR015880;	90987	zinc finger protein 251 [Source:HGNC Symbol;Acc:HGNC:13045]	C2H2 ZF	no	yes	yes	no	yes
ZNF260	Schmitges control	ENSG00000254004	IPR007087;IPR015880	339324	zinc finger protein 260 [Source:HGNC Symbol;Acc:HGNC:13499]	C2H2 ZF	no	yes	yes	no	yes
ZNF264	Schmitges control	ENSG00000083844	IPR001909;IPR007087;IPR015880;	9422	zinc finger protein 264 [Source:HGNC Symbol;Acc:HGNC:13057]	C2H2 ZF	no	yes	yes	no	yes
ZNF275	Codebook TF	ENSG00000063587	IPR007087;IPR015880	105373378	zinc finger protein 275 [Source:HGNC Symbol;Acc:HGNC:13069]	C2H2 ZF	no	yes	yes	no	yes
ZNF280A	Schmitges control	ENSG00000169548	IPR007087;IPR015880;IPR025243;	129025	zinc finger protein 280A [Source:HGNC Symbol;Acc:HGNC:18597]	C2H2 ZF	no	yes	yes	no	yes
ZNF280B	Codebook TF	ENSG00000275004	None	140883	Zinc finger protein 280B	C2H2 ZF	no	yes	yes	no	yes
ZNF280D	Codebook TF	ENSG00000137871	IPR007087;IPR015880;IPR025243;	145783	zinc finger protein 280D [Source:HGNC Symbol;Acc:HGNC:25953]	C2H2 ZF	no	yes	yes	no	yes
ZNF286B	Codebook TF	ENSG00000249459	IPR007087;IPR015880	729288	zinc finger protein 286B [Source:HGNC Symbol;Acc:HGNC:33241]	C2H2 ZF	no	yes	yes	yes	no
ZNF292	Codebook TF	ENSG00000188994	IPR007087;IPR015880	23036	zinc finger protein 292 [Source:HGNC Symbol;Acc:HGNC:18410]	C2H2 ZF	no	yes	yes	no	no
ZNF30	Schmitges control	ENSG00000168661	IPR001909;IPR007087;IPR015880;	90075	zinc finger protein 30 [Source:HGNC Symbol;Acc:HGNC:13090]	C2H2 ZF	no	yes	yes	no	yes
ZNF317	Schmitges control	ENSG00000130803	IPR001909;IPR007087;IPR015880;	57693	zinc finger protein 317 [Source:HGNC Symbol;Acc:HGNC:13507]	C2H2 ZF	no	yes	yes	no	yes
ZNF318	Codebook TF	ENSG00000171467	IPR003604;	24149	zinc finger protein 318 [Source:HGNC Symbol;Acc:HGNC:13578]	C2H2 ZF	no	yes	yes	no	yes
ZNF322	Schmitges control	ENSG00000181315	IPR007087;IPR015880	79692	zinc finger protein 322 [Source:HGNC Symbol;Acc:HGNC:23640]	C2H2 ZF	no	yes	yes	no	yes
ZNF326	Codebook TF	ENSG00000162664	IPR007071;	284695	zinc finger protein 326 [Source:HGNC Symbol;Acc:HGNC:14104]	C2H2 ZF	no	yes	yes	yes	yes
ZNF335	Codebook TF	ENSG00000198026	IPR007087;IPR015880	63925	zinc finger protein 335 [Source:HGNC Symbol;Acc:HGNC:15807]	C2H2 ZF	no	yes	yes	no	no
ZNF347	Codebook TF	ENSG00000197937	IPR001909;IPR007087;IPR015880;	84671	zinc finger protein 347 [Source:HGNC Symbol;Acc:HGNC:16447]	C2H2 ZF	no	yes	yes	no	yes
ZNF35	Schmitges control	ENSG00000169981	IPR007087;IPR015880	7584	zinc finger protein 35 [Source:HGNC Symbol;Acc:HGNC:13099]	C2H2 ZF	no	yes	yes	no	yes
ZNF358	Codebook TF	ENSG00000198816	IPR007087;IPR015880	140467	zinc finger protein 358 [Source:HGNC Symbol;Acc:HGNC:16838]	C2H2 ZF	no	yes	yes	no	yes
ZNF362	Codebook TF	ENSG00000160094	IPR007087;IPR015880	149076	zinc finger protein 362 [Source:HGNC Symbol;Acc:HGNC:18079]	C2H2 ZF	no	yes	yes	no	yes
ZNF365	Codebook TF	ENSG00000138311	None	22891	zinc finger protein 365 [Source:HGNC Symbol;Acc:HGNC:18194]	C2H2 ZF	no	yes	yes	no	no
ZNF367	Codebook TF	ENSG00000165244	IPR007087;IPR015880	195828	zinc finger protein 367 [Source:HGNC Symbol;Acc:HGNC:18320]	C2H2 ZF	no	yes	yes	no	yes
ZNF382	Schmitges control	ENSG00000161298	IPR001909;IPR007087;IPR015880;	84911	zinc finger protein 382 [Source:HGNC Symbol;Acc:HGNC:17409]	C2H2 ZF	no	yes	yes	no	yes
ZNF384	Schmitges control	ENSG00000126746	IPR007087;IPR015880	171017	zinc finger protein 384 [Source:HGNC Symbol;Acc:HGNC:11955]	C2H2 ZF	no	yes	yes	no	yes
ZNF385A	Codebook TF	ENSG00000161642	IPR003604;IPR007087;IPR015880;	25946	zinc finger protein 385A [Source:HGNC Symbol;Acc:HGNC:17521]	C2H2 ZF	no	yes	yes	no	yes
ZNF385B	Codebook TF	ENSG00000144331	IPR003604;IPR007087;IPR015880;	151126	zinc finger protein 385B [Source:HGNC Symbol;Acc:HGNC:26332]	C2H2 ZF	no	yes	yes	no	yes
ZNF385C	Codebook TF	ENSG00000187595	IPR003604;IPR007087;IPR015880;	201181	zinc finger protein 385C [Source:HGNC Symbol;Acc:HGNC:33722]	C2H2 ZF	no	yes	yes	yes	yes
ZNF395	Codebook TF	ENSG00000186918	IPR007087;	55893	zinc finger protein 395 [Source:HGNC Symbol;Acc:HGNC:18737]	C2H2 ZF	no	yes	yes	yes	yes
ZNF407	Codebook TF	ENSG00000215421	IPR003604;IPR007087;IPR015880;	55628	zinc finger protein 407 [Source:HGNC Symbol;Acc:HGNC:19904]	C2H2 ZF	no	yes	yes	no	no
ZNF428	Codebook TF	ENSG00000131116	IPR007087;	126299	zinc finger protein 428 [Source:HGNC Symbol;Acc:HGNC:20804]	C2H2 ZF	no	yes	yes	yes	yes
ZNF43	Codebook TF	ENSG00000198521	IPR001909;IPR007087;IPR015880;	7594	zinc finger protein 43 [Source:HGNC Symbol;Acc:HGNC:13109]	C2H2 ZF	no	yes	yes	no	no
ZNF436	Schmitges control	ENSG00000125945	IPR001909;IPR007087;IPR015880;	80818	zinc finger protein 436 [Source:HGNC Symbol;Acc:HGNC:20814]	C2H2 ZF	no	yes	yes	no	yes
ZNF446	Codebook TF	ENSG00000083838	IPR001909;IPR003309;IPR007087;IPR008916;IPR015880;	55663	zinc finger protein 446 [Source:HGNC Symbol;Acc:HGNC:21036]	C2H2 ZF	no	yes	yes	no	yes
ZNF454	Schmitges control	ENSG00000178187	IPR001909;IPR007087;IPR015880;	285676	zinc finger protein 454 [Source:HGNC Symbol;Acc:HGNC:21200]	C2H2 ZF	no	yes	yes	no	yes
ZNF469	Codebook TF	ENSG00000225614	IPR007087;IPR015880	84627	zinc finger protein 469 [Source:HGNC Symbol;Acc:HGNC:23216]	C2H2 ZF	no	yes	yes	yes	no
ZNF470	Codebook TF	ENSG00000197016	IPR001909;IPR007087;IPR015880;	388566	zinc finger protein 470 [Source:HGNC Symbol;Acc:HGNC:22220]	C2H2 ZF	no	yes	yes	no	yes
ZNF471	Codebook TF	ENSG00000196263	IPR001909;IPR007087;IPR015880;	57573	zinc finger protein 471 [Source:HGNC Symbol;Acc:HGNC:23226]	C2H2 ZF	no	yes	yes	no	yes
ZNF474	Codebook TF	ENSG00000164185	IPR007087;	133923	zinc finger protein 474 [Source:HGNC Symbol;Acc:HGNC:23245]	C2H2 ZF	no	yes	yes	yes	yes
ZNF48	Codebook TF	ENSG00000180035	IPR007087;IPR015880	197407	zinc finger protein 48 [Source:HGNC Symbol;Acc:HGNC:13114]	C2H2 ZF	no	yes	yes	no	yes
ZNF490	Schmitges control	ENSG00000188033	IPR001909;IPR007087;IPR015880;	57474	zinc finger protein 490 [Source:HGNC Symbol;Acc:HGNC:23705]	C2H2 ZF	no	yes	yes	no	yes
ZNF493	Codebook TF	ENSG00000196268	IPR001909;IPR007087;IPR015880;	284443	zinc finger protein 493 [Source:HGNC Symbol;Acc:HGNC:23708]	C2H2 ZF	no	yes	yes	no	yes
ZNF497	Codebook TF	ENSG00000174586	IPR007087;IPR015880	162968	zinc finger protein 497 [Source:HGNC Symbol;Acc:HGNC:23714]	C2H2 ZF	no	yes	yes	no	yes
ZNF500	Codebook TF	ENSG00000103199	IPR001909;IPR003309;IPR007087;IPR008916;IPR015880;	26048	zinc finger protein 500 [Source:HGNC Symbol;Acc:HGNC:23716]	C2H2 ZF	no	yes	yes	no	yes
ZNF503	Codebook TF	ENSG00000165655	IPR007087;IPR022129	84858	zinc finger protein 503 [Source:HGNC Symbol;Acc:HGNC:23589]	C2H2 ZF	no	yes	yes	yes	yes
ZNF507	Codebook TF	ENSG00000168813	IPR007087;IPR015880	22847	zinc finger protein 507 [Source:HGNC Symbol;Acc:HGNC:23783]	C2H2 ZF	no	yes	yes	no	yes
ZNF510	Codebook TF	ENSG00000081386	IPR001909;IPR007087;IPR015880;	22869	zinc finger protein 510 [Source:HGNC Symbol;Acc:HGNC:29161]	C2H2 ZF	no	yes	yes	no	yes
ZNF516	Codebook TF	ENSG00000101493	IPR007087;IPR015880	9658	zinc finger protein 516 [Source:HGNC Symbol;Acc:HGNC:28990]	C2H2 ZF	no	yes	yes	no	yes
ZNF518B	Codebook TF	ENSG00000178163	IPR007087;IPR015880	85460	zinc finger protein 518B [Source:HGNC Symbol;Acc:HGNC:29365]	C2H2 ZF	no	yes	yes	no	no
ZNF526	Codebook TF	ENSG00000167625	IPR007087;IPR015880	116115	zinc finger protein 526 [Source:HGNC Symbol;Acc:HGNC:29415]	C2H2 ZF	no	yes	yes	no	no
ZNF532	Codebook TF	ENSG00000074657	IPR007087;IPR015880	55205	zinc finger protein 532 [Source:HGNC Symbol;Acc:HGNC:30940]	C2H2 ZF	no	yes	yes	yes	no
ZNF536	Codebook TF	ENSG00000198597	IPR007087;IPR015880	9745	zinc finger protein 536 [Source:HGNC Symbol;Acc:HGNC:29025]	C2H2 ZF	no	yes	yes	yes	no
ZNF551	Codebook TF	ENSG00000204519	IPR001909;IPR007087;IPR015880;	90233	zinc finger protein 551 [Source:HGNC Symbol;Acc:HGNC:25108]	C2H2 ZF	no	yes	yes	yes	no
ZNF568	Codebook TF	ENSG00000198453	IPR001909;IPR007087;IPR015880;	374900	zinc finger protein 568 [Source:HGNC Symbol;Acc:HGNC:25392]	C2H2 ZF	no	yes	yes	yes	no
ZNF569	Codebook TF	ENSG00000196437	IPR001909;IPR007087;IPR015880;	148266	zinc finger protein 569 [Source:HGNC Symbol;Acc:HGNC:24737]	C2H2 ZF	no	yes	yes	yes	no
ZNF57	Codebook TF	ENSG00000171970	IPR001909;IPR007087;IPR015880;	126295	zinc finger protein 57 [Source:HGNC Symbol;Acc:HGNC:13125]	C2H2 ZF	no	yes	yes	yes	no
ZNF575	Codebook TF	ENSG00000176472	IPR007087;IPR015880	284346	zinc finger protein 575 [Source:HGNC Symbol;Acc:HGNC:27606]	C2H2 ZF	no	yes	yes	yes	no
ZNF578	Codebook TF	ENSG00000258405	IPR001909;IPR007087;IPR015880;	147660	zinc finger protein 578 [Source:HGNC Symbol;Acc:HGNC:26449]	C2H2 ZF	no	yes	yes	yes	no
ZNF579	Codebook TF	ENSG00000218891	IPR007087;IPR015880	163033	zinc finger protein 579 [Source:HGNC Symbol;Acc:HGNC:26646]	C2H2 ZF	no	yes	yes	yes	no
ZNF582	Schmitges control	ENSG00000018869	IPR001909;IPR007087;IPR015880;	147948	zinc finger protein 582 [Source:HGNC Symbol;Acc:HGNC:26421]	C2H2 ZF	no	yes	yes	no	yes
ZNF587B	Codebook TF	ENSG00000269343	IPR001909;IPR007087;IPR015880	100293516	zinc finger protein 587B [Source:HGNC Symbol;Acc:HGNC:37142]	C2H2 ZF	no	yes	yes	yes	no
ZNF592	Codebook TF	ENSG00000166716	IPR007087;IPR015880	9640	zinc finger protein 592 [Source:HGNC Symbol;Acc:HGNC:28986]	C2H2 ZF	no	yes	yes	yes	no
ZNF596	Schmitges control	ENSG00000172748	IPR001909;IPR007087;IPR015880;	169270	zinc finger protein 596 [Source:HGNC Symbol;Acc:HGNC:27268]	C2H2 ZF	no	yes	yes	no	yes
ZNF598	Codebook TF	ENSG00000167962	IPR001841;IPR007087;IPR015880;	90850	Zinc finger protein 598 [Source:HGNC Symbol;Acc:HGNC:28079]	C2H2 ZF	no	yes	yes	yes	no
ZNF606	Codebook TF	ENSG00000166704	IPR001909;IPR007087;IPR015880;	80095	zinc finger protein 606 [Source:HGNC Symbol;Acc:HGNC:25879]	C2H2 ZF	no	yes	yes	yes	yes
ZNF608	Codebook TF	ENSG00000168916	IPR007087;	57507	zinc finger protein 608 [Source:HGNC Symbol;Acc:HGNC:29238]	C2H2 ZF	no	yes	yes	yes	no
ZNF609	Codebook TF	ENSG00000180357	IPR007087;	23060	zinc finger protein 609 [Source:HGNC Symbol;Acc:HGNC:29003]	C2H2 ZF	no	yes	yes	yes	yes
ZNF618	Codebook TF	ENSG00000157657	IPR007087;IPR012337;IPR015880;	114991	zinc finger protein 618 [Source:HGNC Symbol;Acc:HGNC:29416]	C2H2 ZF	no	yes	yes	yes	no
ZNF623	Codebook TF	ENSG00000183309	IPR007087;IPR015880	9831	Zinc finger protein 623 [Source:HGNC Symbol;Acc:HGNC:29084]	C2H2 ZF	no	yes	yes	yes	no
ZNF630	Codebook TF	ENSG00000221994	IPR001909;IPR007087;IPR015880;	57232	zinc finger protein 630 [Source:HGNC Symbol;Acc:HGNC:28855]	C2H2 ZF	no	yes	yes	yes	no
ZNF639	Codebook TF	ENSG00000121864	IPR007087;IPR015880	51193	zinc finger protein 639 [Source:HGNC Symbol;Acc:HGNC:30950]	C2H2 ZF	no	yes	yes	yes	no
ZNF644	Codebook TF	ENSG00000122482	IPR007087;IPR015880	84146	zinc finger protein 644 [Source:HGNC Symbol;Acc:HGNC:29222]	C2H2 ZF	no	yes	yes	yes	no
ZNF646	Codebook TF	ENSG00000167395	IPR007087;IPR015880	9726	zinc finger protein 646 [Source:HGNC Symbol;Acc:HGNC:29004]	C2H2 ZF	no	yes	yes	yes	no
ZNF648	Codebook TF	ENSG00000179930	IPR007087;IPR015880	127665	zinc finger protein 648 [Source:HGNC Symbol;Acc:HGNC:18190]	C2H2 ZF	no	yes	yes	yes	no
ZNF654	Codebook TF	ENSG00000175105	IPR007087;IPR015880	55279	zinc finger protein 654 [Source:HGNC Symbol;Acc:HGNC:25612]	C2H2 ZF	no	yes	yes	yes	no
ZNF66	Codebook TF	ENSG00000160229	IPR001909;IPR007087;IPR015880	None	zinc finger protein 66 [Source:HGNC Symbol;Acc:HGNC:13135]	C2H2 ZF	no	yes	yes	yes	no
ZNF665	Codebook TF	ENSG00000197497	IPR001909;IPR007087;IPR015880;	79788	zinc finger protein 665 [Source:HGNC Symbol;Acc:HGNC:25885]	C2H2 ZF	no	yes	yes	yes	no
ZNF668	Codebook TF	ENSG00000167394	IPR007087;IPR015880	79759	zinc finger protein 668 [Source:HGNC Symbol;Acc:HGNC:25821]	C2H2 ZF	no	yes	yes	yes	no
ZNF672	Codebook TF	ENSG00000171161	IPR007087;IPR015880	79894	zinc finger protein 672 [Source:HGNC Symbol;Acc:HGNC:26179]	C2H2 ZF	no	yes	yes	yes	no
ZNF676	Codebook TF	ENSG00000196109	IPR001909;IPR007087;IPR015880;	163223	zinc finger protein 676 [Source:HGNC Symbol;Acc:HGNC:20429]	C2H2 ZF	no	yes	yes	yes	no
ZNF678	Codebook TF	ENSG00000181450	IPR001909;IPR007087;IPR015880;	339500	zinc finger protein 678 [Source:HGNC Symbol;Acc:HGNC:28652]	C2H2 ZF	no	yes	yes	yes	no
ZNF683	Codebook TF	ENSG00000176083	IPR007087;IPR015880	257101	zinc finger protein 683 [Source:HGNC Symbol;Acc:HGNC:28495]	C2H2 ZF	no	yes	yes	yes	no
ZNF687	Codebook TF	ENSG00000143373	IPR007087;IPR015880	57592	zinc finger protein 687 [Source:HGNC Symbol;Acc:HGNC:29277]	C2H2 ZF	no	yes	yes	yes	no
ZNF688	Codebook TF	ENSG00000229809	IPR001909;IPR007087;IPR015880	146542	zinc finger protein 688 [Source:HGNC Symbol;Acc:HGNC:30489]	C2H2 ZF	no	yes	yes	yes	no
ZNF689	Codebook TF	ENSG00000156853	IPR001909;IPR007087;IPR015880;	115509	zinc finger protein 689 [Source:HGNC Symbol;Acc:HGNC:25173]	C2H2 ZF	no	yes	yes	yes	no
ZNF696	Codebook TF	ENSG00000185730	IPR007087;IPR015880	79943	zinc finger protein 696 [Source:HGNC Symbol;Acc:HGNC:25872]	C2H2 ZF	no	yes	yes	yes	no
ZNF699	Codebook TF	ENSG00000196110	IPR001909;IPR007087;IPR015880;	374879	zinc finger protein 699 [Source:HGNC Symbol;Acc:HGNC:24750]	C2H2 ZF	no	yes	yes	yes	no
ZNF70	Codebook TF	ENSG00000187792	IPR007087;IPR015880	7621	zinc finger protein 70 [Source:HGNC Symbol;Acc:HGNC:13140]	C2H2 ZF	no	yes	yes	yes	no
ZNF700	Codebook TF	ENSG00000196757	IPR001909;IPR007087;IPR015880;	90592	zinc finger protein 700 [Source:HGNC Symbol;Acc:HGNC:25292]	C2H2 ZF	no	yes	yes	yes	no
ZNF703	Codebook TF	ENSG00000183779	IPR007087;IPR022129	80139	zinc finger protein 703 [Source:HGNC Symbol;Acc:HGNC:25883]	C2H2 ZF	no	yes	yes	yes	no
ZNF705EP	Codebook TF	ENSG00000214534	None	None	zinc finger protein 705E	C2H2 ZF	no	yes	yes	yes	no
ZNF706	Codebook TF	ENSG00000120963	IPR007513;	51123	zinc finger protein 706 [Source:HGNC Symbol;Acc:HGNC:24992]	C2H2 ZF	no	yes	yes	yes	no
ZNF708	Schmitges control	ENSG00000182141	IPR001909;IPR007087;IPR015880;	7562	Zinc finger protein 708 [Source:HGNC Symbol;Acc:HGNC:12945] 	C2H2 ZF	no	yes	yes	no	yes
ZNF709	Codebook TF	ENSG00000242852	IPR001909;IPR007087;IPR015880;	163051	zinc finger protein 709 [Source:HGNC Symbol;Acc:HGNC:20629]	C2H2 ZF	no	yes	yes	yes	no
ZNF717	Codebook TF	ENSG00000227124	IPR001909	100131827	Zinc finger protein 717 [Source:HGNC Symbol;Acc:HGNC:29448]	C2H2 ZF	no	yes	yes	yes	no
ZNF721	Codebook TF	ENSG00000182903	IPR001909;IPR007087;IPR015880;	170960	zinc finger protein 721 [Source:HGNC Symbol;Acc:HGNC:29425]	C2H2 ZF	no	yes	yes	yes	no
ZNF724	Codebook TF	ENSG00000196081	IPR001909;IPR007087;IPR015880;	None	zinc finger protein 724, pseudogene [Source:HGNC Symbol;Acc:HGNC:32460]	C2H2 ZF	no	yes	yes	yes	no
ZNF726	Codebook TF	ENSG00000213967	IPR001909;IPR007087;IPR015880;	730087	zinc finger protein 726 [Source:HGNC Symbol;Acc:HGNC:32462]	C2H2 ZF	no	yes	yes	yes	no
ZNF728	Codebook TF	ENSG00000269067	IPR001909;IPR007087;IPR015880	388523	zinc finger protein 728 [Source:HGNC Symbol;Acc:HGNC:32463]	C2H2 ZF	no	yes	yes	yes	no
ZNF729	Codebook TF	ENSG00000196350	IPR001909;IPR007087;IPR015880;	100287226	zinc finger protein 729 [Source:HGNC Symbol;Acc:HGNC:32464]	C2H2 ZF	no	yes	yes	yes	no
ZNF732	Codebook TF	ENSG00000186777	IPR001909;IPR007087;IPR015880;	654254	zinc finger protein 732 [Source:HGNC Symbol;Acc:HGNC:37138]	C2H2 ZF	no	yes	yes	yes	no
ZNF746	Codebook TF	ENSG00000181220	IPR001909;IPR007087;IPR015880;IPR022137	155061	zinc finger protein 746 [Source:HGNC Symbol;Acc:HGNC:21948]	C2H2 ZF	no	yes	yes	yes	no
ZNF750	Codebook TF	ENSG00000141579	None	79755	zinc finger protein 750 [Source:HGNC Symbol;Acc:HGNC:25843]	C2H2 ZF	no	yes	yes	no	yes
ZNF763	Codebook TF	ENSG00000197054	IPR001909;IPR007087;IPR015880;	284390	zinc finger protein 763 [Source:HGNC Symbol;Acc:HGNC:27614]	C2H2 ZF	no	yes	yes	yes	no
ZNF770	Schmitges control	ENSG00000198146	IPR007087;IPR015880	54989	zinc finger protein 770 [Source:HGNC Symbol;Acc:HGNC:26061]	C2H2 ZF	no	yes	yes	no	yes
ZNF772	Codebook TF	ENSG00000197128	IPR001909;IPR007087;IPR015880;	400720	zinc finger protein 772 [Source:HGNC Symbol;Acc:HGNC:33106]	C2H2 ZF	no	yes	yes	yes	no
ZNF773	Codebook TF	ENSG00000152439	IPR001909;IPR007087;IPR015880;	374928	zinc finger protein 773 [Source:HGNC Symbol;Acc:HGNC:30487]	C2H2 ZF	no	yes	yes	yes	no
ZNF775	Codebook TF	ENSG00000196456	IPR007087;IPR015880	285971	zinc finger protein 775 [Source:HGNC Symbol;Acc:HGNC:28501]	C2H2 ZF	no	yes	yes	yes	no
ZNF780B	Codebook TF	ENSG00000128000	IPR001909;IPR007087;IPR015880;	163131	zinc finger protein 780B [Source:HGNC Symbol;Acc:HGNC:33109]	C2H2 ZF	no	yes	yes	yes	no
ZNF781	Codebook TF	ENSG00000196381	IPR007087;IPR015880	163115	zinc finger protein 781 [Source:HGNC Symbol;Acc:HGNC:26745]	C2H2 ZF	no	yes	yes	yes	no
ZNF788P	Codebook TF	ENSG00000214189	None	None	Zinc finger family member 788 [Source:HGNC Symbol;Acc:HGNC:33112] 	C2H2 ZF	no	yes	yes	yes	no
ZNF8	Schmitges control	ENSG00000278129	IPR001909;IPR007087;IPR015880;	7554	Zinc finger protein 8 [Source:HGNC Symbol;Acc:HGNC:13154] 	C2H2 ZF	no	yes	yes	no	yes
ZNF800	Codebook TF	ENSG00000048405	IPR007087;IPR015880	168850	zinc finger protein 800 [Source:HGNC Symbol;Acc:HGNC:27267]	C2H2 ZF	no	yes	yes	yes	no
ZNF804A	Codebook TF	ENSG00000170396	IPR007087;IPR022755	91752	zinc finger protein 804A [Source:HGNC Symbol;Acc:HGNC:21711]	C2H2 ZF	no	yes	yes	yes	no
ZNF813	Codebook TF	ENSG00000198346	IPR001909;IPR007087;IPR015880;	126017	zinc finger protein 813 [Source:HGNC Symbol;Acc:HGNC:33257]	C2H2 ZF	no	yes	yes	yes	no
ZNF814	Codebook TF	ENSG00000204514	IPR001909;IPR007087;IPR015880;	730051	zinc finger protein 814 [Source:HGNC Symbol;Acc:HGNC:33258]	C2H2 ZF	no	yes	yes	yes	no
ZNF827	Codebook TF	ENSG00000151612	IPR007087;IPR015880	152485	zinc finger protein 827 [Source:HGNC Symbol;Acc:HGNC:27193]	C2H2 ZF	no	yes	yes	yes	yes
ZNF83	Codebook TF	ENSG00000167766	IPR001909;IPR007087;IPR015880;	55769	zinc finger protein 83 [Source:HGNC Symbol;Acc:HGNC:13158]	C2H2 ZF	no	yes	yes	yes	no
ZNF831	Codebook TF	ENSG00000124203	IPR007087;IPR015880	128611	zinc finger protein 831 [Source:HGNC Symbol;Acc:HGNC:16167]	C2H2 ZF	no	yes	yes	yes	no
ZNF836	Codebook TF	ENSG00000196267	IPR001909;IPR007087;IPR015880;	162962	zinc finger protein 836 [Source:HGNC Symbol;Acc:HGNC:34333]	C2H2 ZF	no	yes	yes	yes	no
ZNF841	Codebook TF	ENSG00000197608	IPR001909;IPR007087;IPR015880;	284371	zinc finger protein 841 [Source:HGNC Symbol;Acc:HGNC:27611]	C2H2 ZF	no	yes	yes	yes	no
ZNF844	Codebook TF	ENSG00000223547	IPR001909;IPR007087;IPR015880;	284391	zinc finger protein 844 [Source:HGNC Symbol;Acc:HGNC:25932]	C2H2 ZF	no	yes	yes	no	no
ZNF845	Codebook TF	ENSG00000213799	IPR001909;IPR007087;IPR015880;	91664	Zinc finger protein 845 [Source:HGNC Symbol;Acc:HGNC:25112]	C2H2 ZF	no	yes	yes	yes	no
ZNF850	Codebook TF	ENSG00000267041	IPR001909;IPR007087;IPR015880	342892	zinc finger protein 850 [Source:HGNC Symbol;Acc:HGNC:27994]	C2H2 ZF	no	yes	yes	no	no
ZNF853	Codebook TF	ENSG00000236609	IPR007087;IPR015880	54753	zinc finger protein 853 [Source:HGNC Symbol;Acc:HGNC:21767]	C2H2 ZF	no	yes	yes	no	no
ZNF865	Codebook TF	ENSG00000261221	IPR007087;IPR015880	100507290	zinc finger protein 865 [Source:HGNC Symbol;Acc:HGNC:38705]	C2H2 ZF	no	yes	yes	no	no
ZNF878	Codebook TF	ENSG00000257446	IPR001909;IPR007087;IPR015880;	729747	zinc finger protein 878 [Source:HGNC Symbol;Acc:HGNC:37246]	C2H2 ZF	no	yes	yes	yes	no
ZNF888	Codebook TF	ENSG00000213793	None	None	Zinc finger protein 888	C2H2 ZF	no	yes	yes	no	no
ZNF91	Codebook TF	ENSG00000167232	IPR001909;IPR007087;IPR015880;	7644	zinc finger protein 91 [Source:HGNC Symbol;Acc:HGNC:13166]	C2H2 ZF	no	yes	yes	yes	no
ZNF92	Codebook TF	ENSG00000146757	IPR001909;IPR007087;IPR015880;	168374	zinc finger protein 92 [Source:HGNC Symbol;Acc:HGNC:13168]	C2H2 ZF	no	yes	yes	yes	no
ZSCAN12	Codebook TF	ENSG00000158691	IPR003309;IPR007087;IPR008916;IPR015880	9753	zinc finger and SCAN domain containing 12 [Source:HGNC Symbol;Acc:HGNC:13172]	C2H2 ZF	no	yes	yes	no	yes
ZSCAN18	Codebook TF	ENSG00000121413	IPR003309;IPR007087;IPR008916;IPR015880	65982	zinc finger and SCAN domain containing 18 [Source:HGNC Symbol;Acc:HGNC:21037]	C2H2 ZF	no	yes	yes	no	yes
ZSCAN2	Codebook TF	ENSG00000176371	IPR003309;IPR007087;IPR008916;IPR015880	54993	zinc finger and SCAN domain containing 2 [Source:HGNC Symbol;Acc:HGNC:20994]	C2H2 ZF	no	yes	yes	no	yes
ZSCAN25	Codebook TF	ENSG00000197037	IPR003309;IPR007087;IPR008916;IPR015880	221785	zinc finger and SCAN domain containing 25 [Source:HGNC Symbol;Acc:HGNC:21961]	C2H2 ZF	no	yes	yes	no	yes
ZSCAN4	SMiLE-seq control AND Hughes lab control	ENSG00000180532	IPR003309;IPR007087;IPR008916;IPR015880	201516	zinc finger and SCAN domain containing 4 [Source:HGNC Symbol;Acc:HGNC:23709]	C2H2 ZF	yes	yes	yes	no	yes
ZUP1	Codebook TF	ENSG00000153975	IPR007087;IPR012462;IPR015880;	221302	zinc finger with UFM1 specific peptidase domain [Source:HGNC Symbol;Acc:HGNC:21224]	C2H2 ZF	no	yes	yes	no	yes
ZXDA	Codebook TF	ENSG00000198205	IPR007087;IPR015880	7789	zinc finger, X	C2H2 ZF	no	yes	yes	yes	yes
ZXDB	Codebook TF	ENSG00000198455	IPR007087;IPR015880	158586	zinc finger, X	C2H2 ZF	no	yes	yes	yes	no
ZXDC	Codebook TF	ENSG00000070476	IPR007087;IPR015880	79364	ZXD family zinc finger C [Source:HGNC Symbol;Acc:HGNC:28160]	C2H2 ZF	no	yes	yes	yes	yes
