ChIP experiment uinque ID	Plasmid ID	Gene ID	Sample ID	Submitted sample label	ChIP/INPUT	Replicate #	Comments	Data File ID	Sequencing Facility	Batch #
SI0140	pTH16498	SNAI1	pTH16498.1.1	SNAI1-rep1	ChIP	1		Hughes_2_SNAI1_FS0169	DSC	0
SI0141	pTH16498	SNAI1	pTH16498.1.2	SNAI1-rep2	ChIP	2		Hughes_3_SNAI1_FS0170	DSC	0
SI0375	pTH16498	SNAI1	pTH16498.1.3	SNAI1-rep3	ChIP	3	The file name does not match. Please remove from data set	Hughes_SI0515_OVOL3	DSC	0
SI0201	pTH16499	ZNF189	pTH16499.1.2	ZNF189-rep1	ChIP	2		Hughes_S1_189	DSC	0
SI0419	pTH16500	ZNF708	pTH16500.1.2	ZNF708-rep1	ChIP	2		Hughes_SI0419_ZNF708	DSC	0
SI0368	pTH15820	GLI4	pTH15820.1.1	GLI4-rep1	ChIP	1		Hughes_SI0368_GLI4	DSC	0
SI0180	pTH15836	ZFP3	pTH15836.1.1	ZFP3-rep1	ChIP	1		Hughes_10B_ZFP3_FS0244	DSC	0
SI0563	pTH15838	ZNF18	pTH15838.1.1	ZNF18-rep1	ChIP	1		Hughes_SI0563_ZNF18	DSC	0
SI0321	pTH15840	ZNF250	pTH15840.1.2	ZNF250-rep2	ChIP	2		Hughes_SI0321_ZNF250	DSC	0
SI0576	pTH15842	ZNF280A	pTH15842.1.1	ZNF280A-rep1	ChIP	1		Hughes_SI0576_ZNF280A	DSC	0
SI0289	pTH15815	ZNF322	pTH15815.1.2	ZNF322-rep2	ChIP	2		Hughes_SI0289_ZNF322	DSC	0
SI0051	pTH15828	ZNF382	pTH15828.1.1	ZNF382_rep1	ChIP	1		Hughes_5_CHIP_ZNF382	DSC	0
SI0057	pTH15828	ZNF382	pTH15828.1.2	ZNF382_rep2	ChIP	2		Hughes_11_CHIP_ZNF382	DSC	0
SI0110	pTH15828	ZNF382	pTH15828.1.3	ZNF382_rep3	ChIP	3		Hughes_6_ZNF382_FS129	DSC	0
SI0571	pTH15828	ZNF382	pTH15828.1.5	ZNF382_rep5	ChIP	5		Hughes_SI0571_ZNF382	DSC	0
SI0159	pTH15830	ZNF454	pTH15830.1.2	ZNF454_rep2	ChIP	2		Hughes_5A_ZNF454_FS0206	DSC	0
SI0382	pTH15949	ZNF16	pTH15949.1.2	ZNF16_rep2	ChIP	2		Hughes_SI0382_ZNF16	DSC	0
SI0064	pTH15985	ZNF22	pTH15985.1.1	ZNF22_rep1	ChIP	1		Hughes_1_ZNF22_Chip	DSC	0
SI0209	pTH15985	ZNF22	pTH15985.1.4	ZNF22_rep4	ChIP	4		Hughes_SI0209_ZNF22	DSC	0
SI0579	pTH15985	ZNF22	pTH15985.1.5	ZNF22_rep5	ChIP	5		Hughes_SI0579_ZNF22	DSC	0
SI0241	pTH15998	ZNF30	pTH15998.1.1	ZNF30_rep1	ChIP	1		Hughes_SI0241_ZNF30	DSC	0
SI0254	pTH15998	ZNF30	pTH15998.1.2	ZNF30_rep2	ChIP	2		Hughes_SI0254_ZNF30	DSC	0
SI0587	pTH15998	ZNF30	pTH15998.1.3	ZNF30_rep3	ChIP	3		Hughes_SI0587_ZNF30	DSC	0
SI0227	pTH15874	ZNF35	pTH15874.1.2	ZNF35_rep2	ChIP	2		Hughes_SI0227_ZNF35	DSC	0
SI0218	pTH16034	ZNF121	pTH16034.1.1	ZNF121_rep1	ChIP	1		Hughes_SI0218_ZNF121	DSC	0
SI0266	pTH16034	ZNF121	pTH16034.1.2	ZNF121_rep2	ChIP	2		Hughes_SI0266_ZNF121	DSC	0
SI0427	pTH15812	ZNF134	pTH15812.1.1	ZNF134_rep1	ChIP	1		Hughes_SI0427_ZNF134	DSC	0
SI0545	pTH15862	ZIM3	pTH15862.1.1	ZIM3_rep1	ChIP	1		Hughes_SI0545_ZIM3	DSC	0
SI0039	pTH15950	ZNF264	pTH15950.1.1	ZNF264_rep1	ChIP	1		Hughes_6_ZNF264_A_Chip	DSC	0
SI0524	pTH15892	ZNF384	pTH15892.1.1	ZNF384_rep1	ChIP	1		Hughes_SI0524_ZNF384	DSC	0
SI0433	pTH15849	ZNF436	pTH15849.1.1	ZNF436_rep1	ChIP	1		Hughes_SI0433_ZNF436	DSC	0
SI0271	pTH15851	ZNF490	pTH15851.1.1	ZNF490_rep1	ChIP	1		Hughes_SI0271_ZNF490	DSC	0
SI0496	pTH15857	ZNF8	pTH15857.1.1	ZNF8_rep1	ChIP	1		Hughes_SI0496_ZNF8	DSC	0
SI0551	pTH15959	ZNF260	pTH15959.1.1	ZNF260_rep1	ChIP	1		Hughes_SI0551_ZNF260	DSC	0
SI0233	pTH15943	ZNF582	pTH15943.1.1	ZNF582_rep1	ChIP	1		Hughes_SI0233_ZNF582	DSC	0
SI0327	pTH15943	ZNF582	pTH15943.1.2	ZNF582_rep2	ChIP	2		Hughes_SI_327_1in10	DSC	0
SI0474	pTH15990	ZNF596	pTH15990.1.2	ZNF596_rep2	ChIP	2		Hughes_SI0474_ZNF596	DSC	0
SI0212	pTH15883	ZNF770	pTH15883.1.1	ZNF770_rep1	ChIP	1		Hughes_SI0212_ZNF770	DSC	0
SI0216	pTH15866	ZFP28	pTH15866.1.1	ZFP28_rep1	ChIP	1		Hughes_SI0216_ZFP28	DSC	0
SI0343	pTH15866	ZFP28	pTH15866.1.2	ZFP28_rep2	ChIP	2		Hughes_SI_343_1in10	DSC	0
SI0410	pTH15813	ZNF146	pTH15813.1.1	ZNF146_rep1	ChIP	1		Hughes_SI0410_ZNF146	DSC	0
SI0340	pTH15868	ZNF140	pTH15868.1.1	ZNF140_rep1	ChIP	1		Hughes_SI_340	DSC	0
SI0336	pTH15873	ZNF317	pTH15873.1.2	ZNF317_rep2	ChIP	2		Hughes_SI_336	DSC	0
SI0581	pTH15873	ZNF317	pTH15873.1.3	ZNF317_rep3	ChIP	3		Hughes_SI0581_ZNF317	DSC	0
THC_0035	pTH14546	PHF20	pTH14546.1.1	SI2080_PHF20-1_ChIP	ChIP	1		SI2080.fastq.gz	DSC	1
THC_0036	pTH14546	PHF20	pTH14546.1.2	SI2081_PHF20-2_ChIP	ChIP	2		SI2081.fastq.gz	DSC	1
THC_0045	pTH14545	ZNF367	pTH14545.1.1	SI2090_ZNF367-1_ChIP	ChIP	1		SI2090.fastq.gz	DSC	1
THC_0046	pTH14545	ZNF367	pTH14545.1.2	SI2091_ZNF367-2_ChIP	ChIP	2		SI2091.fastq.gz	DSC	1
THC_0064	pTH14546	PHF20	pTH14546.1.1	SI2109_PHF20-1_INPUT	INPUT	1	negative control sample	SI2109.fastq.gz	DSC	1
THC_0069	pTH14545	ZNF367	pTH14545.1.1	SI2114_ZNF367-1_INPUT	INPUT	1	negative control sample	SI2114.fastq.gz	DSC	1
THC_0070	pTH13817	ADNP2	pTH13817.1.2	RR_PE0001_ADNP2_ChIP_1	ChIP 	1		Plate_1_A1_S1_R2_001.fastq.gz	DSC	2
THC_0071	pTH13797	TIGD4	pTH13797.1.2	RR_PE0003_TIGD4_ChIP_2	ChIP	2		Plate_1_C1_S3_R2_001.fastq.gz	DSC	2
THC_0072	pTH13900	SP140L	pTH13900.1.1	RR_PE0004_SP140L_ChIP_1	ChIP	1		Plate_1_D1_S4_R1_001.fastq.gz	DSC	2
THC_0073	pTH13604	ZBED9	pTH13604.1.1	RR_PE0005_ZBED9_ChIP_1	ChIP	1		Plate_1_E1_S5_R2_001.fastq.gz	DSC	2
THC_0074	pTH13649	ZBTB47	pTH13649.1.1	RR_PE0008_ZBTB47_ChIP_1	ChIP	1		Plate_1_H1_S8_R1_001.fastq.gz	DSC	2
THC_0075	pTH13692	ZNF428	pTH13692.1.1	RR_PE0010_ZNF428_ChIP_1	ChIP	1		Plate_1_B2_S10_R2_001.fastq.gz	DSC	2
THC_0076	pTH13784	ZSCAN12	pTH13784.1.2	RR_PE0011_ZSCAN12_ChIP_2	ChIP	2		Plate_1_C2_S11_R1_001.fastq.gz	DSC	2
THC_0077	pTH13786	ZSCAN2	pTH13786.1.1	RR_PE0012_ZSCAN2_ChIP_1	ChIP	1		Plate_1_D2_S12_R1_001.fastq.gz	DSC	2
THC_0078	pTH13668	ZNF215	pTH13668.1.2	RR_PE0014_ZNF215_ChIP_2	ChIP	2		Plate_1_F2_S14_R2_001.fastq.gz	DSC	2
THC_0079	pTH13647	ZBTB41	pTH13647.1.1	RR_PE0016_ZBTB41_ChIP_1	ChIP	1		Plate_1_H2_S16_R2_001.fastq.gz	DSC	2
THC_0081	pTH13603	ZBED5	pTH13603.1.2	RR_PE0020_ZBED5_ChIP_2	ChIP	2		Plate_1_D3_S20_R1_001.fastq.gz	DSC	2
THC_0082	pTH13692	ZNF428	pTH13692.1.2	RR_PE0025_ZNF428_ChIP_2	ChIP	2		Plate_1_A4_S25_R1_001.fastq.gz	DSC	2
THC_0083	pTH13603	ZBED5	pTH13603.1.1	RR_PE0026_ZBED5_ChIP_1	ChIP	1		Plate_1_B4_S26_R1_001.fastq.gz	DSC	2
THC_0084	pTH13841	TERB1	pTH13841.1.2	RR_PE0027_TERB1_ChIP_2	ChIP	2		Plate_1_C4_S27_R1_001.fastq.gz	DSC	2
THC_0085	pTH14538	RFX5	pTH14538.1.1	RR_PE0028_RXF5_ChIP_3	ChIP	1		Plate_1_D4_S28_R1_001.fastq.gz	DSC	2
THC_0086	pTH13633	PEG3	pTH13633.1.2	RR_PE0031_PEG3_ChIP_2	ChIP	2		Plate_1_G4_S31_R2_001.fastq.gz	DSC	2
THC_0087	pTH13592	DNTTIP1	pTH13592.1.2	RR_PE0033_DNMTTIP1_ChIP_2	ChIP	2		Plate_1_A5_S33_R1_001.fastq.gz	DSC	2
THC_0088	pTH13593	GLYR1	pTH13593.1.2	RR_PE0034_GLYR1_ChIP_2	ChIP	2		Plate_1_B5_S34_R1_001.fastq.gz	DSC	2
THC_0089	pTH13692	ZNF428	pTH13692.1.1	RR_PE0035_ZNF428_INPUT_1	INPUT	1	negative control sample	Plate_1_C5_S35_R2_001.fastq.gz	DSC	2
THC_0090	pTH13900	SP140L	pTH13900.1.2	RR_PE0036_SP140L_ChIP_2	ChIP	2		Plate_1_D5_S36_R2_001.fastq.gz	DSC	2
THC_0091	pTH13903	THAP11	pTH13903.1.1	RR_PE0037_THAPII_INPUT_1	INPUT	1	negative control sample	Plate_1_E5_S37_R1_001.fastq.gz	DSC	2
THC_0092	pTH13893	THYN1	pTH13893.1.2	RR_PE0038_THYN1_ChIP_2	ChIP	2		Plate_1_F5_S38_R2_001.fastq.gz	DSC	2
THC_0093	pTH13614	AC008770	pTH13614.1.1	RR_PE0039_AC008770_INPUT_1	INPUT	1	negative control sample	Plate_1_G5_S39_R1_001.fastq.gz	DSC	2
THC_0094	pTH13692	ZNF428	pTH13692.1.2	RR_PE0044_ZNF428_INPUT_2	INPUT	2	negative control sample	Plate_1_D6_S44_R2_001.fastq.gz	DSC	2
THC_0096	pTH13893	THYN1	pTH13893.1.2	RR_PE0046_THYN1_INPUT_2	INPUT	2	negative control sample	Plate_1_F6_S46_R2_001.fastq.gz	DSC	2
THC_0097	pTH13841	TERB1	pTH13841.1.2	RR_PE0047_TERB1_INPUT_2	INPUT	2	negative control sample	Plate_1_G6_S47_R2_001.fastq.gz	DSC	2
THC_0098	pTH13592	DNTTIP1	pTH13592.1.2	RR_PE0048_DNMTTIP1_INPUT_2	INPUT	2	negative control sample	Plate_1_H6_S48_R2_001.fastq.gz	DSC	2
THC_0099	pTH13600	ZBED2	pTH13600.1.1	RR_PE0050_ZBED2_ChIP_1	ChIP	1		Plate_1_B7_S50_R2_001.fastq.gz	DSC	2
THC_0100	pTH13896	RFX8	pTH13896.1.2	RR_PE0051_RFX8_ChIP_2	CHIP 	2		Plate_1_C7_S51_R2_001.fastq.gz	DSC	2
THC_0101	pTH13600	ZBED2	pTH13600.1.2	RR_PE0058_ZBED2_ChIP_2	ChIP	2		Plate_1_B8_S58_R2_001.fastq.gz	DSC	2
THC_0102	pTH13680	ZNF318	pTH13680.1.1	RR_PE0061_ZNF318_ChIP_1	ChIP	1		Plate_1_E8_S61_R1_001.fastq.gz	DSC	2
THC_0103	pTH13616	AKAP8	pTH13616.1.2	RR_PE0062_AKAP8_ChIP_2	CHIPÂ 	2		Plate_1_F8_S62_R1_001.fastq.gz	DSC	2
THC_0104	pTH13796	TIGD3	pTH13796.1.1	RR_PE0063_TIGD3_ChIP_1	ChIP	1		Plate_1_G8_S63_R1_001.fastq.gz	DSC	2
THC_0105	pTH13785	ZSCAN18	pTH13785.1.2	RR_PE0064_ZSCAN18_ChIP_2	ChIP	2		Plate_1_H8_S64_R1_001.fastq.gz	DSC	2
THC_0106	pTH13887	SMYD3	pTH13887.1.1	RR_PE0065_SMYD3_ChIP_2	ChIP	1		Plate_1_A9_S65_R2_001.fastq.gz	DSC	2
THC_0107	pTH13784	ZSCAN12	pTH13784.1.1	RR_PE0066_ZSCAN12_ChIP_1	ChIP	1		Plate_1_B9_S66_R2_001.fastq.gz	DSC	2
THC_0108	pTH13616	AKAP8	pTH13616.1.1	RR_PE0067_AKAP8_ChIP_1	CHIP 	1		Plate_1_C9_S67_R1_001.fastq.gz	DSC	2
THC_0109	pTH13618	ANKZF1	pTH13618.1.2	RR_PE0068_ANKZF1_ChIP_2	CHIP 	2		Plate_1_D9_S68_R1_001.fastq.gz	DSC	2
THC_0110	pTH13798	TIGD5	pTH13798.1.2	RR_PE0069_TIGD5_ChIP_2	ChIP	2		Plate_1_E9_S69_R2_001.fastq.gz	DSC	2
THC_0111	pTH13680	ZNF318	pTH13680.1.2	RR_PE0070_ZNF318_ChIP_2	ChIP	2		Plate_1_F9_S70_R1_001.fastq.gz	DSC	2
THC_0112	pTH16503	ZSCAN4	pTH16503.1.1	RR_PE0072_ZSCAN4_ChIP_1	ChIP	1		Plate_1_H9_S72_R2_001.fastq.gz	DSC	2
THC_0113	pTH13797	TIGD4	pTH13797.1.1	RR_PE0073_TIGD4_ChIP_1	ChIP	1		Plate_1_A10_S73_R2_001.fastq.gz	DSC	2
THC_0114	pTH13649	ZBTB47	pTH13649.1.2	RR_PE0077_ZBTB47_ChIP_2	ChIP	2		Plate_1_E10_S77_R2_001.fastq.gz	DSC	2
THC_0116	pTH13604	ZBED9	pTH13604.1.2	RR_PE0081_ZBED9_ChIP_2	ChIP	2		Plate_1_A11_S81_R1_001.fastq.gz	DSC	2
THC_0117	pTH13612	BATF2	pTH13612.1.2	RR_PE0082_BATF2_ChIP_2	CHIP 	2		Plate_1_B11_S82_R2_001.fastq.gz	DSC	2
THC_0118	pTH13612	BATF2	pTH13612.1.1	RR_PE0083_BATF2_ChIP_1	CHIP 	1		Plate_1_C11_S83_R1_001.fastq.gz	DSC	2
THC_0119	pTH13668	ZNF215	pTH13668.1.1	RR_PE0086_ZNF215_ChIP_1	ChIP	1		Plate_1_F11_S86_R1_001.fastq.gz	DSC	2
THC_0120	pTH13817	ADNP2	pTH13817.1.2	RR_PE0087_ADNP2_ChIP_2	CHIP 	2		Plate_1_G11_S87_R1_001.fastq.gz	DSC	2
THC_0121	pTH14538	RFX5	pTH14538.1.2	RR_PE0088_RXF5_ChIP_2	CHIP 	2		Plate_1_H11_S88_R2_001.fastq.gz	DSC	2
THC_0122	pTH13896	RFX8	pTH13896.1.2	RR_PE0089_RFX8_INPUT_2	INPUT	2	negative control sample	Plate_1_A12_S89_R2_001.fastq.gz	DSC	2
THC_0123	pTH13617	AKAP8L	pTH13617.1.1	RR_PE0090_AKAP8L_INPUT_1	INPUT	1	negative control sample	Plate_1_B12_S90_R1_001.fastq.gz	DSC	2
THC_0124	pTH13618	ANKZF1	pTH13618.1.1	RR_PE0091_ANKZF1_INPUT_1	INPUT	1	negative control sample	Plate_1_C12_S91_R1_001.fastq.gz	DSC	2
THC_0125	pTH13796	TIGD3	pTH13796.1.1	RR_PE0092_TIGD3_INPUT_1	INPUT	1	negative control sample	Plate_1_D12_S92_R2_001.fastq.gz	DSC	2
THC_0126	pTH13599	SGSM2	pTH13599.1.1	RR_PE0093_SGSM2_INPUT_1	INPUT	1	negative control sample	Plate_1_E12_S93_R1_001.fastq.gz	DSC	2
THC_0127	pTH13888	SNAPC2	pTH13888.1.2	RR_PE0094_SNAPC2_INPUT_2	INPUT	2	negative control sample	Plate_1_F12_S94_R2_001.fastq.gz	DSC	2
THC_0128	pTH13798	TIGD5	pTH13798.1.2	RR_PE0095_TIGD5_INPUT_2	INPUT	2	negative control sample	Plate_1_G12_S95_R2_001.fastq.gz	DSC	2
THC_0129	pTH13604	ZBED9	pTH13604.1.1	RR_PE0096_ZBED9_INPUT_1	INPUT	1	negative control sample	Plate_1_H12_S96_R2_001.fastq.gz	DSC	2
THC_0130	pTH13644	TRAFD1	pTH13644.1.1	RR_PE0099_TRAFD1_ChIP_1	ChIP	1		Plate_2_C1_S99_R1_001.fastq.gz	DSC	2
THC_0131	pTH13868	NACC2	pTH13868.1.1	RR_PE0102_NACC2_ChIP_1	ChIP	1		Plate_2_F1_S102_R2_001.fastq.gz	DSC	2
THC_0132	pTH13599	SGSM2	pTH13599.1.2	RR_PE0103_SGSM2_ChIP_2	ChIP	2		Plate_2_G1_S103_R2_001.fastq.gz	DSC	2
THC_0133	pTH13599	SGSM2	pTH13599.1.1	RR_PE0104_SGSM2_ChIP_1	ChIP	1		Plate_2_H1_S104_R1_001.fastq.gz	DSC	2
THC_0134	pTH13651	ZBTB8A	pTH13651.1.1	RR_PE0105_ZBTB8A_ChIP_1	ChIP	1		Plate_2_A2_S105_R2_001.fastq.gz	DSC	2
THC_0135	pTH13644	TRAFD1	pTH13644.1.2	RR_PE0106_TRAFD1_ChIP_2	ChIP	2		Plate_2_B2_S106_R2_001.fastq.gz	DSC	2
THC_0136	pTH13648	ZBTB46	pTH13648.1.2	RR_PE0107_ZBTB46_ChIP_2	ChIP	2		Plate_2_C2_S107_R2_001.fastq.gz	DSC	2
THC_0137	pTH13798	TIGD5	pTH13798.1.1	RR_PE0108_TIGD5_ChIP_1	ChIP	1		Plate_2_D2_S108_R1_001.fastq.gz	DSC	2
THC_0138	pTH13785	ZSCAN18	pTH13785.1.1	RR_PE0110_ZSCAN18_ChIP_1	ChIP	1		Plate_2_F2_S110_R2_001.fastq.gz	DSC	2
THC_0139	pTH13614	AC008770	pTH13614.1.1	RR_PE0111_AC008770_ChIP_1	CHIP 	1		Plate_2_G2_S111_R2_001.fastq.gz	DSC	2
THC_0140	pTH13601	ZBED3	pTH13601.1.2	RR_PE0115_ZBED3_ChIP_2	ChIP	2		Plate_2_C3_S115_R1_001.fastq.gz	DSC	2
THC_0141	pTH13652	ZBTB8B	pTH13652.1.2	RR_PE0116_ZBTB8B_ChIP_2	ChIP	2		Plate_2_D3_S116_R2_001.fastq.gz	DSC	2
THC_0142	pTH13848	ARHGAP35	pTH13848.1.2	RR_PE0117_ARHGAP35_ChIP_4	ChIP	2		Plate_2_E3_S117_R1_001.fastq.gz	DSC	2
THC_0143	pTH13652	ZBTB8B	pTH13652.1.1	RR_PE0123_ZBTB8B_ChIP_1	ChIP	1		Plate_2_C4_S123_R2_001.fastq.gz	DSC	2
THC_0144	pTH13594	PHF21A	pTH13594.1.2	RR_PE0124_PHF21A_ChIP_2	ChIP	2		Plate_2_D4_S124_R2_001.fastq.gz	DSC	2
THC_0145	pTH13787	ZSCAN25	pTH13787.1.1	RR_PE0127_ZSCAN25_ChIP_1	ChIP	1		Plate_2_G4_S127_R1_001.fastq.gz	DSC	2
THC_0146	pTH13796	TIGD3	pTH13796.1.2	RR_PE0128_TIGD3_ChIP_2	ChIP	2		Plate_2_H4_S128_R1_001.fastq.gz	DSC	2
THC_0147	pTH13651	ZBTB8A	pTH13651.1.2	RR_PE0130_ZBTB8A_ChIP_2	ChIP	2		Plate_2_B5_S130_R1_001.fastq.gz	DSC	2
THC_0148	pTH13593	GLYR1	pTH13593.1.1	RR_PE0131_GLYR1_ChIP_1	ChIP	1		Plate_2_C5_S131_R1_001.fastq.gz	DSC	2
THC_0149	pTH13646	ZBTB40	pTH13646.1.2	RR_PE0134_ZBTB40_ChIP_2	ChIP	2		Plate_2_F5_S134_R2_001.fastq.gz	DSC	2
THC_0150	pTH13901	TBPL1	pTH13901.1.2	RR_PE0135_TBPL1_ChIP_2	ChIP	2		Plate_2_G5_S135_R1_001.fastq.gz	DSC	2
THC_0151	pTH13893	THYN1	pTH13893.1.1	RR_PE0136_THYN1_ChIP_1	ChIP	1		Plate_2_H5_S136_R2_001.fastq.gz	DSC	2
THC_0152	pTH13592	DNTTIP1	pTH13592.1.1	RR_PE0139_DNMTTIP1_ChIP_1	ChIP	1		Plate_2_C6_S139_R1_001.fastq.gz	DSC	2
THC_0153	pTH16503	ZSCAN4	pTH16503.1.2	RR_PE0140_ZSCAN4_ChIP_2	ChIP	2		Plate_2_D6_S140_R1_001.fastq.gz	DSC	2
THC_0154	pTH13883	SAFB2	pTH13883.1.1	RR_PE0141_SAFB2_ChIP_3	ChIP	1		Plate_2_E6_S141_R1_001.fastq.gz	DSC	2
THC_0155	pTH13647	ZBTB41	pTH13647.1.2	RR_PE0143_ZBTB41_ChIP_2	ChIP	2		Plate_2_G6_S143_R1_001.fastq.gz	DSC	2
THC_0156	pTH13903	THAP11	pTH13903.1.1	RR_PE0145_THAP11_ChIP_1	ChIP	1		Plate_2_A7_S145_R1_001.fastq.gz	DSC	2
THC_0157	pTH13896	RFX8	pTH13896.1.1	RR_PE0146_RFX8_ChIP_1	CHIP 	1		Plate_2_B7_S146_R2_001.fastq.gz	DSC	2
THC_0158	pTH13648	ZBTB46	pTH13648.1.1	RR_PE0147_ZBTB46_ChIP_1	ChIP	1		Plate_2_C7_S147_R2_001.fastq.gz	DSC	2
THC_0159	pTH13646	ZBTB40	pTH13646.1.1	RR_PE0149_ZBTB40_ChIP_1	ChIP	1		Plate_2_E7_S149_R1_001.fastq.gz	DSC	2
THC_0160	pTH13841	TERB1	pTH13841.1.1	RR_PE0150_TERB1_ChIP_1	ChIP	1		Plate_2_F7_S150_R2_001.fastq.gz	DSC	2
THC_0161	pTH13617	AKAP8L	pTH13617.1.2	RR_PE0154_AKAP8L_ChIP_2	ChIP	2		Plate_2_B8_S154_R1_001.fastq.gz	DSC	2
THC_0162	pTH13594	PHF21A	pTH13594.1.1	RR_PE0155_PHF21A_ChIP_1	ChIP	1		Plate_2_C8_S155_R2_001.fastq.gz	DSC	2
THC_0163	pTH13616	AKAP8	pTH13616.1.1	RR_PE0156_AKAP8L_ChIP_1	CHIP 	1		Plate_2_D8_S156_R2_001.fastq.gz	DSC	2
THC_0164	pTH13633	PEG3	pTH13633.1.1	RR_PE0158_PEG3_ChIP_1	ChIP	1		Plate_2_F8_S158_R1_001.fastq.gz	DSC	2
THC_0165	pTH13618	ANKZF1	pTH13618.1.1	RR_PE0159_ANKZF1_ChIP_1	ChIP	1		Plate_2_G8_S159_R2_001.fastq.gz	DSC	2
THC_0166	pTH13848	ARHGAP35	pTH13848.1.1	RR_PE0161_ARHGAP35_ChIP_3	ChIP	1		Plate_2_A9_S161_R1_001.fastq.gz	DSC	2
THC_0167	pTH13614	AC008770	pTH13614.1.2	RR_PE0162_AC008770_ChIP_2	CHIP 	2		Plate_2_B9_S162_R2_001.fastq.gz	DSC	2
THC_0168	pTH13601	ZBED3	pTH13601.1.1	RR_PE0164_ZBED3_ChIP_1	ChIP	1		Plate_2_D9_S164_R2_001.fastq.gz	DSC	2
THC_0170	pTH13901	TBPL1	pTH13901.1.1	RR_PE0169_TBPL1_ChIP_1	ChIP	1		Plate_2_A10_S169_R2_001.fastq.gz	DSC	2
THC_0171	pTH13868	NACC2	pTH13868.1.2	RR_PE0170_NACC2_ChIP_2	ChIP	2		Plate_2_B10_S170_R2_001.fastq.gz	DSC	2
THC_0172	pTH13903	THAP11	pTH13903.1.2	RR_PE0174_THAP11_ChIP_2	ChIP	2		Plate_2_F10_S174_R2_001.fastq.gz	DSC	2
THC_0173	pTH13887	SMYD3	pTH13887.1.1	RR_PE0175_SMYD3_ChIP_1	ChIP	1		Plate_2_G10_S175_R1_001.fastq.gz	DSC	2
THC_0174	pTH13786	ZSCAN2	pTH13786.1.2	RR_PE0180_ZSCAN2_ChIP_2	ChIP	2		Plate_2_D11_S180_R1_001.fastq.gz	DSC	2
THC_0175	pTH13787	ZSCAN25	pTH13787.1.2	RR_PE0182_ZSCAN25_ChIP_2	ChIP	2		Plate_2_F11_S182_R2_001.fastq.gz	DSC	2
THC_0176	pTH13883	SAFB2	pTH13883.1.2	RR_PE0183_SAFB2_ChIP_4	ChIP	2		Plate_2_G11_S183_R2_001.fastq.gz	DSC	2
THC_0178	pTH13644	TRAFD1	pTH13644.1.1	RR_PE0185_C1_TRAFD1_ChIP_1	ChIP	1		Plate_2_A12_S185_R1_001.fastq.gz	DSC	2
THC_0179	pTH13868	NACC2	pTH13868.1.1	RR_PE0186_F1_NACC2_ChIP_1	ChIP	1		Plate_2_B12_S186_R2_001.fastq.gz	DSC	2
THC_0180	pTH13599	SGSM2	pTH13599.1.2	RR_PE0187_G1_SGSM2_ChIP_2	ChIP	2		Plate_2_C12_S187_R1_001.fastq.gz	DSC	2
THC_0181	pTH13651	ZBTB8A	pTH13651.1.1	RR_PE0188_A2_ZBTB8A_ChIP_1	ChIP	1		Plate_2_D12_S188_R2_001.fastq.gz	DSC	2
THC_0182	pTH13798	TIGD5	pTH13798.1.1	RR_PE0189_D2_TIGD5_ChIP_1	ChIP	1		Plate_2_E12_S189_R2_001.fastq.gz	DSC	2
THC_0183	pTH13787	ZSCAN25	pTH13787.1.1	RR_PE0190_G4_ZSCAN25_ChIP_1	ChIP	1		Plate_2_F12_S190_R1_001.fastq.gz	DSC	2
THC_0184	pTH13593	GLYR1	pTH13593.1.1	RR_PE0191_C5_GLYR1_ChIP_1	ChIP	1		Plate_2_G12_S191_R2_001.fastq.gz	DSC	2
THC_0185	pTH13899	SP140	pTH13899.1.1	SP140ChIP1	ChIP	1		SP140ChIP1_IGO_10521_1_S99_R1_001.fastq.gz	MSK	3
THC_0186	pTH13799	TIGD7	pTH13799.1.1	TIGD7ChIP1	ChIP	1		TIGD7ChIP1_IGO_10521_2_S46_R1_001.fastq.gz	MSK	3
THC_0187	pTH14537	ELF3	pTH14537.1.1	ELF3ChIP1	ChIP	1		ELF3ChIP1_IGO_10521_3_S39_R1_001.fastq.gz	MSK	3
THC_0188	pTH13596	SETBP1	pTH13596.1.1	SETBP1ChIP1	ChIP	1		SETBP1ChIP1_IGO_10521_4_S114_R2_001.fastq.gz	MSK	3
THC_0189	pTH13597	ZFTA	pTH13597.1.1	C11orf95ChIP1	ChIP	1		C11orf95ChIP1_IGO_10521_5_S116_R2_001.fastq.gz	MSK	3
THC_0190	pTH13605	BHLHA9	pTH13605.1.1	BHLHA9ChIP1	ChIP	1		BHLHA9ChIP1_IGO_10521_6_S89_R1_001.fastq.gz	MSK	3
THC_0191	pTH13615	AC092835	pTH13615.1.1	AC092835ChIP1	ChIP	1		AC092835ChIP1_IGO_10521_7_S90_R1_001.fastq.gz	MSK	3
THC_0192	pTH13624	DZIP1	pTH13624.1.1	DZIP1ChIP1	ChIP	1		DZIP1ChIP1_IGO_10521_8_S47_R2_001.fastq.gz	MSK	3
THC_0193	pTH13899	SP140	pTH13899.1.2	SP140ChIP2	ChIP	2		SP140ChIP2_IGO_10521_9_S91_R1_001.fastq.gz	MSK	3
THC_0194	pTH13799	TIGD7	pTH13799.1.2	TIGD7ChIP2	ChIP	2		TIGD7ChIP2_IGO_10521_10_S42_R1_001.fastq.gz	MSK	3
THC_0195	pTH14537	ELF3	pTH14537.1.2	ELF3ChIP2	ChIP	2		ELF3ChIP2_IGO_10521_11_S62_R1_001.fastq.gz	MSK	3
THC_0196	pTH13596	SETBP1	pTH13596.1.2	SETBP1ChIP2	ChIP	2		SETBP1ChIP2_IGO_10521_12_S10_R2_001.fastq.gz	MSK	3
THC_0197	pTH13597	ZFTA	pTH13597.1.2	C11orf95ChIP2	ChIP	2		C11orf95ChIP2_IGO_10521_13_S2_R2_001.fastq.gz	MSK	3
THC_0198	pTH13605	BHLHA9	pTH13605.1.2	BHLHA9ChIP2	ChIP	2		BHLHA9ChIP2_IGO_10521_14_S70_R1_001.fastq.gz	MSK	3
THC_0199	pTH13615	AC092835	pTH13615.1.2	AC092835ChIP2	ChIP	2		AC092835ChIP2_IGO_10521_15_S98_R1_001.fastq.gz	MSK	3
THC_0200	pTH13624	DZIP1	pTH13624.1.2	DZIP1ChIP2	ChIP	2		DZIP1ChIP2_IGO_10521_16_S45_R2_001.fastq.gz	MSK	3
THC_0202	pTH13702	ZNF500	pTH13702.1.1	ZNF500ChIP1	ChIP	1		ZNF500ChIP1_IGO_10521_18_S73_R2_001.fastq.gz	MSK	3
THC_0203	pTH13703	ZNF503	pTH13703.1.1	ZNF503ChIP1	ChIP	1		ZNF503ChIP1_IGO_10521_19_S74_R1_001.fastq.gz	MSK	3
THC_0204	pTH13704	ZNF507	pTH13704.1.1	ZNF507ChIP1	ChIP	1		ZNF507ChIP1_IGO_10521_20_S35_R2_001.fastq.gz	MSK	3
THC_0205	pTH13694	ZNF446	pTH13694.1.1	ZNF446ChIP1	ChIP	1		ZNF446ChIP1_IGO_10521_21_S100_R1_001.fastq.gz	MSK	3
THC_0206	pTH13721	ZNF606	pTH13721.1.1	ZNF606ChIP1	ChIP	1		ZNF606ChIP1_IGO_10521_22_S5_R1_001.fastq.gz	MSK	3
THC_0207	pTH13758	ZNF750	pTH13758.1.1	ZNF750ChIP1	ChIP	1		ZNF750ChIP1_IGO_10521_23_S36_R1_001.fastq.gz	MSK	3
THC_0208	pTH13770	ZNF827	pTH13770.1.1	ZNF827ChIP1	ChIP	1		ZNF827ChIP1_IGO_10521_24_S101_R2_001.fastq.gz	MSK	3
THC_0210	pTH13702	ZNF500	pTH13702.1.2	ZNF500ChIP2	ChIP	2		ZNF500ChIP2_IGO_10521_26_S6_R2_001.fastq.gz	MSK	3
THC_0211	pTH13703	ZNF503	pTH13703.1.2	ZNF503ChIP2	ChIP	2		ZNF503ChIP2_IGO_10521_27_S102_R2_001.fastq.gz	MSK	3
THC_0212	pTH13704	ZNF507	pTH13704.1.2	ZNF507ChIP2	ChIP	2		ZNF507ChIP2_IGO_10521_28_S75_R2_001.fastq.gz	MSK	3
THC_0213	pTH13694	ZNF446	pTH13694.1.2	ZNF446ChIP2	ChIP	2		ZNF446ChIP2_IGO_10521_29_S38_R2_001.fastq.gz	MSK	3
THC_0214	pTH13721	ZNF606	pTH13721.1.2	ZNF606ChIP2	ChIP	2		ZNF606ChIP2_IGO_10521_30_S76_R2_001.fastq.gz	MSK	3
THC_0215	pTH13758	ZNF750	pTH13758.1.2	ZNF750ChIP2	ChIP	2		ZNF750ChIP2_IGO_10521_31_S77_R2_001.fastq.gz	MSK	3
THC_0216	pTH13770	ZNF827	pTH13770.1.2	ZNF827ChIP2	ChIP	2		ZNF827ChIP2_IGO_10521_32_S78_R2_001.fastq.gz	MSK	3
THC_0217	pTH13611	POGK	pTH13611.1.1	POGKChIP1	ChIP	1		POGKChIP1_IGO_10521_33_S79_R1_001.fastq.gz	MSK	3
THC_0218	pTH13588	KDM5B	pTH13588.1.1	KDM5BChIP1	ChIP	1		KDM5BChIP1_IGO_10521_34_S80_R1_001.fastq.gz	MSK	3
THC_0219	pTH13603	ZBED5	pTH13603.1.1	ZBTB5ChIP1	ChIP	1		ZBTB5ChIP1_IGO_10521_35_S81_R1_001.fastq.gz	MSK	3
THC_0220	pTH13590	AHCTF1	pTH13590.1.1	AHCTF1ChIP1	ChIP	1		AHCTF1ChIP1_IGO_10521_36_S82_R1_001.fastq.gz	MSK	3
THC_0221	pTH13630	KIN	pTH13630.1.1	KINChIP1	ChIP	1		KINChIP1_IGO_10521_37_S103_R2_001.fastq.gz	MSK	3
THC_0222	pTH13634	PRDM10	pTH13634.1.1	PRDM10ChIP1	ChIP	1		PRDM10ChIP1_IGO_10521_38_S104_R2_001.fastq.gz	MSK	3
THC_0223	pTH13635	PRDM13	pTH13635.1.1	PRDM13ChIP1	ChIP	1		PRDM13ChIP1_IGO_10521_39_S105_R2_001.fastq.gz	MSK	3
THC_0224	pTH13801	CAMTA2	pTH13801.1.1	CAMTA2ChIP1	ChIP	1		CAMTA2ChIP1_IGO_10521_40_S83_R2_001.fastq.gz	MSK	3
THC_0225	pTH13611	POGK	pTH13611.1.2	POGKChIP2	ChIP	2		POGKChIP2_IGO_10521_41_S106_R2_001.fastq.gz	MSK	3
THC_0226	pTH13588	KDM5B	pTH13588.1.2	KDM5BChIP2	ChIP	2		KDM5BChIP2_IGO_10521_42_S84_R1_001.fastq.gz	MSK	3
THC_0227	pTH13603	ZBED5	pTH13603.1.2	ZBTB5ChIP2	ChIP	2		ZBTB5ChIP2_IGO_10521_43_S107_R2_001.fastq.gz	MSK	3
THC_0228	pTH13590	AHCTF1	pTH13590.1.2	AHCTF1ChIP2	ChIP	2		AHCTF1ChIP2_IGO_10521_44_S108_R2_001.fastq.gz	MSK	3
THC_0229	pTH13630	KIN	pTH13630.1.2	KINChIP2	ChIP	2		KINChIP2_IGO_10521_45_S109_R2_001.fastq.gz	MSK	3
THC_0230	pTH13634	PRDM10	pTH13634.1.2	PRDM10ChIP2	ChIP	2		PRDM10ChIP2_IGO_10521_46_S110_R1_001.fastq.gz	MSK	3
THC_0231	pTH13635	PRDM13	pTH13635.1.2	PRDM13ChIP2	ChIP	2		PRDM13ChIP2_IGO_10521_47_S111_R2_001.fastq.gz	MSK	3
THC_0232	pTH13801	CAMTA2	pTH13801.1.2	CAMTA2ChIP2	ChIP	2		CAMTA2ChIP2_IGO_10521_48_S112_R1_001.fastq.gz	MSK	3
THC_0233	pTH13591	AKNA	pTH13591.1.1	AKNAChIP1	ChIP	1		AKNAChIP1_IGO_10521_49_S113_R2_001.fastq.gz	MSK	3
THC_0234	pTH13606	NCOA1	pTH13606.1.1	NCOA1ChIP1	ChIP	1		NCOA1ChIP1_IGO_10521_50_S85_R2_001.fastq.gz	MSK	3
THC_0235	pTH13802	CXXC4	pTH13802.1.1	CxxC4ChIP1	ChIP	1		CxxC4ChIP1_IGO_10521_51_S86_R2_001.fastq.gz	MSK	3
THC_0236	pTH13619	ATMIN	pTH13619.1.1	ATMINChIP1	ChIP	1		ATMINChIP1_IGO_10521_52_S87_R1_001.fastq.gz	MSK	3
THC_0237	pTH13602	ZBED4	pTH13602.1.1	ZBED4ChIP1	ChIP	1		ZBED4ChIP1_IGO_10521_53_S88_R2_001.fastq.gz	MSK	3
THC_0238	pTH13622	CHAMP1	pTH13622.1.1	CHAMP1ChIP1	ChIP	1		CHAMP1ChIP1_IGO_10521_54_S23_R2_001.fastq.gz	MSK	3
THC_0239	pTH13795	JRK	pTH13795.1.1	JRKChIP1	ChIP	1		JRKChIP1_IGO_10521_55_S8_R1_001.fastq.gz	MSK	3
THC_0240	pTH13803	FBXL19	pTH13803.1.1	FBXL19ChIP1	ChIP	1		FBXL19ChIP1_IGO_10521_56_S9_R2_001.fastq.gz	MSK	3
THC_0241	pTH13591	AKNA	pTH13591.1.2	AKNAChIP2	ChIP	2		AKNAChIP2_IGO_10521_57_S115_R1_001.fastq.gz	MSK	3
THC_0242	pTH13606	NCOA1	pTH13606.1.2	NCOA1ChIP2	ChIP	2		NCOA1ChIP2_IGO_10521_58_S10_R1_001.fastq.gz	MSK	3
THC_0243	pTH13802	CXXC4	pTH13802.1.2	CxxC4ChIP2	ChIP	2		CxxC4ChIP2_IGO_10521_59_S11_R2_001.fastq.gz	MSK	3
THC_0244	pTH13619	ATMIN	pTH13619.1.2	ATMINChIP2	ChIP	2		ATMINChIP2_IGO_10521_60_S12_R1_001.fastq.gz	MSK	3
THC_0245	pTH13602	ZBED4	pTH13602.1.2	ZBED4ChIP2	ChIP	2		ZBED4ChIP2_IGO_10521_61_S13_R2_001.fastq.gz	MSK	3
THC_0246	pTH13622	CHAMP1	pTH13622.1.2	CHAMP1ChIP2	ChIP	2		CHAMP1ChIP2_IGO_10521_62_S117_R2_001.fastq.gz	MSK	3
THC_0247	pTH13795	JRK	pTH13795.1.2	JRKChIP2	ChIP	2		JRKChIP2_IGO_10521_63_S24_R1_001.fastq.gz	MSK	3
THC_0248	pTH13803	FBXL19	pTH13803.1.2	FBXL19ChIP2	ChIP	2		FBXL19ChIP2_IGO_10521_64_S14_R1_001.fastq.gz	MSK	3
THC_0249	pTH13800	CAMTA1	pTH13800.1.1	CAMTA1ChIP1	ChIP	1		CAMTA1ChIP1_IGO_10521_65_S25_R2_001.fastq.gz	MSK	3
THC_0250	pTH13595	SCML4	pTH13595.1.1	SCML4ChIP1	ChIP	1		SCML4ChIP1_IGO_10521_66_S15_R2_001.fastq.gz	MSK	3
THC_0251	pTH13904	THAP2	pTH13904.1.1	THAP2ChIP1	ChIP	1		THAP2ChIP1_IGO_10521_67_S16_R2_001.fastq.gz	MSK	3
THC_0254	pTH13703	ZNF503	pTH13703.1.1	ZNF503Input1	INPUT	1	negative control sample	ZNF503Input1_IGO_10521_70_S18_R2_001.fastq.gz	MSK	3
THC_0255	pTH13611	POGK	pTH13611.1.1	POGKInput1	INPUT	1	negative control sample	POGKInput1_IGO_10521_71_S19_R2_001.fastq.gz	MSK	3
THC_0256	pTH13630	KIN	pTH13630.1.1	KINInput1	INPUT	1	negative control sample	KINInput1_IGO_10521_72_S20_R2_001.fastq.gz	MSK	3
THC_0257	pTH13800	CAMTA1	pTH13800.1.2	CAMTA1ChIP2	ChIP	2		CAMTA1ChIP2_IGO_10521_73_S21_R1_001.fastq.gz	MSK	3
THC_0258	pTH13595	SCML4	pTH13595.1.2	SCML4ChIP2	ChIP	2		SCML4ChIP2_IGO_10521_74_S26_R2_001.fastq.gz	MSK	3
THC_0259	pTH13904	THAP2	pTH13904.1.2	THAP2ChIP2	ChIP	2		THAP2ChIP2_IGO_10521_75_S57_R2_001.fastq.gz	MSK	3
THC_0262	pTH13603	ZBED5	pTH13603.1.1	ZBTB5Input1	INPUT	1	negative control sample	ZBTB5Input1_IGO_10521_78_S22_R2_001.fastq.gz	MSK	3
THC_0263	pTH13590	AHCTF1	pTH13590.1.1	AHCTF1Input1	INPUT	1	negative control sample	AHCTF1Input1_IGO_10521_79_S58_R1_001.fastq.gz	MSK	3
THC_0264	pTH13635	PRDM13	pTH13635.1.1	PRDM13Input1	INPUT	1	negative control sample	PRDM13Input1_IGO_10521_80_S28_R1_001.fastq.gz	MSK	3
THC_0265	pTH13635	PRDM13	pTH13635.1.2	PRDM13Input2	INPUT	2	negative control sample	PRDM13Input2_IGO_10521_81_S29_R2_001.fastq.gz	MSK	3
THC_0266	pTH13801	CAMTA2	pTH13801.1.2	CAMTA2Input2	INPUT	2	negative control sample	CAMTA2Input2_IGO_10521_82_S59_R2_001.fastq.gz	MSK	3
THC_0267	pTH13619	ATMIN	pTH13619.1.2	ATMINInput2	INPUT	2	negative control sample	ATMINInput2_IGO_10521_83_S60_R2_001.fastq.gz	MSK	3
THC_0268	pTH13606	NCOA1	pTH13606.1.2	NCOA1Input2	INPUT	2	negative control sample	NCOA1Input2_IGO_10521_84_S61_R1_001.fastq.gz	MSK	3
THC_0269	pTH13630	KIN	pTH13630.1.2	KINInput2	INPUT	2	negative control sample	KINInput2_IGO_10521_85_S23_R1_001.fastq.gz	MSK	3
THC_0270	pTH13694	ZNF446	pTH13694.1.2	ZNF446Input2	INPUT	2	negative control sample	ZNF446Input2_IGO_10521_86_S24_R2_001.fastq.gz	MSK	3
THC_0271	pTH13888	SNAPC2	pTH13888.1.2	SNAPC2ChIP2	ChIP	2		SNAPC2ChIP2_IGO_10521_87_S25_R2_001.fastq.gz	MSK	3
THC_0273	pTH13898	SP110	pTH13898.1.2	SP110ChIP2	ChIP	2		SP110ChIP2_IGO_10521_89_S30_R2_001.fastq.gz	MSK	3
THC_0274	pTH13723	ZNF609	pTH13723.1.1	ZNF609ChIP1	ChIP	1		ZNF609ChIP1_IGO_10521_90_S120_R1_001.fastq.gz	MSK	3
THC_0275	pTH13589	ARID2	pTH13589.1.2	ARID2ChIP2	ChIP	2		ARID2ChIP2_IGO_10521_91_S121_R2_001.fastq.gz	MSK	3
THC_0276	pTH13623	CPXCR1	pTH13623.1.1	CXCR1ChIP1	ChIP	1		CXCR1ChIP1_IGO_10521_92_S48_R1_001.fastq.gz	MSK	3
THC_0278	pTH13603	ZBED5	pTH13603.1.2.2	ZBED5ChIP2RE	ChIP	2	repeated sequencing for pTH13603.1.2	ZBED5ChIP2RE_IGO_10521_154_S71_R1_001.fastq.gz	MSK	3
THC_0279	pTH13692	ZNF428	pTH13692.1.1.2	ZNF428ChIP1RE	ChIP	1	repeated sequencing for pTH13692.1.1	ZNF428ChIP1RE_IGO_10521_155_S4_R1_001.fastq.gz	MSK	3
THC_0280	pTH13692	ZNF428	pTH13692.1.2.2	ZNF428ChIP2RE	ChIP	2	repeated sequencing for pTH13692.1.2	ZNF428ChIP2RE_IGO_10521_156_S33_R2_001.fastq.gz	MSK	3
THC_0282	pTH13796	TIGD3	pTH13796.1.2.2	TIGD3ChIP2RE	ChIP	2	repeated sequencing for pTH13796.1.2	TIGD3ChIP2RE_IGO_10521_158_S22_R1_001.fastq.gz	MSK	3
THC_0080	pTH15832	YY1	pTH13796.1.1	RR_PE0019_YY1_ChIP_1	ChIP	1	positive control sample	Plate_1_C3_S19_R2_001.fastq.gz	DSC	2
THC_0095	pTH15832	YY1	pTH13796.1.2	RR_PE0045_YY1_INPUT_2	INPUT	2	negative control sample	Plate_1_E6_S45_R1_001.fastq.gz	DSC	2
THC_0177	pTH15832	YY1	pTH13796.1.2	RR_PE0184_YY1_ChIP_2	ChIP	2	positive control sample	Plate_2_H11_S184_R1_001.fastq.gz	DSC	2
THC_0253	pTH15832	YY1	pTH13796.1.1	YY1ChIP1	ChIP	1	positive control sample	YY1ChIP1_IGO_10521_69	MSK	3
THC_0261	pTH15832	YY1	pTH13796.1.2	YY1ChIP2	ChIP	2	positive control sample	YY1ChIP2_IGO_10521_77	MSK	3
THC_0201	pTH16501	CTCF	pTH16501.1.1	CTCFChIP1	ChIP	1	positive control sample	CTCFChIP1_IGO_10521_17	MSK	3
THC_0209	pTH16501	CTCF	pTH16501.1.2	CTCFChIP2	ChIP	2	positive control sample	CTCFChIP2_IGO_10521_25	MSK	3
THC_0252	pTH16502	GFP	pTH16502.1.1	GFPChIP1	ChIP	1	negative control sample	GFPChIP1_IGO_10521_68	MSK	3
THC_0260	pTH16502	GFP	pTH16502.1.2	GFPChIP2	ChIP	2	negative control sample	GFPChIP2_IGO_10521_76	MSK	3
THC_0283	pTH13606	NCOA1	pTH13606.1.2	13606_NCOA1_ChIP2	ChIP	2		13606_NCOA1_ChIP2_IGO_10521_B_1	MSK	4
THC_0284	pTH13672	ZNF233	pTH13672.1.2	13672_ZNF233_ChIP2	ChIP	2		13672_ZNF233_ChIP2_IGO_10521_B_2	MSK	4
THC_0285	pTH13656	ZFPM2	pTH13656.1.2	13656_ZFPM2_ChIP2	ChIP	2		13656_ZFPM2_ChIP2_IGO_10521_B_3	MSK	4
THC_0286	pTH13689	ZNF385C	pTH13689.1.2	13689_ZNF385C_ChIP2	ChIP	2		13689_ZNF385C_ChIP2_IGO_10521_B_4	MSK	4
THC_0287	pTH13788	ZUP1	pTH13788.1.2	13788_ZUFSP_ChIP2	ChIP	2		13788_ZUFSP_ChIP2_IGO_10521_B_5	MSK	4
THC_0288	pTH13814	HMG20A	pTH13814.1.2	13814_HMG20A_ChIP2	ChIP	2		13814_HMG20A_ChIP2_IGO_10521_B_6	MSK	4
THC_0289	pTH13894	TMF1	pTH13894.1.2	13894_TMF1_ChIP2	ChIP	2		13894_TMF1_ChIP2_IGO_10521_B_7	MSK	4
THC_0290	pTH13639	PRMT3	pTH13639.1.1	13639_PRMT3_ChIP1	ChIP	1		13639_PRMT3_ChIP1_IGO_10521_B_8	MSK	4
THC_0291	pTH13620	CASZ1	pTH13620.1.2	13620_CASZ1_ChIP2	ChIP	2		13620_CASZ1_ChIP2_IGO_10521_B_9	MSK	4
THC_0292	pTH13673	ZNF234	pTH13673.1.2	13673_ZNF234_ChIP2	ChIP	2		13673_ZNF234_ChIP2_IGO_10521_B_10	MSK	4
THC_0293	pTH13658	ZMAT1	pTH13658.1.2	13658_ZMAT1_ChIP2	ChIP	2		13658_ZMAT1_ChIP2_IGO_10521_B_11	MSK	4
THC_0294	pTH13690	ZNF395	pTH13690.1.2	13690_ZNF395_ChIP2	ChIP	2		13690_ZNF395_ChIP2_IGO_10521_B_12	MSK	4
THC_0295	pTH13789	ZXDA	pTH13789.1.2	13789_ZXDA_ChIP2	ChIP	2		13789_ZXDA_ChIP2_IGO_10521_B_13	MSK	4
THC_0296	pTH13815	HMGN3	pTH13815.1.2	13815_HMGN3_ChIP2	ChIP	2		13815_HMGN3_ChIP2_IGO_10521_B_14	MSK	4
THC_0297	pTH13895	TSC22D1	pTH13895.1.2	13895_TSC22D1_ChIP2	ChIP	2		13895_TSC22D1_ChIP2_IGO_10521_B_15	MSK	4
THC_0298	pTH13640	RBSN	pTH13640.1.1	13640_RBSN_ChIP1	ChIP	1		13640_RBSN_ChIP1_IGO_10521_B_16	MSK	4
THC_0299	pTH13623	CPXCR1	pTH13623.1.2	13623_CPXCR1_ChIP2	ChIP	2		13623_CPXCR1_ChIP2_IGO_10521_B_17	MSK	4
THC_0300	pTH13674	ZNF251	pTH13674.1.2	13674_ZNF251_ChIP2	ChIP	2		13674_ZNF251_ChIP2_IGO_10521_B_18	MSK	4
THC_0301	pTH13659	ZMAT4	pTH13659.1.2	13659_ZMAT4_ChIP2	ChIP	2		13659_ZMAT4_ChIP2_IGO_10521_B_19	MSK	4
THC_0302	pTH13696	ZNF470	pTH13696.1.2	13696_ZNF470_ChIP2	ChIP	2		13696_ZNF470_ChIP2_IGO_10521_B_20	MSK	4
THC_0303	pTH13791	ZXDC	pTH13791.1.2	13791_ZXDC_ChIP2	ChIP	2		1 3791_ZXDC_ChIP2_IGO_10521_B_21	MSK	4
THC_0304	pTH13816	ADNP	pTH13816.1.2	13816_ADNP_ChIP2	ChIP	2		13816_ADNP_ChIP2_IGO_10521_B_22	MSK	4
THC_0305	pTH15832	YY1	pTH15832.1.2	YY1_ChIP2	ChIP	2	positive control sample	YY1_ChIP2_IGO_10521_B_23	MSK	4
THC_0306	pTH13641	RLF	pTH13641.1.1	13641_RLF_ChIP1	ChIP	1		13641_RLF_ChIP1_IGO_10521_B_24	MSK	4
THC_0307	pTH13637	PRDM5	pTH13637.1.2	13637_PRDM5_ChIP2	ChIP	2		13637_PRDM5_ChIP2_IGO_10521_B_25	MSK	4
THC_0308	pTH13675	ZNF275	pTH13675.1.2	13675_ZNF275_ChIP2	ChIP	2		13675_ZNF275_ChIP2_IGO_10521_B_26	MSK	4
THC_0309	pTH13660	ZNF107	pTH13660.1.2	13660_ZNF107_ChIP2	ChIP	2		13660_ZNF107_ChIP2_IGO_10521_B_27	MSK	4
THC_0310	pTH13697	ZNF471	pTH13697.1.2	13697_ZNF471_ChIP2	ChIP	2		13697_ZNF471_ChIP2_IGO_10521_B_28	MSK	4
THC_0311	pTH13792	MBNL2	pTH13792.1.2	13792_MBNL2_ChIP2	ChIP	2		13792_MBNL2_ChIP2_IGO_10521_B_29	MSK	4
THC_0312	pTH13818	LEUTX	pTH13818.1.2	13818_LEUTX_ChIP2	ChIP	2		13818_LEUTX_ChIP2_IGO_10521_B_30	MSK	4
THC_0313	pTH16501	CTCF	pTH16501.1.2	CTCF_ChIP2	ChIP	2	positive control sample	CTCF_ChIP2_IGO_10521_B_31	MSK	4
THC_0314	pTH13642	SALL3	pTH13642.1.1	13642_SALL3_ChIP1	ChIP	1		13642_SALL3_ChIP1_IGO_10521_B_32	MSK	4
THC_0315	pTH13638	PRDM8	pTH13638.1.2	13638_PRDM8_ChIP2	ChIP	2		13638_PRDM8_ChIP2_IGO_10521_B_33	MSK	4
THC_0316	pTH13676	ZNF280B	pTH13676.1.2	13676_ZNF280B_ChIP2	ChIP	2		13676_ZNF280B_ChIP2_IGO_10521_B_34	MSK	4
THC_0317	pTH13662	ZNF14	pTH13662.1.2	13662_ZNF14_ChIP2	ChIP	2		13662_ZNF14_ChIP2_IGO_10521_B_35	MSK	4
THC_0318	pTH13698	ZNF474	pTH13698.1.2	13698_ZNF474_ChIP2	ChIP	2		13698_ZNF474_ChIP2_IGO_10521_B_36	MSK	4
THC_0319	pTH13804	KDM2A	pTH13804.1.2	13804_KDM2A_ChIP2	ChIP	2		13804_KDM2A_ChIP2_IGO_10521_B_37	MSK	4
THC_0320	pTH13819	MKX	pTH13819.1.2	13819_MKX_ChIP2	ChIP	2		13819_MKX_ChIP2_IGO_10521_B_38	MSK	4
THC_0321	pTH16502	GFP	pTH16502.1.2	GFP_ChIP2	ChIP	2	negative control sample	GFP_ChIP2_IGO_10521_B_39	MSK	4
THC_0322	pTH13643	SLC2A4RG	pTH13643.1.1	13643_SLC2A4RG_ChIP1	ChIP	1		13643_SLC2A4RG_ChIP1_IGO_10521_B_40	MSK	4
THC_0323	pTH13639	PRMT3	pTH13639.1.2	13639_PRMT3_ChIP2	ChIP	2		13639_PRMT3_ChIP2_IGO_10521_B_41	MSK	4
THC_0324	pTH13677	ZNF280D	pTH13677.1.2	13677_ZNF280D_ChIP2	ChIP	2		13677_ZNF280D_ChIP2_IGO_10521_B_42	MSK	4
THC_0325	pTH13663	ZNF142	pTH13663.1.2	13663_ZNF142_ChIP2	ChIP	2		13663_ZNF142_ChIP2_IGO_10521_B_43	MSK	4
THC_0326	pTH13699	ZNF48	pTH13699.1.2	13699_ZNF48_ChIP2	ChIP	2		13699_ZNF48_ChIP2_IGO_10521_B_44	MSK	4
THC_0327	pTH13806	DMRTB1	pTH13806.1.2	13806_DMRTB1_ChIP2	ChIP	2		13806_DMRTB1_ChIP2_IGO_10521_B_45	MSK	4
THC_0328	pTH13820	NANOGNB	pTH13820.1.2	13820_NANOGNB_ChIP2	ChIP	2		13820_NANOGNB_ChIP2_IGO_10521_B_46	MSK	4
THC_0329	pTH13589	ARID2	pTH13589.1.1	13589_ARID2_ChIP1	ChIP	1		13589_ARID2_ChIP1_IGO_10521_B_47	MSK	4
THC_0330	pTH13653	ZFAT	pTH13653.1.1	13653_ZFAT1_ChIP1	ChIP	1		13653_ZFAT1_ChIP1_IGO_10521_B_48	MSK	4
THC_0331	pTH13640	RBSN	pTH13640.1.2	13640_RBSN_ChIP2	ChIP	2		13640_RBSN_ChIP2_IGO_10521_B_49	MSK	4
THC_0332	pTH13681	ZNF326	pTH13681.1.2	13681_ZNF326_ChIP2	ChIP	2		13681_ZNF326_ChIP2_IGO_10521_B_50	MSK	4
THC_0333	pTH13664	ZNF160	pTH13664.1.2	13664_ZNF160_ChIP2	ChIP	2		13664_ZNF160_ChIP2_IGO_10521_B_51	MSK	4
THC_0334	pTH13700	ZNF493	pTH13700.1.2	13700_ZNF493_ChIP2	ChIP	2		13700_ZNF493_ChIP2_IGO_10521_B_52	MSK	4
THC_0335	pTH13807	FLYWCH1	pTH13807.1.2	13807_FYWCH1_ChIP2	ChIP	2		13807_FYWCH1_ChIP2_IGO_10521_B_53	MSK	4
THC_0336	pTH13821	TPRX1	pTH13821.1.2	13821_TPRX_ChIP2	ChIP	2		13821_TPRX_ChIP2_IGO_10521_B_54	MSK	4
THC_0337	pTH13606	NCOA1	pTH13606.1.1	13606_NCOA1_ChIP1	ChIP	1		13606_NCOA1_ChIP1_IGO_10521_B_55	MSK	4
THC_0338	pTH13655	ZFPM1	pTH13655.1.1	13655_ZFPM1_ChIP1	ChIP	1		13655_ZFPM1_ChIP1_IGO_10521_B_56	MSK	4
THC_0339	pTH13641	RLF	pTH13641.1.2	13641_RLF_ChIP2	ChIP	2		13641_RLF_ChIP2_IGO_10521_B_57	MSK	4
THC_0340	pTH13683	ZNF347	pTH13683.1.2	13683_ZNF347_ChIP2	ChIP	2		13683_ZNF347_ChIP2_IGO_10521_B_58	MSK	4
THC_0341	pTH13665	ZNF20	pTH13665.1.2	13665_ZNF20_ChIP2	ChIP	2		13665_ZNF20_ChIP2_IGO_10521_B_59	MSK	4
THC_0342	pTH13701	ZNF497	pTH13701.1.2	13701_ZNF497_ChIP2	ChIP	2		13701_ZNF497_ChIP2_IGO_10521_B_60	MSK	4
THC_0343	pTH13809	GATAD2B	pTH13809.1.2	13809_GATAD2B_ChIP2	ChIP	2		13809_GATAD2B_ChIP2_IGO_10521_B_61	MSK	4
THC_0344	pTH13822	ZHX2	pTH13822.1.2	13822_ZHX2_ChIP2	ChIP	2		13822_ZHX2_ChIP2_IGO_10521_B_62	MSK	4
THC_0345	pTH13609	SOHLH1	pTH13609.1.1	13609_SOHLH1_ChIP1	ChIP	1		13609_SOHLH1_ChIP1_IGO_10521_B_63	MSK	4
THC_0346	pTH13656	ZFPM2	pTH13656.1.1	13656_ZFPM2_ChIP1	ChIP	1		13656_ZFPM2_ChIP1_IGO_10521_B_64	MSK	4
THC_0347	pTH13642	SALL3	pTH13642.1.2	13642_SALL3_ChIP2	ChIP	2		13642_SALL3_ChIP2_IGO_10521_B_65	MSK	4
THC_0348	pTH13684	ZNF358	pTH13684.1.2	13684_ZNF358_ChIP2	ChIP	2		13684_ZNF358_ChIP2_IGO_10521_B_66	MSK	4
THC_0349	pTH13666	ZNF207	pTH13666.1.2	13666_ZNF207_ChIP2	ChIP	2		13666_ZNF207_ChIP2_IGO_10521_B_67	MSK	4
THC_0350	pTH13704	ZNF507	pTH13704.1.2	13704_ZNF507_ChIP2	ChIP	2		13704_ZNF507_ChIP2_IGO_10521_B_68	MSK	4
THC_0351	pTH13810	ZGLP1	pTH13810.1.2	13810_ZGLP1_ChIP2	ChIP	2		13810_ZGLP1_ChIP2_IGO_10521_B_69	MSK	4
THC_0352	pTH13823	ZHX3	pTH13823.1.2	13823_ZHX3_ChIP2	ChIP	2		13823_ZHX3_ChIP2_IGO_10521_B_70	MSK	4
THC_0353	pTH13620	CASZ1	pTH13620.1.1	13620_CASZ1_ChIP1	ChIP	1		13620_CASZ1_ChIP1_IGO_10521_B_71	MSK	4
THC_0354	pTH13658	ZMAT1	pTH13658.1.1	13658_ZMAT1_ChIP1	ChIP	1		13658_ZMAT1_ChIP1_IGO_10521_B_72	MSK	4
THC_0355	pTH13643	SLC2A4RG	pTH13643.1.2	13643_SLC2A4RG_ChIP2	ChIP	2		13643_SLC2A4RG_ChIP2_IGO_10521_B_73	MSK	4
THC_0356	pTH13687	ZNF385A	pTH13687.1.2	13687_ZNF385A_ChIP2	ChIP	2		13687_ZNF385A_ChIP2_IGO_10521_B_74	MSK	4
THC_0357	pTH13669	ZNF226	pTH13669.1.2	13669_ZNF226_ChIP2	ChIP	2		13669_ZNF226_ChIP2_IGO_10521_B_75	MSK	4
THC_0358	pTH13705	ZNF510	pTH13705.1.2	13705_ZNF510_ChIP2	ChIP	2		1 3705_ZNF510_ChIP2_IGO_10521_B_76	MSK	4
THC_0359	pTH13811	GRHL3	pTH13811.1.2	13811_GRHL3_ChIP2	ChIP	2		13811_GRHL3_ChIP2_IGO_10521_B_77	MSK	4
THC_0360	pTH13890	SON	pTH13890.1.2	13890_SON_ChIP2	ChIP	2		13890_SON_ChIP2_IGO_10521_B_78	MSK	4
THC_0361	pTH13623	CPXCR1	pTH13623.1.1	13623_CPXCR1_ChIP1	ChIP	1		13623_CPXCR1_ChIP1_IGO_10521_B_79	MSK	4
THC_0362	pTH13659	ZMAT4	pTH13659.1.1	13659_ZMAT4_ChIP1	ChIP	1		13659_ZMAT4_ChIP1_IGO_10521_B_80	MSK	4
THC_0363	pTH13653	ZFAT	pTH13653.1.2	13653_ZFAT1_ChIP2	ChIP	2		13653_ZFAT1_ChIP2_IGO_10521_B_81	MSK	4
THC_0364	pTH13685	ZNF362	pTH13685.1.2	13685_ZNF362_ChIP2	ChIP	2		13685_ZNF362_ChIP2_IGO_10521_B_82	MSK	4
THC_0365	pTH13670	ZNF229	pTH13670.1.2	13670_ZNF229_ChIP2	ChIP	2		13670_ZNF229_ChIP2_IGO_10521_B_83	MSK	4
THC_0366	pTH13706	ZNF516	pTH13706.1.2	13706_ZNF516_ChIP2	ChIP	2		13706_ZNF516_ChIP2_IGO_10521_B_84	MSK	4
THC_0367	pTH13812	GTF2IRD2	pTH13812.1.2	13812_GTF2IRD2_ChIP2	ChIP	2		13812_GTF2IRD2_ChIP2_IGO_10521_B_85	MSK	4
THC_0368	pTH13891	TCF20	pTH13891.1.2	13891_TCF20_ChIP2	ChIP	2		13891_TCF20_ChIP2_IGO_10521_B_86	MSK	4
THC_0369	pTH13637	PRDM5	pTH13637.1.1	13637_PRDM5_ChIP1	ChIP	1		13637_PRDM5_ChIP1_IGO_10521_B_87	MSK	4
THC_0370	pTH13660	ZNF107	pTH13660.1.1	13660_ZNF107_ChIP1	ChIP	1		13660_ZNF107_ChIP1_IGO_10521_B_88	MSK	4
THC_0371	pTH13655	ZFPM1	pTH13655.1.2	13655_ZFPM1_ChIP2	ChIP	2		13655_ZFPM1_ChIP2_IGO_10521_B_89	MSK	4
THC_0372	pTH13688	ZNF385B	pTH13688.1.2	13688_ZNF385B_ChIP2	ChIP	2		13688_ZNF385B_ChIP2_IGO_10521_B_90	MSK	4
THC_0373	pTH13671	ZNF230	pTH13671.1.2	13671_ZNF230_ChIP2	ChIP	2		13671_ZNF230_ChIP2_IGO_10521_B_91	MSK	4
THC_0374	pTH13723	ZNF609	pTH13723.1.2	13723_ZNF609_ChIP2	ChIP	2		13723_ZNF609_ChIP2_IGO_10521_B_92	MSK	4
THC_0375	pTH13813	GTF2IRD2B	pTH13813.1.2	13813_GTF2IRD2B_ChIP2	ChIP	2		13813_GTF2IRD2B_ChIP2_IGO_10521_B_93	MSK	4
THC_0376	pTH13892	TET2	pTH13892.1.2	13892_TET2_ChIP2	ChIP	2		13892_TET2_ChIP2_IGO_10521_B_94	MSK	4
THC_0377	pTH13638	PRDM8	pTH13638.1.1	13638_PRDM8_ChIP1	ChIP	1		13638_PRDM8_ChIP1_IGO_10521_B_95	MSK	4
THC_0378	pTH13662	ZNF14	pTH13662.1.1	13662_ZNF14_ChIP1	ChIP	1		13662_ZNF14_ChIP1_IGO_10521_B_96	MSK	4
THC_0379	pTH13663	ZNF142	pTH13663.1.1	13663_ZNF142_ChIP1	ChIP	1		13663_ZNF142_ChIP1_IGO_10521_B_97	MSK	4
THC_0380	pTH13677	ZNF280D	pTH13677.1.1	13677_ZNF280D_ChIP1	ChIP	1		13677_ZNF280D_ChIP1_IGO_10521_B_98	MSK	4
THC_0381	pTH13699	ZNF48	pTH13699.1.1	13699_ZNF48_ChIP1	ChIP	1		13699_ZNF48_ChIP1_IGO_10521_B_99	MSK	4
THC_0382	pTH13806	DMRTB1	pTH13806.1.1	13806_DMRTB1_ChIP1	ChIP	1		13806_DMRTB1_ChIP1_IGO_10521_B_100	MSK	4
THC_0383	pTH13820	NANOGNB	pTH13820.1.1	13820_NANOGNB_ChIP1	ChIP	1		13820_NANOGNB_ChIP1_IGO_10521_B_101	MSK	4
THC_0384	pTH15832	YY1	pTH15832.1.2	YY1_INPUT2	INPUT	2	negative control sample	YY1_INPUT2_IGO_10521_B_102	MSK	4
THC_0385	pTH13606	NCOA1	pTH13606.1.2.2	13606_NCOA1_ChIP2_RDSC	ChIP	2		13 606_NCOA1_ChIP2_RDSC_IGO_10521_B_103	MSK	4
THC_0386	pTH13635	PRDM13	pTH13635.1.1.2	13635_PRDM13_Input1_RMSK	INPUT	1	negative control sample	13635_PRDM13_Input1_RMSK_IGO_10521_B_104	MSK	4
THC_0387	pTH13664	ZNF160	pTH13664.1.1	13664_ZNF160_ChIP1	ChIP	1		13664_ZNF160_ChIP1_IGO_10521_B_105	MSK	4
THC_0388	pTH13681	ZNF326	pTH13681.1.1	13681_ZNF326_ChIP1	ChIP	1		13681_ZNF326_ChIP1_IGO_10521_B_106	MSK	4
THC_0389	pTH13700	ZNF493	pTH13700.1.1	13700_ZNF493_ChIP1	ChIP	1		13700_ZNF493_ChIP1_IGO_10521_B_107	MSK	4
THC_0390	pTH13807	FLYWCH1	pTH13807.1.1	13807_FYWCH1_ChIP1	ChIP	1		13807_FYWCH1_ChIP1_IGO_10521_B_108	MSK	4
THC_0391	pTH13821	TPRX1	pTH13821.1.1	13821_TPRX_ChIP1	ChIP	1		13821_TPRX_ChIP1_IGO_10521_B_109	MSK	4
THC_0392	pTH16502	GFP	pTH16502.1.2	GFP_INPUT2	INPUT	2	negative control sample	GFP_INPUT2_IGO_10521_B_110	MSK	4
THC_0393	pTH13606	NCOA1	pTH13606.1.1.2	13606_NCOA1_ChIP1_RMSK	ChIP	1	repeated sequencing for pTH13606.1.1	13606_NCOA1_ChIP1_RMSK_IGO_10521_B_111	MSK	4
THC_0394	pTH13650	ZBTB5	pTH13650.1.1.2	13650_ZBTB5_Input1_RMSK	INPUT	1	negative control sample 	13650_ZBTB5_Input1_RMSK_IGO_10521_B_112	MSK	4
THC_0395	pTH13665	ZNF20	pTH13665.1.1	13665_ZNF20_ChIP1	ChIP	1		13665_ZNF20_ChIP1_IGO_10521_B_113	MSK	4
THC_0396	pTH13683	ZNF347	pTH13683.1.1	13683_ZNF347_ChIP1	ChIP	1		13683_ZNF347_ChIP1_IGO_10521_B_114	MSK	4
THC_0397	pTH13701	ZNF497	pTH13701.1.1	13701_ZNF497_ChIP1	ChIP	1		13701_ZNF497_ChIP1_IGO_10521_B_115	MSK	4
THC_0398	pTH13809	GATAD2B	pTH13809.1.1	13809_GATAD2B_ChIP1	ChIP	1		13809_GATAD2B_ChIP1_IGO_10521_B_116	MSK	4
THC_0399	pTH13822	ZHX2	pTH13822.1.1	13822_ZHX2_ChIP1	ChIP	1		13822_ZHX2_ChIP1_IGO_10521_B_117	MSK	4
THC_0400	pTH13639	PRMT3	pTH13639.1.2	13639_PRMT3_INPUT2	INPUT	2	negative control sample	13639_PRMT3_INPUT2_IGO_10521_B_118	MSK	4
THC_0401	pTH13607	NCOA2	pTH13607.1.2.2	13607_NCOA2_ChIP2_RMSK	ChIP	2	repeated sequencing for pTH13606.1.2	13607_NCOA2_ChIP2_RMSK_IGO_10521_B_119	MSK	4
THC_0402	pTH13666	ZNF207	pTH13666.1.1	13666_ZNF207_ChIP1	ChIP	1		13666_ZNF207_ChIP1_IGO_10521_B_120	MSK	4
THC_0403	pTH13588	KDM5B	pTH13588.1.1	13588_KDM5B_ChIP1_ChIP	ChIP	1		13588_KDM5B_ChIP1_ChIP_IGO_10521_B_121	MSK	4
THC_0404	pTH13684	ZNF358	pTH13684.1.1	13684_ZNF358_ChIP1	ChIP	1		13684_ZNF358_ChIP1_IGO_10521_B_122	MSK	4
THC_0405	pTH13704	ZNF507	pTH13704.1.1	13704_ZNF507_ChIP1	ChIP	1		13704_ZNF507_ChIP1_IGO_10521_B_123	MSK	4
THC_0406	pTH13810	ZGLP1	pTH13810.1.1	13810_ZGLP1_ChIP1	ChIP	1		13810_ZGLP1_ChIP1_IGO_10521_B_124	MSK	4
THC_0407	pTH13823	ZHX3	pTH13823.1.1	13823_ZHX3_ChIP1	ChIP	1		13823_ZHX3_ChIP1_IGO_10521_B_125	MSK	4
THC_0408	pTH13660	ZNF107	pTH13660.1.2	13660_ZNF107_INPUT2	INPUT	2	negative control sample	13660_ZNF107_INPUT2_IGO_10521_B_126	MSK	4
THC_0409	pTH13589	ARID2	pTH13589.1.2.2	13589_ARID2_ChIP2_RMSK	ChIP	2	repeated sequencing for pTH13589.1.2	13589_ARID2_ChIP2_RMSK_IGO_10521_B_127	MSK	4
THC_0410	pTH13669	ZNF226	pTH13669.1.1	13669_ZNF226_ChIP1	ChIP	1		13669_ZNF226_ChIP1_IGO_1 0521_B_128	MSK	4
THC_0411	pTH13685	ZNF362	pTH13685.1.1	13685_ZNF362_ChIP1	ChIP	1		13685_ZNF362_ChIP1_IGO_10521_B_129	MSK	4
THC_0412	pTH13705	ZNF510	pTH13705.1.1	13705_ZNF510_ChIP1	ChIP	1		13705_ZNF510_ChIP1_IGO_10521_B_130	MSK	4
THC_0413	pTH13811	GRHL3	pTH13811.1.1	13811_GRHL3_ChIP1	ChIP	1		13811_GRHL3_ChIP1_IGO_10521_B_131	MSK	4
THC_0414	pTH13890	SON	pTH13890.1.1	13890_SON_ChIP1	ChIP	1		13890_SON_ChIP1_IGO_10521_B_132	MSK	4
THC_0415	pTH13788	ZUP1	pTH13788.1.2	13788_ZUFSP_INPUT2	INPUT	2	negative control sample	13788_ZUFSP_INPUT2_IGO_10521_B_133	MSK	4
THC_0416	pTH13758	ZNF750	pTH13758.1.1.2	13758_ZNF750_ChIP1_RMSK	ChIP	1	repeated sequencing for pTH13758.1.1	13758_ZNF750_ChIP1_RMSK_IGO_10521_B_134	MSK	4
THC_0417	pTH13670	ZNF229	pTH13670.1.1	13670_ZNF229_ChIP1	ChIP	1		13670_ZNF229_ChIP1_IGO_10521_B_135	MSK	4
THC_0418	pTH13687	ZNF385A	pTH13687.1.1	13687_ZNF385A_ChIP1	ChIP	1		13687_ZNF385A_ChIP1_IGO_10521_B_136	MSK	4
THC_0419	pTH13706	ZNF516	pTH13706.1.1	13706_ZNF516_ChIP1	ChIP	1		13706_ZNF516_ChIP1_IGO_10521_B_137	MSK	4
THC_0420	pTH13812	GTF2IRD2	pTH13812.1.1	13812_GTF2IRD2_ChIP1	ChIP	1		13812_GTF2IRD2_ChIP1_IGO_10521_B_138	MSK	4
THC_0421	pTH13891	TCF20	pTH13891.1.1	13891_TCF20_ChIP1	ChIP	1		13891_TCF20_ChIP1_IGO_10521_B_139	MSK	4
THC_0422	pTH13681	ZNF326	pTH13681.1.2	13681_ZNF326_INPUT2	INPUT	2	negative control sample	13681_ZNF326_INPUT2_IGO_10521_B_140	MSK	4
THC_0423	pTH13723	ZNF609	pTH13723.1.1.2	13723_ZNF609_ChIP1_RMSK	ChIP	1	repeated sequencing for pTH13723.1.1	13723_ZNF609_ChIP1_RMSK_IGO_10521_B_141	MSK	4
THC_0424	pTH13671	ZNF230	pTH13671.1.1	13671_ZNF230_ChIP1	ChIP	1		13671_ZNF230_ChIP1_IGO_10521_B_142	MSK	4
THC_0425	pTH13688	ZNF385B	pTH13688.1.1	13688_ZNF385B_ChIP1	ChIP	1		13688_ZNF385B_ChIP1_IGO_10521_B_143	MSK	4
THC_0426	pTH13723	ZNF609	pTH13723.1.1	13723_ZNF609_ChIP1	ChIP	1		13723_ZNF609_ChIP1_IGO_10521_B_144	MSK	4
THC_0427	pTH13813	GTF2IRD2B	pTH13813.1.1	13813_GTF2IRD2B_ChIP1	ChIP	1		13813_GTF2IRD2B_ChIP1_IGO_10521_B_145	MSK	4
THC_0428	pTH13892	TET2	pTH13892.1.1	13892_TET2_ChIP1	ChIP	1		13892_TET2_ChIP1_IGO_10521_B_146	MSK	4
THC_0429	pTH13668	ZNF215	pTH13668.1.1	13668_ZNF215_INPUT1	INPUT	1	negative control sample	13668_ZNF215_INPUT1_IGO_10521_B_147	MSK	4
THC_0430	pTH13591	AKNA	pTH13591.1.1.2	13591_AKNA_ChIP1_RMSK	ChIP	1	repeated sequencing for pTH13591.1.1	13591_AKNA_ChIP1_RMSK_IGO_10521_B_148	MSK	4
THC_0431	pTH13672	ZNF233	pTH13672.1.1	13672_ZNF233_ChIP1	ChIP	1		13672_ZNF233_ChIP1_IGO_10521_B_149	MSK	4
THC_0432	pTH13689	ZNF385C	pTH13689.1.1	13689_ZNF385C_ChIP1	ChIP	1		13689_ZNF385C_ChIP1_IGO_10521_B_150	MSK	4
THC_0433	pTH13788	ZUP1	pTH13788.1.1	13788_ZUFSP_ChIP1	ChIP	1		13788_ZUFSP_ChIP1_IGO_10521_B_151	MSK	4
THC_0434	pTH13814	HMG20A	pTH13814.1.1	13814_HMG20A_ChIP1	ChIP	1		13814_HMG20A_ChIP1_IGO_10521_B_152	MSK	4
THC_0435	pTH13894	TMF1	pTH13894.1.1	13894_TMF1_ChIP1	ChIP	1		13894_TMF1_ChIP1_IGO_10521_B_153	MSK	4
THC_0436	pTH13797	TIGD4	pTH13797.1.1	13797_TIGD4_INPUT1	INPUT	1	negative control sample	13797_TIGD4_ INPUT1_IGO_10521_B_154	MSK	4
THC_0437	pTH13795	JRK	pTH13795.1.1.2	13795_JRK_ChIP1_RMSK	ChIP	1	repeated sequencing for pTH13795.1.1	13795_JRK_ChIP1_RMSK_IGO_10521_B_155	MSK	4
THC_0438	pTH13673	ZNF234	pTH13673.1.1	13673_ZNF234_ChIP1	ChIP	1		13673_ZNF234_ChIP1_IGO_10521_B_156	MSK	4
THC_0439	pTH13690	ZNF395	pTH13690.1.1	13690_ZNF395_ChIP1	ChIP	1		13690_ZNF395_ChIP1_IGO_10521_B_157	MSK	4
THC_0440	pTH13789	ZXDA	pTH13789.1.1	13789_ZXDA_ChIP1	ChIP	1		13789_ZXDA_ChIP1_IGO_10521_B_158	MSK	4
THC_0441	pTH13815	HMGN3	pTH13815.1.1	13815_HMGN3_ChIP1	ChIP	1		13815_HMGN3_ChIP1_IGO_10521_B_159	MSK	4
THC_0442	pTH13895	TSC22D1	pTH13895.1.1	13895_TSC22D1_ChIP1	ChIP	1		13895_TSC22D1_ChIP1_IGO_10521_B_160	MSK	4
THC_0443	pTH16501	CTCF	pTH16501.1.1	CTCF_INPUT1	INPUT	1	negative control sample	CTCF_INPUT1_IGO_10521_B_161	MSK	4
THC_0444	pTH13801	CAMTA2	pTH13801.1.1.2	13801_CAMTA2_ChIP1_RMSK	ChIP	1	repeated sequencing for pTH13801.1.1	13801_CAMTA2_ChIP1_RMSK_IGO_10521_B_162	MSK	4
THC_0445	pTH13674	ZNF251	pTH13674.1.1	13674_ZNF251_ChIP1	ChIP	1		13674_ZNF251_ChIP1_IGO_10521_B_163	MSK	4
THC_0446	pTH13696	ZNF470	pTH13696.1.1	13696_ZNF470_ChIP1	ChIP	1		13696_ZNF470_ChIP1_IGO_10521_B_164	MSK	4
THC_0447	pTH13791	ZXDC	pTH13791.1.1	13791_ZXDC_ChIP1	ChIP	1		13791_ZXDC_ChIP1_IGO_10521_B_165	MSK	4
THC_0448	pTH13816	ADNP	pTH13816.1.1	13816_ADNP_ChIP1	ChIP	1		13816_ADNP_ChIP1_IGO_10521_B_166	MSK	4
THC_0449	pTH15832	YY1	pTH15832.1.1	YY1_ChIP1	ChIP	1	positive control sample	YY1_ChIP1_IGO_10521_B_167	MSK	4
THC_0450	pTH13642	SALL3	pTH13642.1.1	13642_SALL3_INPUT1	INPUT	1	negative control sample	13642_SALL3_INPUT1_IGO_10521_B_168	MSK	4
THC_0451	pTH13770	ZNF827	pTH13770.1.1.2	13770_ZNF827_ChIP1_RMSK	ChIP	1	repeated sequencing for pTH13770.1.1	13770_ZNF827_ChIP1_RMSK_IGO_10521_B_169	MSK	4
THC_0452	pTH13675	ZNF275	pTH13675.1.1	13675_ZNF275_ChIP1	ChIP	1		13675_ZNF275_ChIP1_IGO_10521_B_170	MSK	4
THC_0453	pTH13697	ZNF471	pTH13697.1.1	13697_ZNF471_ChIP1	ChIP	1		13697_ZNF471_ChIP1_IGO_10521_B_171	MSK	4
THC_0454	pTH13792	MBNL2	pTH13792.1.1	13792_MBNL2_ChIP1	ChIP	1		13792_MBNL2_ChIP1_IGO_10521_B_172	MSK	4
THC_0455	pTH13818	LEUTX	pTH13818.1.1	13818_LEUTX_ChIP1	ChIP	1		13818_LEUTX_ChIP1_IGO_10521_B_173	MSK	4
THC_0456	pTH16501	CTCF	pTH16501.1.1	CTCF_ChIP1	ChIP	1	positive control sample	CTCF_ChIP1_IGO_10521_B_174	MSK	4
THC_0457	pTH13758	ZNF750	pTH13758.1.1	13758_ZNF750_INPUT1	INPUT	1	negative control sample	13758_ZNF750_INPUT1_IGO_10521_B_175	MSK	4
THC_0458	pTH13611	POGK	pTH13611.1.1.2	13611_POGK_ChIP1_RMSK	ChIP	1	repeated sequencing for pTH13611.1.1	13611_POGK_ChIP1_RMSK_IGO_10521_B_176	MSK	4
THC_0459	pTH13676	ZNF280B	pTH13676.1.1	13676_ZNF280B_ChIP1	ChIP	1		13676_ZNF280B_ChIP1_IGO_10521_B_177	MSK	4
THC_0460	pTH13698	ZNF474	pTH13698.1.1	13698_ZNF474_ChIP1	ChIP	1		13698_ZNF474_ChIP1_IGO_10521_B_178	MSK	4
THC_0461	pTH13804	KDM2A	pTH13804.1.1	13804_KDM2A_ChIP1	ChIP	1		13804_KDM2A_ChIP1_IGO_10521_B_179	MSK	4
THC_0462	pTH13819	MKX	pTH13819.1.1	13819_MKX_ChIP1	ChIP	1		13819_MKX_ChIP1_IGO_10521_B_1 80	MSK	4
THC_0463	pTH16502	GFP	pTH16502.1.1	GFP_ChIP1	ChIP	1		GFP_ChIP1_IGO_10521_B_181	MSK	4
THC_0464	pTH13641	RLF	pTH13641.1.1	13641_RLF_INPUT1	INPUT	1	negative control sample	13641_RLF_INPUT1_IGO_10521_B_182	MSK	4
THC_0465	pTH13903	THAP11	pTH13903.1.1.2	13903_THAP11_Input1_RDSC	INPUT	1	negative control sample	13903_THAP11_Input1_RDSC_IGO_10521_B_183	MSK	4
THC_0466	pTH13856	CHCHD3	pTH13856.1.2	13856_CHCHD3_ChIP2	ChIP	2			SCK	5
THC_0467	pTH14542	PRR12	pTH14542.1.2	14542_PRR12_ChIP2	ChIP	2			SCK	5
THC_0468	pTH13608	NCOA3	pTH13608.1.2	13608_NCOA3_ChIP2	ChIP	2			SCK	5
THC_0469	pTH13613	CREB3L3	pTH13613.1.2	13613_CREB3L3_ChIP2	ChIP	2			SCK	5
THC_0470	pTH13626	FAM170A	pTH13626.1.1	13626_FAM170A_ChIP1	ChIP	1			SCK	5
THC_0471	pTH13628	JAZF1	pTH13628.1.1	13628_JAZF1_ChIP1	ChIP	1			SCK	5
THC_0472	pTH13631	L3MBTL4	pTH13631.1.1	13631_L3MBTL4_ChIP1	ChIP	1			SCK	5
THC_0473	pTH13636	PRDM2	pTH13636.1.2	13636_PRDM2_ChIP2	ChIP	2			SCK	5
THC_0474	pTH13654	ZFP91	pTH13654.1.2	13654_ZFP91_ChIP2	ChIP	2			SCK	5
THC_0475	pTH13661	ZNF131	pTH13661.1.2	13661_ZNF131_ChIP2	ChIP	2			SCK	5
THC_0476	pTH13682	ZNF335	pTH13682.1.2	13682_ZNF335_ChIP2	ChIP	2			SCK	5
THC_0477	pTH13693	ZNF43	pTH13693.1.2	13693_ZNF43_ChIP2	ChIP	2			SCK	5
THC_0478	pTH13708	ZNF526	pTH13708.1.2	13708_ZNF526_ChIP2	ChIP	2			SCK	5
THC_0479	pTH16502	EGFP_OLD	pTH16502.1.2	16502_EGFP_OLD_ChIP2	ChIP	2	negative control sample		SCK	5
THC_0480	pTH13712	ZNF568	pTH13712.1.2	13712_ZNF568_ChIP2	ChIP	2			SCK	5
THC_0481	pTH13714	ZNF57	pTH13714.1.1	13714_ZNF57_ChIP1	ChIP	1			SCK	5
THC_0482	pTH13716	ZNF578	pTH13716.1.2	13716_ZNF578_ChIP2	ChIP	2			SCK	5
THC_0483	pTH13718	ZNF587B	pTH13718.1.1	13718_ZNF587B_ChIP1	ChIP	1			SCK	5
THC_0484	pTH13720	ZNF598	pTH13720.1.2	13720_ZNF598_ChIP2	ChIP	2			SCK	5
THC_0485	pTH13724	ZNF618	pTH13724.1.2	13724_ZNF618_ChIP2	ChIP	2			SCK	5
THC_0486	pTH13726	ZNF630	pTH13726.1.2	13726_ZNF630_ChIP2	ChIP	2			SCK	5
THC_0487	pTH13728	ZNF644	pTH13728.1.1	13728_ZNF644_ChIP1	ChIP	1			SCK	5
THC_0488	pTH13731	ZNF654	pTH13731.1.2	13731_ZNF654_ChIP2	ChIP	2			SCK	5
THC_0489	pTH13733	ZNF665	pTH13733.1.2	13733_ZNF665_ChIP2	ChIP	2			SCK	5
THC_0490	pTH13735	ZNF672	pTH13735.1.2	13735_ZNF672_ChIP2	ChIP	2			SCK	5
THC_0491	pTH13737	ZNF678	pTH13737.1.2	13737_ZNF678_ChIP2	ChIP	2			SCK	5
THC_0492	pTH13739	ZNF687	pTH13739.1.2	13739_ZNF687_ChIP2	ChIP	2			SCK	5
THC_0493	pTH13741	ZNF689	pTH13741.1.1	13741_ZNF689_ChIP1	ChIP	1			SCK	5
THC_0494	pTH13743	ZNF699	pTH13743.1.2	13743_ZNF699_ChIP2	ChIP	2			SCK	5
THC_0495	pTH13746	ZNF703	pTH13746.1.2	13746_ZNF703_ChIP2	ChIP	2			SCK	5
THC_0496	pTH13749	ZNF709	pTH13749.1.2	13749_ZNF709_ChIP2	ChIP	2			SCK	5
THC_0497	pTH13751	ZNF721	pTH13751.1.1	13751_ZNF721_ChIP1	ChIP	1			SCK	5
THC_0498	pTH13753	ZNF726	pTH13753.1.2	13753_ZNF726_ChIP2	ChIP	2			SCK	5
THC_0499	pTH13756	ZNF732	pTH13756.1.2	13756_ZNF732_ChIP2	ChIP	2			SCK	5
THC_0500	pTH13759	ZNF763	pTH13759.1.2	13759_ZNF763_ChIP2	ChIP	2			SCK	5
THC_0501	pTH13761	ZNF773	pTH13761.1.1	13761_ZNF773_ChIP1	ChIP	1			SCK	5
THC_0502	pTH13763	ZNF780B	pTH13763.1.1	13763_ZNF780B_ChIP1	ChIP	1			SCK	5
THC_0503	pTH13745	ZNF700	pTH13745.1.1	13745_ZNF700_ChIP1	ChIP	1			SCK	5
THC_0504	pTH13729	ZNF646	pTH13729.1.1	13729_ZNF646_ChIP1	ChIP	1			SCK	5
THC_0505	pTH13766	ZNF800	pTH13766.1.1	13766_ZNF800_ChIP1	ChIP	1			SCK	5
THC_0506	pTH13769	ZNF814	pTH13769.1.1	13769_ZNF814_ChIP1	ChIP	1			SCK	5
THC_0507	pTH13772	ZNF831	pTH13772.1.1	13772_ZNF831_ChIP1	ChIP	1			SCK	5
THC_0508	pTH13774	ZNF841	pTH13774.1.1	13774_ZNF841_ChIP1	ChIP	1			SCK	5
THC_0509	pTH13776	ZNF845	pTH13776.1.1	13776_ZNF845_ChIP1	ChIP	1			SCK	5
THC_0510	pTH13779	ZNF865	pTH13779.1.1	13779_ZNF865_ChIP1	ChIP	1			SCK	5
THC_0511	pTH13794	ZGPAT	pTH13794.1.2	13794_ZGPAT_ChIP2	ChIP	2			SCK	5
THC_0512	pTH13808	GATAD2A	pTH13808.1.2	13808_GATAD2A_ChIP2	ChIP	2			SCK	5
THC_0513	pTH13825	HSFX1	pTH13825.1.1	13825_HSFX1_ChIP1	ChIP	1			SCK	5
THC_0514	pTH13827	MSANTD1	pTH13827.1.2	13827_MSANTD1_ChIP2	ChIP	2			SCK	5
THC_0515	pTH13829	MBD4	pTH13829.1.2	13829_MBD4_ChIP2	ChIP	2			SCK	5
THC_0516	pTH13831	PIN1	pTH13831.1.1	13831_PIN1_ChIP1	ChIP	1			SCK	5
THC_0517	pTH14547	BAZ2B	pTH14547.1.2	14547_BAZ2B_ChIP2	ChIP	2			SCK	5
THC_0518	pTH13838	MSANTD4	pTH13838.1.2	13838_MSANTD4_ChIP2	ChIP	2			SCK	5
THC_0519	pTH13840	MYSM1	pTH13840.1.1	13840_MYSM1_ChIP1	ChIP	1			SCK	5
THC_0520	pTH13843	TTF1	pTH13843.1.1	13843_TTF1_ChIP1	ChIP	1			SCK	5
THC_0521	pTH13845	NFX1	pTH13845.1.1	13845_NFX1_ChIP1	ChIP	1			SCK	5
THC_0522	pTH15548	SOX15	pTH15548.1.1	15548_SOX15_ChIP1	ChIP	1	smile seq insert		SCK	5
THC_0523	pTH15550	FOSL2	pTH15550.1.1	15550_FOSL2_ChIP1	ChIP	1	smile seq insert		SCK	5
THC_0524	pTH15552	LHX6	pTH15552.1.1	15552_LHX6_ChIP1	ChIP	1	smile seq insert		SCK	5
THC_0525	pTH15554	GCM1	pTH15554.1.1	15554_GCM1_ChIP1	ChIP	1	smile seq insert		SCK	5
THC_0526	pTH15556	RXRA	pTH15556.1.1	15556_RXRA_ChIP1	ChIP	1	smile seq insert		SCK	5
THC_0527	pTH15558	NR1H4	pTH15558.1.1	15558_NR1H4_ChIP1	ChIP	1	smile seq insert		SCK	5
THC_0528	pTH15560	NFKB1	pTH15560.1.1	15560_NFKB1_ChIP1	ChIP	1	smile seq insert		SCK	5
THC_0529	pTH15563	SRY	pTH15563.1.1	15563_SRY_ChIP1	ChIP	1	smile seq insert		SCK	5
THC_0530	pTH15565	POU5F1	pTH15565.1.1	15565_POU5F1_ChIP1	ChIP	1	smile seq insert		SCK	5
THC_0531	pTH15567	YY1	pTH15567.1.1	15567_YY1_ChIP1	ChIP	1	positive control sample - smile seq insert		SCK	5
THC_0532	pTH13902	THAP10	pTH13902.1.1	13902_THAP10_ChIP1	ChIP	1			SCK	5
THC_0533	pTH13906	THAP5	pTH13906.1.1	13906_THAP5_ChIP1	ChIP	1			SCK	5
THC_0534	pTH13908	THAP7	pTH13908.1.1	13908_THAP7_ChIP1	ChIP	1			SCK	5
THC_0535	pTH13910	THAP9	pTH13910.1.1	13910_THAP9_ChIP1	ChIP	1			SCK	5
THC_0536	pTH13847	AEBP1	pTH13847.1.2	13847_AEBP1_ChIP2	ChIP	2			SCK	5
THC_0537	pTH13850	CC2D1A	pTH13850.1.2	13850_CC2D1A_ChIP2	ChIP	2			SCK	5
THC_0538	pTH13852	CENPS	pTH13852.1.1	13852_CENPS_ChIP1	ChIP	1			SCK	5
THC_0539	pTH13854	CENPX	pTH13854.1.1	13854_CENPX_ChIP1	ChIP	1			SCK	5
THC_0540	pTH13857	CSRNP1	pTH13857.1.1	13857_CSRNP1_ChIP1	ChIP	1			SCK	5
THC_0541	pTH13859	CSRNP3	pTH13859.1.1	13859_CSRNP3_ChIP1	ChIP	1			SCK	5
THC_0542	pTH13861	DACH2	pTH13861.1.1	13861_DACH2_ChIP1	ChIP	1			SCK	5
THC_0543	pTH13863	DRAP1	pTH13863.1.1	13863_DRAP1_ChIP1	ChIP	1			SCK	5
THC_0544	pTH15832	YY1	pTH15832.1.2	15832_YY1_ChIP2	ChIP	2	positive control sample 		SCK	5
THC_0545	pTH13867	KCNIP3	pTH13867.1.1	13867_KCNIP3_ChIP1	ChIP	1			SCK	5
THC_0546	pTH13871	PA2G4	pTH13871.1.1	13871_PA2G4_ChIP1	ChIP	1			SCK	5
THC_0547	pTH13873	PCGF6	pTH13873.1.1	13873_PCGF6_ChIP1	ChIP	1			SCK	5
THC_0548	pTH13875	PLSCR1	pTH13875.1.1	13875_PLSCR1_ChIP1	ChIP	1			SCK	5
THC_0549	pTH13877	PURB	pTH13877.1.2	13877_PURB_ChIP2	ChIP	2			SCK	5
THC_0550	pTH13880	RBCK1	pTH13880.1.1	13880_RBCK1_ChIP1	ChIP	1			SCK	5
THC_0551	pTH13886	SKIL	pTH13886.1.2	13886_SKIL_ChIP2	ChIP	2			SCK	5
THC_0552	pTH13885	SKI	pTH13885.1.2	13885_SKI_ChIP2	ChIP	2			SCK	5
THC_0553	pTH13195	EGFP	pTH13195.1.1	13195_EGFP_INPUT1	INPUT	1	negative control sample- smile seq insert		SCK	5
THC_0554	pTH13636	PRDM2	pTH13636.1.1	13636_PRDM2_INPUT1	INPUT	1	negative control sample		SCK	5
THC_0555	pTH13661	ZNF131	pTH13661.1.2	13661_ZNF131_INPUT2	INPUT	2	negative control sample		SCK	5
THC_0556	pTH13707	ZNF518B	pTH13707.1.1	13707_ZNF518B_INPUT1	INPUT	1	negative control sample		SCK	5
THC_0557	pTH13712	ZNF568	pTH13712.1.2	13712_ZNF568_INPUT2	INPUT	2	negative control sample		SCK	5
THC_0558	pTH13726	ZNF630	pTH13726.1.1	13726_ZNF630_INPUT1	INPUT	1	negative control sample		SCK	5
THC_0559	pTH13733	ZNF665	pTH13733.1.2	13733_ZNF665_INPUT2	INPUT	2	negative control sample		SCK	5
THC_0560	pTH13737	ZNF678	pTH13737.1.1	13737_ZNF678_INPUT1	INPUT	1	negative control sample		SCK	5
THC_0561	pTH13739	ZNF687	pTH13739.1.1	13739_ZNF687_INPUT1	INPUT	1	negative control sample		SCK	5
THC_0562	pTH13856	CHCHD3	pTH13856.1.1	13856_CHCHD3_ChIP1	ChIP	1			SCK	5
THC_0563	pTH14542	PRR12	pTH14542.1.1	14542_PRR12_ChIP1	ChIP	1			SCK	5
THC_0564	pTH13608	NCOA3	pTH13608.1.1	13608_NCOA3_ChIP1	ChIP	1			SCK	5
THC_0565	pTH13613	CREB3L3	pTH13613.1.1	13613_CREB3L3_ChIP1	ChIP	1			SCK	5
THC_0566	pTH13626	FAM170A	pTH13626.1.2	13626_FAM170A_ChIP2	ChIP	2			SCK	5
THC_0567	pTH13628	JAZF1	pTH13628.1.2	13628_JAZF1_ChIP2	ChIP	2			SCK	5
THC_0568	pTH13631	L3MBTL4	pTH13631.1.2	13631_L3MBTL4_ChIP2	ChIP	2			SCK	5
THC_0569	pTH13636	PRDM2	pTH13636.1.1	13636_PRDM2_ChIP1	ChIP	1			SCK	5
THC_0570	pTH13654	ZFP91	pTH13654.1.1	13654_ZFP91_ChIP1	ChIP	1			SCK	5
THC_0571	pTH13661	ZNF131	pTH13661.1.1	13661_ZNF131_ChIP1	ChIP	1			SCK	5
THC_0572	pTH13682	ZNF335	pTH13682.1.1	13682_ZNF335_ChIP1	ChIP	1			SCK	5
THC_0573	pTH13693	ZNF43	pTH13693.1.1	13693_ZNF43_ChIP1	ChIP	1			SCK	5
THC_0574	pTH13708	ZNF526	pTH13708.1.1	13708_ZNF526_ChIP1	ChIP	1			SCK	5
THC_0575	pTH16501	CTCF	pTH16501.1.2	16501_CTCF_ChIP2	ChIP	2	positive control sample		SCK	5
THC_0576	pTH13712	ZNF568	pTH13712.1.1	13712_ZNF568_ChIP1	ChIP	1			SCK	5
THC_0577	pTH13714	ZNF57	pTH13714.1.2	13714_ZNF57_ChIP2	ChIP	2			SCK	5
THC_0578	pTH13716	ZNF578	pTH13716.1.1	13716_ZNF578_ChIP1	ChIP	1			SCK	5
THC_0579	pTH13718	ZNF587B	pTH13718.1.2	13718_ZNF587B_ChIP2	ChIP	2			SCK	5
THC_0580	pTH13720	ZNF598	pTH13720.1.1	13720_ZNF598_ChIP1	ChIP	1			SCK	5
THC_0581	pTH13724	ZNF618	pTH13724.1.1	13724_ZNF618_ChIP1	ChIP	1			SCK	5
THC_0582	pTH13726	ZNF630	pTH13726.1.1	13726_ZNF630_ChIP1	ChIP	1			SCK	5
THC_0583	pTH13728	ZNF644	pTH13728.1.2	13728_ZNF644_ChIP2	ChIP	2			SCK	5
THC_0584	pTH13731	ZNF654	pTH13731.1.1	13731_ZNF654_ChIP1	ChIP	1			SCK	5
THC_0585	pTH13733	ZNF665	pTH13733.1.1	13733_ZNF665_ChIP1	ChIP	1			SCK	5
THC_0586	pTH13735	ZNF672	pTH13735.1.1	13735_ZNF672_ChIP1	ChIP	1			SCK	5
THC_0587	pTH13737	ZNF678	pTH13737.1.1	13737_ZNF678_ChIP1	ChIP	1			SCK	5
THC_0588	pTH13739	ZNF687	pTH13739.1.1	13739_ZNF687_ChIP1	ChIP	1			SCK	5
THC_0589	pTH13741	ZNF689	pTH13741.1.2	13741_ZNF689_ChIP2	ChIP	2			SCK	5
THC_0590	pTH13743	ZNF699	pTH13743.1.1	13743_ZNF699_ChIP1	ChIP	1			SCK	5
THC_0591	pTH13746	ZNF703	pTH13746.1.1	13746_ZNF703_ChIP1	ChIP	1			SCK	5
THC_0592	pTH13749	ZNF709	pTH13749.1.1	13749_ZNF709_ChIP1	ChIP	1			SCK	5
THC_0593	pTH13751	ZNF721	pTH13751.2.4	13751_ZNF721_ChIP4	ChIP	4			SCK	5
THC_0594	pTH13753	ZNF726	pTH13753.1.1	13753_ZNF726_ChIP1	ChIP	1			SCK	5
THC_0595	pTH13756	ZNF732	pTH13756.1.1	13756_ZNF732_ChIP1	ChIP	1			SCK	5
THC_0596	pTH13759	ZNF763	pTH13759.1.1	13759_ZNF763_ChIP1	ChIP	1			SCK	5
THC_0597	pTH13761	ZNF773	pTH13761.1.2	13761_ZNF773_ChIP2	ChIP	2			SCK	5
THC_0598	pTH13763	ZNF780B	pTH13763.1.2	13763_ZNF780B_ChIP2	ChIP	2			SCK	5
THC_0599	pTH13745	ZNF700	pTH13745.1.2	13745_ZNF700_ChIP2	ChIP	2			SCK	5
THC_0600	pTH13729	ZNF646	pTH13729.1.2	13729_ZNF646_ChIP2	ChIP	2			SCK	5
THC_0601	pTH13766	ZNF800	pTH13766.1.2	13766_ZNF800_ChIP2	ChIP	2			SCK	5
THC_0602	pTH13769	ZNF814	pTH13769.1.2	13769_ZNF814_ChIP2	ChIP	2			SCK	5
THC_0603	pTH13772	ZNF831	pTH13772.1.2	13772_ZNF831_ChIP2	ChIP	2			SCK	5
THC_0604	pTH13774	ZNF841	pTH13774.1.2	13774_ZNF841_ChIP2	ChIP	2			SCK	5
THC_0605	pTH13776	ZNF845	pTH13776.1.2	13776_ZNF845_ChIP2	ChIP	2			SCK	5
THC_0606	pTH13779	ZNF865	pTH13779.1.2	13779_ZNF865_ChIP2	ChIP	2			SCK	5
THC_0607	pTH13794	ZGPAT	pTH13794.1.1	13794_ZGPAT_ChIP1	ChIP	1			SCK	5
THC_0608	pTH13808	GATAD2A	pTH13808.1.1	13808_GATAD2A_ChIP1	ChIP	1			SCK	5
THC_0609	pTH13825	HSFX1	pTH13825.1.2	13825_HSFX1_ChIP2	ChIP	2			SCK	5
THC_0610	pTH13827	MSANTD1	pTH13827.1.1	13827_MSANTD1_ChIP1	ChIP	1			SCK	5
THC_0611	pTH13829	MBD4	pTH13829.1.1	13829_MBD4_ChIP1	ChIP	1			SCK	5
THC_0612	pTH13831	PIN1	pTH13831.1.2	13831_PIN1_ChIP2	ChIP	2			SCK	5
THC_0613	pTH14547	BAZ2B	pTH14547.1.1	14547_BAZ2B_ChIP1	ChIP	1			SCK	5
THC_0614	pTH13838	MSANTD4	pTH13838.1.1	13838_MSANTD4_ChIP1	ChIP	1			SCK	5
THC_0615	pTH13840	MYSM1	pTH13840.1.2	13840_MYSM1_ChIP2	ChIP	2			SCK	5
THC_0616	pTH13843	TTF1	pTH13843.1.2	13843_TTF1_ChIP2	ChIP	2			SCK	5
THC_0617	pTH13845	NFX1	pTH13845.1.2	13845_NFX1_ChIP2	ChIP	2			SCK	5
THC_0618	pTH15548	SOX15	pTH15548.1.2	15548_SOX15_ChIP2	ChIP	2	smile seq insert		SCK	5
THC_0619	pTH15550	FOSL2	pTH15550.1.2	15550_FOSL2_ChIP2	ChIP	2	smile seq insert		SCK	5
THC_0620	pTH15552	LHX6	pTH15552.1.2	15552_LHX6_ChIP2	ChIP	2	smile seq insert		SCK	5
THC_0621	pTH15554	GCM1	pTH15554.1.2	15554_GCM1_ChIP2	ChIP	2	smile seq insert		SCK	5
THC_0622	pTH15556	RXRA	pTH15556.1.2	15556_RXRA_ChIP2	ChIP	2	smile seq insert		SCK	5
THC_0623	pTH15558	NR1H4	pTH15558.1.2	15558_NR1H4_ChIP2	ChIP	2	smile seq insert		SCK	5
THC_0624	pTH15560	NFKB1	pTH15560.1.2	15560_NFKB1_ChIP2	ChIP	2	smile seq insert		SCK	5
THC_0625	pTH15563	SRY	pTH15563.1.2	15563_SRY_ChIP2	ChIP	2	smile seq insert		SCK	5
THC_0626	pTH15565	POU5F1	pTH15565.1.2	15565_OCT4_POU5F1_ChIP2	ChIP	2	smile seq insert		SCK	5
THC_0627	pTH15567	YY1	pTH15567.1.2	15567_YY1_ChIP2	ChIP	2	positive control sample- smile seq insert		SCK	5
THC_0628	pTH13902	THAP10	pTH13902.1.2	13902_THAP10_ChIP2	ChIP	2			SCK	5
THC_0629	pTH13906	THAP5	pTH13906.1.2	13906_THAP5_ChIP2	ChIP	2			SCK	5
THC_0630	pTH13908	THAP7	pTH13908.1.2	13908_THAP7_ChIP2	ChIP	2			SCK	5
THC_0631	pTH13910	THAP9	pTH13910.1.2	13910_THAP9_ChIP2	ChIP	2			SCK	5
THC_0632	pTH13849	BRF2	pTH13849.1.1	13849_BRF2_ChIP1	ChIP	1			SCK	5
THC_0633	pTH13851	CENPA	pTH13851.1.2	13851_CENPA_ChIP2	ChIP	2			SCK	5
THC_0634	pTH13853	CENPT	pTH13853.1.2	13853_CENPT_ChIP2	ChIP	2			SCK	5
THC_0635	pTH13855	CGGBP1	pTH13855.1.2	13855_CGGBP1_ChIP2	ChIP	2			SCK	5
THC_0636	pTH13858	CSRNP2	pTH13858.1.2	13858_CSRNP2_ChIP2	ChIP	2			SCK	5
THC_0637	pTH13860	DACH1	pTH13860.1.1	13860_DACH1_ChIP1	ChIP	1			SCK	5
THC_0638	pTH13862	DR1	pTH13862.1.1	13862_DR1_ChIP1	ChIP	1			SCK	5
THC_0639	pTH13864	GLMP	pTH13864.1.2	13864_GLMP_ChIP2	ChIP	2			SCK	5
THC_0640	pTH13866	GPBP1L1	pTH13866.1.2	13866_GPBP1L1_ChIP2	ChIP	2			SCK	5
THC_0641	pTH13869	NKRF	pTH13869.1.2	13869_NKRF_ChIP2	ChIP	2			SCK	5
THC_0642	pTH13872	PCGF2	pTH13872.1.2	13872_PCGF2_ChIP2	ChIP	2			SCK	5
THC_0643	pTH13874	PHF19	pTH13874.1.1	13874_PHF19_ChIP1	ChIP	1			SCK	5
THC_0644	pTH13876	PREB	pTH13876.1.1	13876_PREB_ChIP1	ChIP	1			SCK	5
THC_0645	pTH13878	PURG	pTH13878.1.1	13878_PURG_ChIP1	ChIP	1			SCK	5
THC_0646	pTH13884	SCMH1	pTH13884.1.1	13884_SCMH1_ChIP1	ChIP	1			SCK	5
THC_0647	pTH13879	RAG1	pTH13879.1.1	13879_RAG1_ChIP1	ChIP	1			SCK	5
THC_0648	pTH13740	ZNF688	pTH13740.1.2	13740_ZNF688_INPUT2	INPUT	2	negative control sample		SCK	5
THC_0649	pTH13761	ZNF773	pTH13761.1.2	13761_ZNF773_INPUT2	INPUT	2	negative control sample		SCK	5
THC_0650	pTH13765	ZNF88	pTH13765.1.1	13765_ZNF88_INPUT1	INPUT	1	negative control sample		SCK	5
THC_0651	pTH13769	ZNF814	pTH13769.1.1	13769_ZNF814_INPUT1	INPUT	1	negative control sample		SCK	5
THC_0652	pTH13805	TET3	pTH13805.1.2	13805_TET3_INPUT2	INPUT	2	negative control sample		SCK	5
THC_0653	pTH13825	HSFX1	pTH13825.1.2	13825_HSFX1_INPUT2	INPUT	2	negative control sample		SCK	5
THC_0654	pTH13834	MTERF2	pTH13834.1.1	13834_MTERF2_INPUT1	INPUT	1	negative control sample		SCK	5
THC_0655	pTH13839	MYPOP	pTH13839.1.2	13839_MYPOP_INPUT2	INPUT	2	negative control sample		SCK	5
THC_0656	pTH13845	NFX1	pTH13845.1.2	13845_NFX1_INPUT2	INPUT	2	negative control sample		SCK	5
THC_0657	pTH15549	SOX2	pTH15549.1.1	15549_SOX2_INPUT1	INPUT	1	negative control sample		SCK	5
THC_0658	pTH14541	DOT1L	pTH14541.1.2	14541_DOT1L_ChIP2	ChIP	2			SCK	5
THC_0659	pTH14543	CBX2	pTH14543.1.2	14543_CBX2_ChIP2	ChIP	2			SCK	5
THC_0660	pTH14544	AHDC1	pTH14544.1.2	14544_AHDC1_ChIP2	ChIP	2			SCK	5
THC_0661	pTH13610	USF3	pTH13610.1.2	13610_USF3_ChIP2	ChIP	2			SCK	5
THC_0662	pTH13627	FIZ1	pTH13627.1.1	13627_FIZ1_ChIP1	ChIP	1			SCK	5
THC_0663	pTH13629	KAT7	pTH13629.1.1	13629_KAT7_ChIP1	ChIP	1			SCK	5
THC_0664	pTH13632	MYT1	pTH13632.1.1	13632_MYT1_ChIP1	ChIP	1			SCK	5
THC_0665	pTH13645	TSHZ2	pTH13645.1.2	13645_TSHZ2_ChIP2	ChIP	2			SCK	5
THC_0666	pTH13657	ZKSCAN4	pTH13657.1.2	13657_ZKSCAN4_ChIP2	ChIP	2			SCK	5
THC_0667	pTH13679	ZNF292	pTH13679.1.2	13679_ZNF292_ChIP2	ChIP	2			SCK	5
THC_0668	pTH13691	ZNF407	pTH13691.1.1	13691_ZNF407_ChIP1	ChIP	1			SCK	5
THC_0669	pTH13707	ZNF518B	pTH13707.1.2	13707_ZNF518B_ChIP2	ChIP	2			SCK	5
THC_0670	pTH13709	ZNF532	pTH13709.1.2	13709_ZNF532_ChIP2	ChIP	2			SCK	5
THC_0671	pTH13711	ZNF551	pTH13711.1.2	13711_ZNF551_ChIP2	ChIP	2			SCK	5
THC_0672	pTH13713	ZNF569	pTH13713.1.1	13713_ZNF569_ChIP1	ChIP	1			SCK	5
THC_0673	pTH13715	ZNF575	pTH13715.1.1	13715_ZNF575_ChIP1	ChIP	1			SCK	5
THC_0674	pTH13717	ZNF579	pTH13717.1.1	13717_ZNF579_ChIP1	ChIP	1			SCK	5
THC_0675	pTH13719	ZNF592	pTH13719.1.2	13719_ZNF592_ChIP2	ChIP	2			SCK	5
THC_0676	pTH13722	ZNF608	pTH13722.1.2	13722_ZNF608_ChIP2	ChIP	2			SCK	5
THC_0677	pTH13725	ZNF623	pTH13725.1.2	13725_ZNF623_ChIP2	ChIP	2			SCK	5
THC_0678	pTH13727	ZNF639	pTH13727.1.2	13727_ZNF639_ChIP2	ChIP	2			SCK	5
THC_0679	pTH13730	ZNF648	pTH13730.1.2	13730_ZNF648_ChIP2	ChIP	2			SCK	5
THC_0680	pTH13732	ZNF66	pTH13732.1.2	13732_ZNF66_ChIP2	ChIP	2			SCK	5
THC_0681	pTH13734	ZNF668	pTH13734.1.2	13734_ZNF668_ChIP2	ChIP	2			SCK	5
THC_0682	pTH13736	ZNF676	pTH13736.1.2	13736_ZNF676_ChIP2	ChIP	2			SCK	5
THC_0683	pTH13738	ZNF683	pTH13738.1.2	13738_ZNF683_ChIP2	ChIP	2			SCK	5
THC_0684	pTH13740	ZNF688	pTH13740.1.2	13740_ZNF688_ChIP2	ChIP	2			SCK	5
THC_0685	pTH13742	ZNF696	pTH13742.1.2	13742_ZNF696_ChIP2	ChIP	2			SCK	5
THC_0686	pTH13744	ZNF70	pTH13744.1.2	13744_ZNF70_ChIP2	ChIP	2			SCK	5
THC_0687	pTH13747	ZNF705EP	pTH13747.1.1	13747_ZNF705E_ChIP1	ChIP	1			SCK	5
THC_0688	pTH13751	ZNF721	pTH13751.2.3	13751_ZNF721_ChIP3	ChIP	3			SCK	5
THC_0689	pTH13752	ZNF724	pTH13752.1.1	13752_ZNF724_ChIP1	ChIP	1			SCK	5
THC_0690	pTH13754	ZNF728	pTH13754.1.2	13754_ZNF728_ChIP2	ChIP	2			SCK	5
THC_0691	pTH13757	ZNF746	pTH13757.1.2	13757_ZNF746_ChIP2	ChIP	2			SCK	5
THC_0692	pTH13760	ZNF772	pTH13760.1.1	13760_ZNF772_ChIP1	ChIP	1			SCK	5
THC_0693	pTH13762	ZNF775	pTH13762.1.2	13762_ZNF775_ChIP2	ChIP	2			SCK	5
THC_0694	pTH13764	ZNF781	pTH13764.1.2	13764_ZNF781_ChIP2	ChIP	2			SCK	5
THC_0695	pTH13750	ZNF717	pTH13750.1.1	13750_ZNF717_ChIP1	ChIP	1			SCK	5
THC_0696	pTH13765	ZNF88	pTH13765.1.1	13765_ZNF88_ChIP1	ChIP	1			SCK	5
THC_0697	pTH13767	ZNF804A	pTH13767.1.1	13767_ZNF804A_ChIP1	ChIP	1			SCK	5
THC_0698	pTH13771	ZNF83	pTH13771.1.1	13771_ZNF83_ChIP1	ChIP	1			SCK	5
THC_0699	pTH13773	ZNF836	pTH13773.1.1	13773_ZNF836_ChIP1	ChIP	1			SCK	5
THC_0700	pTH13775	ZNF844	pTH13775.1.1	13775_ZNF844_ChIP1	ChIP	1			SCK	5
THC_0701	pTH13777	ZNF850	pTH13777.1.1	13777_ZNF850_ChIP1	ChIP	1			SCK	5
THC_0702	pTH13780	ZNF878	pTH13780.1.1	13780_ZNF878_ChIP1	ChIP	1			SCK	5
THC_0703	pTH13805	TET3	pTH13805.1.2	13805_TET3_ChIP2	ChIP	2			SCK	5
THC_0704	pTH13824	POU5F2	pTH13824.1.1	13824_POU5F2_ChIP1	ChIP	1			SCK	5
THC_0705	pTH13826	HSFX2	pTH13826.1.2	13826_HSFX2_ChIP2	ChIP	2			SCK	5
THC_0706	pTH13828	MBD3	pTH13828.1.2	13828_MBD3_ChIP2	ChIP	2			SCK	5
THC_0707	pTH13830	MBD6	pTH13830.1.2	13830_MBD6_ChIP2	ChIP	2			SCK	5
THC_0708	pTH13832	SETDB2	pTH13832.1.2	13832_SETDB2_ChIP2	ChIP	2			SCK	5
THC_0709	pTH13837	DMTF1	pTH13837.1.1	13837_DMTF1_ChIP1	ChIP	1			SCK	5
THC_0710	pTH13839	MYPOP	pTH13839.1.2	13839_MYPOP_ChIP2	ChIP	2			SCK	5
THC_0711	pTH13842	TERF1	pTH13842.1.1	13842_TERF1_ChIP1	ChIP	1			SCK	5
THC_0712	pTH13844	MYRFL	pTH13844.1.1	13844_MYRFL_ChIP1	ChIP	1			SCK	5
THC_0713	pTH13897	SP100	pTH13897.1.2	13897_SP100_ChIP2	ChIP	2			SCK	5
THC_0714	pTH15549	SOX2	pTH15549.1.1	15549_SOX2_ChIP1	ChIP	1	smile seq insert		SCK	5
THC_0715	pTH15551	JUNB	pTH15551.1.1	15551_JUNB_ChIP1	ChIP	1	smile seq insert		SCK	5
THC_0716	pTH15553	VDR	pTH15553.1.1	15553_VDR_ChIP1	ChIP	1	smile seq insert		SCK	5
THC_0717	pTH15555	RORB	pTH15555.1.1	15555_RORB_ChIP1	ChIP	1	smile seq insert		SCK	5
THC_0718	pTH15557	RARA	pTH15557.1.1	15557_RARA_ChIP1	ChIP	1	smile seq insert		SCK	5
THC_0719	pTH15559	PAX7	pTH15559.1.1	15559_PAX7_ChIP1	ChIP	1	smile seq insert		SCK	5
THC_0720	pTH15562	MAX	pTH15562.1.1	15562_MAX_ChIP1	ChIP	1	smile seq insert		SCK	5
THC_0721	pTH15564	MYF6	pTH15564.1.2	15564_MYF6_ChIP2	ChIP	2	smile seq insert		SCK	5
THC_0722	pTH15566	LEF1	pTH15566.1.1	15566_LEF1_ChIP1	ChIP	1	smile seq insert		SCK	5
THC_0723	pTH14549	MGA	pTH14549.1.2	14549_MGA_ChIP2	ChIP	2			SCK	5
THC_0724	pTH13905	THAP4	pTH13905.1.1	13905_THAP4_ChIP1	ChIP	1			SCK	5
THC_0725	pTH13907	THAP6	pTH13907.1.1	13907_THAP6_ChIP1	ChIP	1			SCK	5
THC_0726	pTH13909	THAP8	pTH13909.1.1	13909_THAP8_ChIP1	ChIP	1			SCK	5
THC_0727	pTH13910	THAP9	pTH13910.1.2	13195_eGFP_ChIP2	ChIP	2			SCK	5
THC_0728	pTH13849	BRF2	pTH13849.1.2	13849_BRF2_ChIP2	ChIP	2			SCK	5
THC_0729	pTH13851	CENPA	pTH13851.1.1	13851_CENPA_ChIP1	ChIP	1			SCK	5
THC_0730	pTH13853	CENPT	pTH13853.1.1	13853_CENPT_ChIP1	ChIP	1			SCK	5
THC_0731	pTH13855	CGGBP1	pTH13855.1.1	13855_CGGBP1_ChIP1	ChIP	1			SCK	5
THC_0732	pTH13858	CSRNP2	pTH13858.1.1	13858_CSRNP2_ChIP1	ChIP	1			SCK	5
THC_0733	pTH13860	DACH1	pTH13860.1.2	13860_DACH1_ChIP2	ChIP	2			SCK	5
THC_0734	pTH13862	DR1	pTH13862.1.2	13862_DR1_ChIP2	ChIP	2			SCK	5
THC_0735	pTH13864	GLMP	pTH13864.1.1	13864_GLMP_ChIP1	ChIP	1			SCK	5
THC_0736	pTH13866	GPBP1L1	pTH13866.1.1	13866_GPBP1L1_ChIP1	ChIP	1			SCK	5
THC_0737	pTH13869	NKRF	pTH13869.1.1	13869_NKRF_ChIP1	ChIP	1			SCK	5
THC_0738	pTH13872	PCGF2	pTH13872.1.1	13872_PCGF2_ChIP1	ChIP	1			SCK	5
THC_0739	pTH13874	PHF19	pTH13874.1.2	13874_PHF19_ChIP2	ChIP	2			SCK	5
THC_0740	pTH13876	PREB	pTH13876.1.2	13876_PREB_ChIP2	ChIP	2			SCK	5
THC_0741	pTH13878	PURG	pTH13878.1.2	13878_PURG_ChIP2	ChIP	2			SCK	5
THC_0742	pTH13884	SCMH1	pTH13884.1.2	13884_SCMH1_ChIP2	ChIP	2			SCK	5
THC_0743	pTH13879	RAG1	pTH13879.1.2	13879_RAG1_ChIP2	ChIP	2			SCK	5
THC_0744	pTH16501	CTCF	pTH16501.1.1	16501_CTCF_ChIP1	ChIP	1	positive control sample		SCK	5
THC_0745	pTH13842	TERF1	pTH13842.1.1	13842_TERF1_INPUT1	INPUT	1	negative control sample		SCK	5
THC_0746	pTH13843	TTF1	pTH13843.1.1	13843_TTF1_INPUT1	INPUT	1	negative control sample		SCK	5
THC_0747	pTH13195	EGFP	pTH13195.1.2	13195_EGFP_INPUT2	INPUT	2	negative control sample		SCK	5
THC_0748	pTH13636	PRDM2	pTH13636.1.2	13636_PRDM2_INPUT2	INPUT	2	negative control sample		SCK	5
THC_0749	pTH13845	NFX1	pTH13845.1.1	13845_NFX1_INPUT1	INPUT	1	negative control sample		SCK	5
THC_0750	pTH13851	CENPA	pTH13851.1.1	13851_CENPA_INPUT1	INPUT	1	negative control sample		SCK	5
THC_0751	pTH13856	CHCHD3	pTH13856.1.2	13856_CHCHD3_INPUT2	INPUT	2	negative control sample		SCK	5
THC_0752	pTH13869	NKRF	pTH13869.1.1	13869_NKRF_INPUT1	INPUT	1	negative control sample		SCK	5
THC_0753	pTH13875	PLSCR1	pTH13875.1.1	13875_PLSCR1_INPUT1	INPUT	1	negative control sample		SCK	5
THC_0754	pTH14541	DOT1L	pTH14541.1.1	14541_DOT1L_ChIP1	ChIP	1			SCK	5
THC_0755	pTH14543	CBX2	pTH14543.1.1	14543_CBX2_ChIP1	ChIP	1			SCK	5
THC_0756	pTH14544	AHDC1	pTH14544.1.1	14544_AHDC1_ChIP1	ChIP	1			SCK	5
THC_0757	pTH13610	USF3	pTH13610.1.1	13610_USF3_ChIP1	ChIP	1			SCK	5
THC_0758	pTH13627	FIZ1	pTH13627.1.2	13627_FIZ1_ChIP2	ChIP	2			SCK	5
THC_0759	pTH13629	KAT7	pTH13629.1.2	13629_KAT7_ChIP2	ChIP	2			SCK	5
THC_0760	pTH13632	MYT1	pTH13632.1.2	13632_MYT1_ChIP2	ChIP	2			SCK	5
THC_0761	pTH13645	TSHZ2	pTH13645.1.1	13645_TSHZ2_ChIP1	ChIP	1			SCK	5
THC_0762	pTH13657	ZKSCAN4	pTH13657.1.1	13657_ZKSCAN4_ChIP1	ChIP	1			SCK	5
THC_0763	pTH13679	ZNF292	pTH13679.1.1	13679_ZNF292_ChIP1	ChIP	1			SCK	5
THC_0764	pTH13691	ZNF407	pTH13691.1.2	13691_ZNF407_ChIP2	ChIP	2			SCK	5
THC_0765	pTH13707	ZNF518B	pTH13707.1.1	13707_ZNF518B_ChIP1	ChIP	1			SCK	5
THC_0766	pTH13709	ZNF532	pTH13709.1.1	13709_ZNF532_ChIP1	ChIP	1			SCK	5
THC_0767	pTH13711	ZNF551	pTH13711.1.1	13711_ZNF551_ChIP1	ChIP	1			SCK	5
THC_0768	pTH13713	ZNF569	pTH13713.1.2	13713_ZNF569_ChIP2	ChIP	2			SCK	5
THC_0769	pTH13715	ZNF575	pTH13715.1.2	13715_ZNF575_ChIP2	ChIP	2			SCK	5
THC_0770	pTH13717	ZNF579	pTH13717.1.2	13717_ZNF579_ChIP2	ChIP	2			SCK	5
THC_0771	pTH13719	ZNF592	pTH13719.1.1	13719_ZNF592_ChIP1	ChIP	1			SCK	5
THC_0772	pTH13722	ZNF608	pTH13722.1.1	13722_ZNF608_ChIP1	ChIP	1			SCK	5
THC_0773	pTH13725	ZNF623	pTH13725.1.1	13725_ZNF623_ChIP1	ChIP	1			SCK	5
THC_0774	pTH13727	ZNF639	pTH13727.1.1	13727_ZNF639_ChIP1	ChIP	1			SCK	5
THC_0775	pTH13730	ZNF648	pTH13730.1.1	13730_ZNF648_ChIP1	ChIP	1			SCK	5
THC_0776	pTH13732	ZNF66	pTH13732.1.1	13732_ZNF66_ChIP1	ChIP	1			SCK	5
THC_0777	pTH13734	ZNF668	pTH13734.1.1	13734_ZNF668_ChIP1	ChIP	1			SCK	5
THC_0778	pTH13736	ZNF676	pTH13736.1.1	13736_ZNF676_ChIP1	ChIP	1			SCK	5
THC_0779	pTH13738	ZNF683	pTH13738.1.1	13738_ZNF683_ChIP1	ChIP	1			SCK	5
THC_0780	pTH13740	ZNF688	pTH13740.1.1	13740_ZNF688_ChIP1	ChIP	1			SCK	5
THC_0781	pTH13742	ZNF696	pTH13742.1.1	13742_ZNF696_ChIP1	ChIP	1			SCK	5
THC_0782	pTH13744	ZNF70	pTH13744.1.1	13744_ZNF70_ChIP1	ChIP	1			SCK	5
THC_0783	pTH13747	ZNF705EP	pTH13747.1.2	13747_ZNF705E_ChIP2	ChIP	2			SCK	5
THC_0784	pTH13751	ZNF721	pTH13751.1.2	13751_ZNF721_ChIP2	ChIP	2			SCK	5
THC_0785	pTH13752	ZNF724	pTH13752.1.2	13752_ZNF724_ChIP2	ChIP	2			SCK	5
THC_0786	pTH13754	ZNF728	pTH13754.1.1	13754_ZNF728_ChIP1	ChIP	1			SCK	5
THC_0787	pTH13757	ZNF746	pTH13757.1.1	13757_ZNF746_ChIP1	ChIP	1			SCK	5
THC_0788	pTH13760	ZNF772	pTH13760.1.2	13760_ZNF772_ChIP2	ChIP	2			SCK	5
THC_0789	pTH13762	ZNF775	pTH13762.1.1	13762_ZNF775_ChIP1	ChIP	1			SCK	5
THC_0790	pTH13764	ZNF781	pTH13764.1.1	13764_ZNF781_ChIP1	ChIP	1			SCK	5
THC_0791	pTH13750	ZNF717	pTH13750.1.2	13750_ZNF717_ChIP2	ChIP	2			SCK	5
THC_0792	pTH13765	ZNF88	pTH13765.1.2	13765_ZNF88_ChIP2	ChIP	2			SCK	5
THC_0793	pTH13767	ZNF804A	pTH13767.1.2	13767_ZNF804A_ChIP2	ChIP	2			SCK	5
THC_0794	pTH13771	ZNF83	pTH13771.1.2	13771_ZNF83_ChIP2	ChIP	2			SCK	5
THC_0795	pTH13773	ZNF836	pTH13773.1.2	13773_ZNF836_ChIP2	ChIP	2			SCK	5
THC_0796	pTH13775	ZNF844	pTH13775.1.2	13775_ZNF844_ChIP2	ChIP	2			SCK	5
THC_0797	pTH13777	ZNF850	pTH13777.1.2	13777_ZNF850_ChIP2	ChIP	2			SCK	5
THC_0798	pTH13780	ZNF878	pTH13780.1.2	13780_ZNF878_ChIP2	ChIP	2			SCK	5
THC_0799	pTH13805	TET3	pTH13805.1.1	13805_TET3_ChIP1	ChIP	1			SCK	5
THC_0800	pTH13824	POU5F2	pTH13824.1.2	13824_POU5F2_ChIP2	ChIP	2			SCK	5
THC_0801	pTH13826	HSFX2	pTH13826.1.1	13826_HSFX2_ChIP1	ChIP	1			SCK	5
THC_0802	pTH13828	MBD3	pTH13828.1.1	13828_MBD3_ChIP1	ChIP	1			SCK	5
THC_0803	pTH13830	MBD6	pTH13830.1.1	13830_MBD6_ChIP1	ChIP	1			SCK	5
THC_0804	pTH13832	SETDB2	pTH13832.1.1	13832_SETDB2_ChIP1	ChIP	1			SCK	5
THC_0805	pTH13837	DMTF1	pTH13837.1.2	13837_DMTF1_ChIP2	ChIP	2			SCK	5
THC_0806	pTH13839	MYPOP	pTH13839.1.1	13839_MYPOP_ChIP1	ChIP	1			SCK	5
THC_0807	pTH13842	TERF1	pTH13842.1.2	13842_TERF1_ChIP2	ChIP	2			SCK	5
THC_0808	pTH13844	MYRFL	pTH13844.1.2	13844_MYRFL_ChIP2	ChIP	2			SCK	5
THC_0809	pTH13897	SP100	pTH13897.1.1	13897_SP100_ChIP1	ChIP	1			SCK	5
THC_0810	pTH15549	SOX2	pTH15549.1.2	15549_SOX2_ChIP2	ChIP	2			SCK	5
THC_0811	pTH15551	JUNB	pTH15551.1.2	15551_JUNB_ChIP2	ChIP	2			SCK	5
THC_0812	pTH15553	VDR	pTH15553.1.2	15553_VDR_ChIP2	ChIP	2			SCK	5
THC_0813	pTH15555	RORB	pTH15555.1.2	15555_RORB_ChIP2	ChIP	2			SCK	5
THC_0814	pTH15557	RARA	pTH15557.1.2	15557_RARA_ChIP2	ChIP	2			SCK	5
THC_0815	pTH15559	PAX7	pTH15559.1.2	15559_PAX7_ChIP2	ChIP	2			SCK	5
THC_0816	pTH15562	MAX	pTH15562.1.2	15562_MAX_ChIP2	ChIP	2			SCK	5
THC_0817	pTH15564	MYF6	pTH15564.1.1	15564_MYF6_ChIP1	ChIP	1			SCK	5
THC_0818	pTH15566	LEF1	pTH15566.1.2	15566_LEF1_ChIP2	ChIP	2			SCK	5
THC_0819	pTH14549	MGA	pTH14549.1.1	14549_MGA_ChIP1	ChIP	1			SCK	5
THC_0820	pTH13905	THAP4	pTH13905.1.2	13905_THAP4_ChIP2	ChIP	2			SCK	5
THC_0821	pTH13907	THAP6	pTH13907.1.2	13907_THAP6_ChIP2	ChIP	2			SCK	5
THC_0822	pTH13909	THAP8	pTH13909.1.2	13909_THAP8_ChIP2	ChIP	2			SCK	5
THC_0823	pTH13847	AEBP1	pTH13847.1.1	13847_AEBP1_ChIP1	ChIP	1			SCK	5
THC_0824	pTH13850	CC2D1A	pTH13850.1.1	13850_CC2D1A_ChIP1	ChIP	1			SCK	5
THC_0825	pTH13852	CENPS	pTH13852.1.2	13852_CENPS_ChIP2	ChIP	2			SCK	5
THC_0826	pTH13854	CENPX	pTH13854.1.2	13854_CENPX_ChIP2	ChIP	2			SCK	5
THC_0827	pTH13857	CSRNP1	pTH13857.1.2	13857_CSRNP1_ChIP2	ChIP	2			SCK	5
THC_0828	pTH13859	CSRNP3	pTH13859.1.2	13859_CSRNP3_ChIP2	ChIP	2			SCK	5
THC_0829	pTH13861	DACH2	pTH13861.1.2	13861_DACH2_ChIP2	ChIP	2			SCK	5
THC_0830	pTH13863	DRAP1	pTH13863.1.2	13863_DRAP1_ChIP2	ChIP	2			SCK	5
THC_0831	pTH15832	YY1	pTH15832.1.1	15832_YY1_ChIP1	ChIP	1	positive control sample		SCK	5
THC_0832	pTH13867	KCNIP3	pTH13867.1.2	13867_KCNIP3_ChIP2	ChIP	2			SCK	5
THC_0833	pTH13871	PA2G4	pTH13871.1.2	13871_PA2G4_ChIP2	ChIP	2			SCK	5
THC_0834	pTH13873	PCGF6	pTH13873.1.2	13873_PCGF6_ChIP2	ChIP	2			SCK	5
THC_0835	pTH13875	PLSCR1	pTH13875.1.2	13875_PLSCR1_ChIP2	ChIP	2			SCK	5
THC_0836	pTH13877	PURB	pTH13877.1.1	13877_PURB_ChIP1	ChIP	1			SCK	5
THC_0837	pTH13880	RBCK1	pTH13880.1.2	13880_RBCK1_ChIP2	ChIP	2			SCK	5
THC_0838	pTH13886	SKIL	pTH13886.1.1	13886_SKIL_ChIP1	ChIP	1			SCK	5
THC_0839	pTH13885	SKI	pTH13885.1.1	13885_SKI_ChIP1	ChIP	1			SCK	5
THC_0840	pTH13884	SCMH1	pTH13884.1.2	13884_SCMH1_INPUT2	INPUT	2	negative control sample		SCK	5
THC_0841	pTH15549	SOX2	pTH15549.1.2	15549_SOX2_INPUT2	INPUT	2	negative control sample		SCK	5
THC_0842	pTH15553	VDR	pTH15553.1.1	15553_VDR_INPUT1	INPUT	1	negative control sample		SCK	5
THC_0843	pTH15564	MYF6	pTH15564.1.1	15564_MYF6_INPUT1	INPUT	1	negative control sample		SCK	5
THC_0844	pTH15566	LEF1	pTH15566.1.2	15566_LEF1_INPUT2	INPUT	2	negative control sample		SCK	5
THC_0845	pTH16502	EGFP_OLD	pTH16502.1.2	16502_EGFP_INPUT2	INPUT	2	negative control sample		SCK	5
THC_0846	pTH13879	RAG1	pTH13879.1.1	13879_RAG1_INPUT1	INPUT	1	negative control sample		SCK	5
THC_0847	pTH13642	SALL3	pTH13642.1.1	13642_SALL3_2020_INPUT1	INPUT	1	negative control sample		SCK	5
THC_0848	pTH16501	CTCF	pTH16501.1.1	16501_CTCF_2020_INPUT1	INPUT	1	negative control sample		SCK	5
THC_0849	pTH13641	RLF	pTH13641.1.1	13641_RLF_2020_INPUT1	INPUT	1	negative control sample		SCK	5
THC_0850	pTH13781	ZNF888	pTH13781.1.1	pTH13781_ZNF888_ChIP1	ChIP	1			SCK	5
THC_0851	pTH13790	ZXDB	pTH13790.1.1	pTH13790_ZXDB_ChIP1	ChIP	1			SCK	5
THC_0852	pTH13781	ZNF888	pTH13781.1.2	pTH13781_ZNF888_ChIP2	ChIP	2			SCK	5
THC_0853	pTH13790	ZXDB	pTH13790.1.2	pTH13790_ZXDB_ChIP2	ChIP	2			SCK	5
THC_0854	pTH13783	ZNF92	pTH13783.1.1	pTH13783_ZNF92_ChIP1	ChIP	1			SCK	5
THC_0855	pTH13783	ZNF92	pTH13783.1.2	pTH13783_ZNF92_ChIP2	ChIP	2			SCK	5
THC_0856	pTH13833	MBD1	pTH13833.1.1	pTH13833_MBD1_ChIP1	ChIP	1			SCK	5
THC_0857	pTH13836	MTERF4	pTH13836.1.1	pTH13836_MTERF4_ChIP1	ChIP	1			SCK	5
THC_0858	pTH13833	MBD1	pTH13833.1.1	pTH13833_MBD1_ChIP1	ChIP	1			SCK	5
THC_0859	pTH13836	MTERF4	pTH13836.1.2	pTH13836_MTERF4_ChIP2	ChIP	2			SCK	5
THC_0860	pTH14548	BAZ2A	pTH14548.1.2	pTH14548_BAZ2A_ChIP2	ChIP	2			SCK	5
THC_0861	pTH13834	MTERF2	pTH13834.1.1	pTH13834_MTERF2_ChIP1	ChIP	1			SCK	5
THC_0862	pTH14548	BAZ2A	pTH14548.1.1	pTH14548_BAZ2A_ChIP1	ChIP	1			SCK	5
THC_0863	pTH13834	MTERF2	pTH13834.1.2	pTH13834_MTERF2_ChIP2	ChIP	2			SCK	5
THC_0864	pTH15570	GABPA	pTH15570.1.1	pTH15570_GABPA_ChIP1	ChIP	1	smile seq insert		SCK	5
THC_0865	pTH15572	CTCF	pTH15572.1.1	pTH15572_CTCF_ChIP1	ChIP	1	positive control sample- smile seq insert		SCK	5
THC_0866	pTH15570	GABPA	pTH15570.1.2	pTH15570_GABPA_ChIP2	ChIP	2	smile seq insert		SCK	5
THC_0867	pTH15572	CTCF	pTH15572.1.2	pTH15572_CTCF_ChIP2	ChIP	2	positive control sample- smile seq insert		SCK	5
THC_0868	pTH15568	FLI1	pTH15568.1.1	pTH15568_FLI1_ChIP1	ChIP	1	smile seq insert		SCK	5
THC_0869	pTH15571	JUN	pTH15571.1.2	pTH15571_cJUN_ChIP2	ChIP	2	smile seq insert		SCK	5
THC_0870	pTH15568	FLI1	pTH15568.1.2	pTH15568_FLI1_ChIP2	ChIP	2	smile seq insert		SCK	5
THC_0871	pTH15571	JUN	pTH15571.1.1	pTH15571_cJUN_ChIP1	ChIP	1	smile seq insert		SCK	5
THC_0872	pTH13745	ZNF700	pTH13745.1.2	pTH13745_ZNF700_ChIP2	ChIP	2			SCK	5
THC_0873	pTH13745	ZNF700	pTH13745.1.3	pTH13745_ZNF700_ChIP3	ChIP	3	repeated sample from batch 4		SCK	5
THC_0874	pTH16502	EGFP_Old	pTH16502.1.2	pTH16502_GFP_ChIP2	ChIP	2	negative control sample		SCK	5
THC_0875	pTH13195	EGFP	pTH13195.1.1	pTH13195_GFP_ChIP1	ChIP	1	negative control sample		SCK	5
THC_0876	pTH13710	ZNF536	pTH13710.1.1	pTH13710_ZNF536_ChIP1	ChIP	1			SCK	5
THC_0877	pTH13865	GPBP1	pTH13865.1.1	pTH13865_GPBP1_ChIP1	ChIP	1			SCK	5
THC_0878	pTH15832	YY1	pTH15832.1.2	pTH15832_YY1_ChIP2	ChIP	2	Positive control sample		SCK	5
THC_0879	pTH16502	EGFP_Old	pTH16502.1.1	pTH16502_EGFP_old_Input1	ChIP	1	negative control sample		SCK	5
THC_0880	pTH13672	ZNF233	pTH13672.1.3	pTH13672_ZNF233_ChIP3	ChIP	3	repeated sample from batch 4		SCK	5
THC_0881	pTH13684	ZNF358	pTH13684.1.3	pTH13684_ZNF358_ChIP3	ChIP	3	repeated sample from batch 4		SCK	5
THC_0882	pTH13695	ZNF469	pTH13695.1.1	pTH13695_ZNF469_ChIP1	ChIP	1			SCK	5
THC_0883	pTH13695	ZNF469	pTH13695.1.2	pTH13695_ZNF469_ChIP2	ChIP	2			SCK	5
THC_0884	pTH13697	ZNF471	pTH13697.1.3	pTH13697_ZNF471_ChIP3	ChIP	3	repeated sample from batch 4		SCK	5
THC_0885	pTH13786	ZSCAN2	pTH13786.1.3	pTH13786_ZSCAN2_ChIP3	ChIP	3	repeated sample from batch 2		SCK	5
THC_0886	pTH13598	FAM200B	pTH13598.1.1	pTH13598_FAM200B_ChIP1	ChIP	1			SCK	5
THC_0887	pTH13598	FAM200B	pTH13598.1.2	pTH13598_FAM200B_ChIP2	ChIP	2			SCK	5
THC_0888	pTH13666	ZNF207	pTH13666.1.3	pTH13666_ZNF207_ChIP3	ChIP	3	repeated sample from batch 3		SCK	5
THC_0889	pTH13671	ZNF230	pTH13671.1.3	pTH13671_ZNF230_ChIP3	ChIP	3	repeated sample from batch 4		SCK	5
THC_0890	pTH13673	ZNF234	pTH13673.1.3	pTH13673_ZNF234_ChIP3	ChIP	3	repeated sample from batch 4		SCK	5
THC_0891	pTH13700	ZNF493	pTH13700.1.3	pTH13700_ZNF493_ChIP3	ChIP	3	repeated sample from batch 4		SCK	5
THC_0892	pTH13598	FAM200B	pTH13598.1.2	pTH13598_FAM200B_Input2	INPUT	2	negative control sample		SCK	5
THC_0893	pTH13695	ZNF469	pTH13695.1.1	pTH13695_ZNF469_Input1	INPUT	1	negative control sample		SCK	5
THC_0894	pTH13667	ZNF226	pTH13667.1.1	pTH13667_ZNF226_ChIP1	ChIP	1			SCK	5
THC_0895	pTH13677	ZNF280D	pTH13677.1.1	pTH13677_ZNF280D_ChIP1	ChIP	1			SCK	5
THC_0896	pTH13865	GPBP1	pTH13865.1.3	pTH13865_GPBP1_ChIP3	ChIP	3			SCK	5
THC_0897	pTH13710	ZNF536	pTH13710.1.3	pTH13710_ZNF536_ChIP3	ChIP	3			SCK	5
THC_0898	pTH13678	ZNF286B	pTH13678.1.1	pTH13678_ZNF286B_ChIP1	ChIP	1			SCK	5
THC_0899	pTH13678	ZNF286B	pTH13678.1.2	pTH13678_ZNF286B_ChIP2	ChIP	2			SCK	5
THC_0900	pTH13678	ZNF286B	pTH13678.1.1	pTH13678_ZNF286B_Input1	INPUT	1	negative control sample		SCK	5
THC_0901	pTH13662	ZNF14	pTH13662.1.3	pTH13662_ZNF14_ChIP3	ChIP	3	repeated sample from batch 4		SCK	5
THC_0902	pTH13600	ZBED2	pTH13600.1.3	pTH13600_ZBED2_ChIP3	ChIP	3	repeated sample from batch 2		SCK	5
THC_0903	pTH13784	ZSCAN12	pTH13784.1.3	pTH13784_ZSCAN12_ChIP3	ChIP	3	repeated sample from batch 2		SCK	5
THC_0904	pTH13637	PRDM5	pTH13637.1.3	pTH13637_PRDM5_ChIP3	ChIP	3	repeated sample from batch 4		SCK	5
THC_0905	pTH13721	ZNF606	pTH13721.1.3	pTH13721_ZNF606_ChIP3	ChIP	3	repeated sample from batch 3		SCK	5
THC_0906	pTH13694	ZNF446	pTH13694.1.3	pTH13694_ZNF446_ChIP3	ChIP	3	repeated sample from batch 3		SCK	5
THC_0907	pTH13791	ZXDC	pTH13791.1.3	pTH13791_ZXDC_ChIP3	ChIP	3	repeated sample from batch 4		SCK	5
THC_0908	pTH13683	ZNF347	pTH13683.1.3	pTH13683_ZNF347_ChIP3	ChIP	3	repeated sample from batch 4		SCK	5
THC_0909	pTH13758	ZNF750	pTH13758.1.3	pTH13758_ZNF750_ChIP3	ChIP	3	repeated sample from batch 3		SCK	5
THC_0910	pTH13685	ZNF382	pTH13685.1.3	pTH13685_ZNF382_ChIP3	ChIP	3	repeated sample from batch 4		SCK	5
THC_0911	pTH13789	ZXDA	pTH13789.1.3	pTH13789_ZXDA_ChIP3	ChIP	3	repeated sample from batch 4		SCK	5
THC_0912	pTH13618	ANKZF1	pTH13618.1.3	pTH13618_ANKZF1_ChIP3	ChIP	3	repeated sample from batch 2		SCK	5
THC_0913	pTH13600	ZBED2	pTH13600.1.3	pTH13600_ZBED2_Input3	INPUT	3	negative control sample		SCK	5
THC_0914	pTH13758	ZNF750	pTH13758.1.3	pTH13758_ZNF750_Input3	INPUT	3	negative control sample		SCK	5
THC_0915	pTH13637	PRDM5	pTH13637.1.3	pTH13637_PRDM5_Input3	INPUT	3	negative control sample		SCK	5
THC_0916	pTH13685	ZNF382	pTH13685.1.3	pTH13685_ZNF382_Input3	INPUT	3	negative control sample		SCK	5
