TF gene name (HGNC symbol)	Ensembl ID (from HumanTFs)	Interpro IDs (from HumanTFs)	EntrezGene ID (from HumanTFs)	EntrezGene Description (from HumanTFs)	DBD(s) (from HumanTFs)		Present in PBM sheet	Present in HT-SELEX sheet	Present in AffiSeq sheet	Present in SMiLE-seq sheet	Present in ChIP-seq sheet
AC008770.3	ENSG00000267179	IPR001909;IPR007087;IPR015880	None	CTD-2006C1.13	C2H2 ZF		#N/A	#N/A	#N/A		#N/A
AC092835.1	ENSG00000233757	None	None	AC092835.1	C2H2 ZF		#N/A	#N/A	#N/A		#N/A
ADNP	ENSG00000101126	IPR001356;IPR007087;IPR009057;IPR015880	23394	activity dependent neuroprotector homeobox [Source:HGNC Symbol;Acc:HGNC:15766]	Homeodomain		ADNP	#N/A	#N/A		#N/A
ADNP2	ENSG00000101544	IPR001356;IPR007087;IPR009057;IPR015880	22850	ADNP homeobox 2 [Source:HGNC Symbol;Acc:HGNC:23803]	Homeodomain		ADNP2	#N/A	#N/A		ADNP2
AEBP1	ENSG00000106624	IPR000421;IPR000834;IPR008969;IPR008979	100616346	AE binding protein 1 [Source:HGNC Symbol;Acc:HGNC:303]	Unknown		AEBP1	#N/A	#N/A		#N/A
AHCTF1	ENSG00000153207	IPR011047;IPR025151	25909	AT-hook containing transcription factor 1 [Source:HGNC Symbol;Acc:HGNC:24618] 	AT hook		AHCTF1	AHCTF1	AHCTF1		AHCTF1
AHDC1	ENSG00000126705	None	27245	AT-hook DNA binding motif containing 1 [Source:HGNC Symbol;Acc:HGNC:25230]	AT hook		#N/A	#N/A	#N/A		#N/A
AKAP8	ENSG00000105127	IPR007071;	10270	A-kinase anchoring protein 8 [Source:HGNC Symbol;Acc:HGNC:378]	C2H2 ZF		AKAP8	#N/A	#N/A		AKAP8
AKAP8L	ENSG00000011243	IPR007071;	26993	A-kinase anchoring protein 8 like [Source:HGNC Symbol;Acc:HGNC:29857]	C2H2 ZF		AKAP8L	AKAP8L	AKAP8L		AKAP8L
AKNA	ENSG00000106948	IPR022150;	80709	AT-hook transcription factor [Source:HGNC Symbol;Acc:HGNC:24108]	AT hook		AKNA	#N/A	#N/A		AKNA
ANKZF1	ENSG00000163516	IPR002110;IPR007087;IPR020683;	55139	ankyrin repeat and zinc finger domain containing 1 [Source:HGNC Symbol;Acc:HGNC:25527]	C2H2 ZF		ANKZF1	#N/A	#N/A		ANKZF1
ARHGAP35	ENSG00000160007	IPR000198;IPR001806;IPR002713;IPR008936;IPR027417;	2909	Rho GTPase activating protein 35 [Source:HGNC Symbol;Acc:HGNC:4591]	Unknown		ARHGAP35	#N/A	#N/A		ARHGAP35
ARID2	ENSG00000189079	IPR001606;IPR003150;IPR007087;IPR016024	196528	AT-rich interaction domain 2 [Source:HGNC Symbol;Acc:HGNC:18037]	ARID/BRIGHT; RFX		ARID2	#N/A	#N/A		ARID2
ATMIN	ENSG00000166454	IPR007087;IPR015880	23300	ATM interactor [Source:HGNC Symbol;Acc:HGNC:29034]	C2H2 ZF		ATMIN	#N/A	#N/A		ATMIN
BATF2	ENSG00000168062	IPR004827;	116071	basic leucine zipper ATF-like transcription factor 2 [Source:HGNC Symbol;Acc:HGNC:25163]	bZIP		BATF2	#N/A	#N/A		BATF2
BAZ2A	ENSG00000076108	IPR001487;IPR001739;IPR001965;IPR004022;IPR011011;IPR016177;IPR017956;IPR018359;IPR018500;IPR018501;IPR019787;	11176	bromodomain adjacent to zinc finger domain 2A [Source:HGNC Symbol;Acc:HGNC:962]	MBD; AT hook		#N/A	#N/A	#N/A		#N/A
BAZ2B	ENSG00000123636	IPR001487;IPR001739;IPR001965;IPR004022;IPR011011;IPR016177;IPR018359;IPR018500;IPR018501;IPR019787	29994	bromodomain adjacent to zinc finger domain 2B [Source:HGNC Symbol;Acc:HGNC:963]	MBD		#N/A	#N/A	#N/A		#N/A
BHLHA9	ENSG00000205899	IPR011598;	727857	basic helix-loop-helix family member a9 [Source:HGNC Symbol;Acc:HGNC:35126]	bHLH		BHLHA9	#N/A	#N/A		BHLHA9
BRF2	ENSG00000104221	None	None	BRF2, RNA polymerase III transcription initiation factor 50 kDa subunit 	Unknown		BRF2	#N/A	#N/A		#N/A
C11orf95	ENSG00000188070	IPR015880;	65998	chromosome 11 open reading frame 95 [Source:HGNC Symbol;Acc:HGNC:28449]	BED ZF		C11orf95	C11orf95	#N/A		C11orf95
CAMTA1	ENSG00000171735	IPR000048;IPR002110;IPR002909;IPR005559;IPR014756;IPR020683;IPR027417;	23261	calmodulin binding transcription activator 1 [Source:HGNC Symbol;Acc:HGNC:18806]	CG-1		CAMTA1	#N/A	#N/A		CAMTA1
CAMTA2	ENSG00000108509	IPR000048;IPR002909;IPR005559;IPR014756;IPR020683;IPR027417	23125	calmodulin binding transcription activator 2 [Source:HGNC Symbol;Acc:HGNC:18807]	CG-1		CAMTA2	#N/A	#N/A		CAMTA2
CASZ1	ENSG00000130940	IPR007087;IPR015880	54897	castor zinc finger 1 [Source:HGNC Symbol;Acc:HGNC:26002]	C2H2 ZF		#N/A	#N/A	#N/A		#N/A
CBX2	ENSG00000173894	IPR000953;IPR016197;IPR017984;IPR023779;IPR023780;	84733	chromobox 2 [Source:HGNC Symbol;Acc:HGNC:1552]	AT hook		#N/A	#N/A	#N/A		#N/A
CC2D1A	ENSG00000132024	IPR000008;IPR006608	54862	coiled-coil and C2 domain containing 1A [Source:HGNC Symbol;Acc:HGNC:30237]	Unknown		#N/A	#N/A	#N/A		#N/A
CCDC17	ENSG00000159588	None	149483	coiled-coil domain containing 17 [Source:HGNC Symbol;Acc:HGNC:26574]	C2H2 ZF		CCDC17	#N/A	#N/A		#N/A
CENPA	ENSG00000115163	None	None	centromere protein A 	Unknown		CENPA	#N/A	#N/A		#N/A
CENPS	ENSG00000175279	None	None	centromere protein S	Unknown		CENPS	#N/A	#N/A		#N/A
CENPT	ENSG00000102901	IPR009072;	80152	centromere protein T [Source:HGNC Symbol;Acc:HGNC:25787]	Unknown		CENPT	#N/A	#N/A		#N/A
CENPX	ENSG00000169689	None	None	Centromere protein X 	Unknown		CENPX	#N/A	#N/A		#N/A
CGGBP1	ENSG00000163320	IPR033375	8545	CGG triplet repeat binding protein 1 [Source:HGNC Symbol;Acc:HGNC:1888];CGG triplet repeat-binding p	Unknown		CGGBP1	CGGBP1	#N/A		#N/A
CHAMP1	ENSG00000198824	IPR007087;IPR015880	283489	chromosome alignment maintaining phosphoprotein 1 [Source:HGNC Symbol;Acc:HGNC:20311]	C2H2 ZF		CHAMP1	CHAMP1	CHAMP1		CHAMP1
CHCHD3	ENSG00000106554	IPR007964	54927	coiled-coil-helix-coiled-coil-helix domain containing 3 [Source:HGNC Symbol;Acc:HGNC:21906];MICOS co	Unknown		CHCHD3	#N/A	#N/A		#N/A
JUN	ENSG00000177606	IPR002112;IPR004827;IPR005643;IPR008917	3725	Jun proto-oncogene, AP-1 transcription factor subunit [Source:HGNC Symbol;Acc:HGNC:6204]	bZIP		#N/A	#N/A	#N/A		#N/A
CPXCR1	ENSG00000147183	IPR007087;	53336	CPX chromosome region, candidate 1 [Source:HGNC Symbol;Acc:HGNC:2332]	C2H2 ZF		CPXCR1	#N/A	#N/A		CPXCR1
CREB3L3	ENSG00000060566	IPR004827;	84699	cAMP responsive element binding protein 3 like 3 [Source:HGNC Symbol;Acc:HGNC:18855]	bZIP		CREB3L3	CREB3L3	CREB3L3		#N/A
CSRNP1	ENSG00000144655	IPR023260	64651	cysteine and serine rich nuclear protein 1 [Source:HGNC Symbol;Acc:HGNC:14300]	Unknown		CSRNP1	#N/A	#N/A		#N/A
CSRNP2	ENSG00000110925	IPR023260	81566	cysteine and serine rich nuclear protein 2 [Source:HGNC Symbol;Acc:HGNC:16006]	Unknown		CSRNP2	#N/A	#N/A		#N/A
CSRNP3	ENSG00000178662	IPR023260	80034	cysteine and serine rich nuclear protein 3 [Source:HGNC Symbol;Acc:HGNC:30729]	Unknown		CSRNP3	#N/A	#N/A		#N/A
CTCF	ENSG00000102974	IPR007087;IPR015880	10664	CCCTC-binding factor [Source:HGNC Symbol;Acc:HGNC:13723]	C2H2 ZF		CTCF	#N/A	#N/A		CTCF
CXXC4	ENSG00000168772	IPR002857;	80319	CXXC finger protein 4 [Source:HGNC Symbol;Acc:HGNC:24593] 	CxxC		CXXC4	CXXC4	CXXC4		CXXC4
DACH1	ENSG00000276644	IPR003380;IPR009061	1602	Dachshund family transcription factor 1 [Source:HGNC Symbol;Acc:HGNC:2663]	Unknown		DACH1	#N/A	#N/A		#N/A
DACH2	ENSG00000126733	IPR003380;IPR009061	117154	Dachshund family transcription factor 2 [Source:HGNC Symbol;Acc:HGNC:16814]	Unknown		DACH2	#N/A	#N/A		#N/A
DMRTB1	ENSG00000143006	IPR001275;	63948	DMRT like family B with proline rich C-terminal 1 [Source:HGNC Symbol;Acc:HGNC:13913]	DM		DMRTB1	DMRTB1	DMRTB1		#N/A
DMTF1	ENSG00000135164	IPR001005;IPR009057;IPR017877;IPR017930	9988	cyclin D binding myb like transcription factor 1 [Source:HGNC Symbol;Acc:HGNC:14603]	Myb/SANT		DMTF1	DMTF1	DMTF1		#N/A
DNTTIP1	ENSG00000101457	None	116092	deoxynucleotidyltransferase, terminal, interacting protein 1 [Source:HGNC Symbol;Acc:HGNC:16160]	AT hook		DNTTIP1	#N/A	#N/A		DNTTIP1
DOT1L	ENSG00000104885	IPR013110;IPR021169;IPR025789;IPR029063	84444	DOT1 like histone lysine methyltransferase [Source:HGNC Symbol;Acc:HGNC:24948]	AT hook		#N/A	#N/A	#N/A		#N/A
DR1	ENSG00000117505	IPR003958;IPR009072	1810	down-regulator of transcription 1 [Source:HGNC Symbol;Acc:HGNC:3017]	Unknown		DR1	#N/A	#N/A		#N/A
DRAP1	ENSG00000175550	IPR003958;IPR009072	10589	DR1 associated protein 1 [Source:HGNC Symbol;Acc:HGNC:3019]	Unknown		DRAP1	#N/A	#N/A		#N/A
DZIP1	ENSG00000134874	IPR007087;IPR015880	22873	DAZ interacting zinc finger protein 1 [Source:HGNC Symbol;Acc:HGNC:20908]	C2H2 ZF		DZIP1	#N/A	#N/A		DZIP1
EEA1	ENSG00000102189	IPR000306;IPR007087;IPR011011;IPR017455	8411	early endosome antigen 1 [Source:HGNC Symbol;Acc:HGNC:3185]	C2H2 ZF		EEA1	#N/A	#N/A		#N/A
ELF3	ENSG00000163435	IPR000418;IPR003118;IPR013761;	1999	E74 like ETS transcription factor 3 [Source:HGNC Symbol;Acc:HGNC:3318]	Ets; AT hook		#N/A	#N/A	#N/A		ELF3
FAM170A	ENSG00000164334	None	340069	family with sequence similarity 170 member A [Source:HGNC Symbol;Acc:HGNC:27963]	C2H2 ZF		#N/A	#N/A	#N/A		#N/A
FAM200B	ENSG00000237765	IPR012337	285550	family with sequence similarity 200 member B [Source:HGNC Symbol;Acc:HGNC:27740]	BED ZF		FAM200B	FAM200B	#N/A		#N/A
FBXL19	ENSG00000099364	IPR001611;IPR001810;IPR001965;IPR002857;IPR006553;IPR011011;IPR019786;IPR019787	54620	F-box and leucine rich repeat protein 19 [Source:HGNC Symbol;Acc:HGNC:25300]	CxxC		FBXL19	FBXL19	FBXL19		FBXL19
FIZ1	ENSG00000179943	IPR007087;IPR015880	84922	FLT3 interacting zinc finger 1 [Source:HGNC Symbol;Acc:HGNC:25917]	C2H2 ZF		#N/A	#N/A	#N/A		#N/A
FLI1	ENSG00000151702	IPR000418;IPR003118;IPR013761;	2313	Fli-1 proto-oncogene, ETS transcription factor [Source:HGNC Symbol;Acc:HGNC:3749]	Ets		FLI1	#N/A	#N/A		#N/A
FLYWCH1	ENSG00000059122	IPR007588;IPR029279	84256	FLYWCH-type zinc finger 1 [Source:HGNC Symbol;Acc:HGNC:25404]	FLYWCH		FLYWCH1	FLYWCH1	FLYWCH1		#N/A
FOSL2	ENSG00000075426	IPR000837;IPR004827	2355	FOS like 2, AP-1 transcription factor subunit [Source:HGNC Symbol;Acc:HGNC:3798]	bZIP		FOSL2	#N/A	#N/A		#N/A
GABPA	ENSG00000154727	IPR000418;IPR003118;IPR013761;IPR016312;IPR024668;IPR029071	2551	GA binding protein transcription factor alpha subunit [Source:HGNC Symbol;Acc:HGNC:4071]	Ets		GABPA	#N/A	#N/A		#N/A
GATAD2A	ENSG00000167491	IPR000679;	54815	GATA zinc finger domain containing 2A [Source:HGNC Symbol;Acc:HGNC:29989]	GATA		GATAD2A	#N/A	#N/A		#N/A
GATAD2B	ENSG00000143614	IPR000679;	57459	GATA zinc finger domain containing 2B [Source:HGNC Symbol;Acc:HGNC:30778]	GATA		GATAD2B	#N/A	#N/A		#N/A
GCM1	ENSG00000137270	IPR003902;	8521	glial cells missing homolog 1 [Source:HGNC Symbol;Acc:HGNC:4197]	GCM		GCM1	#N/A	#N/A		#N/A
GLMP	ENSG00000198715	IPR029382	112770	glycosylated lysosomal membrane protein [Source:HGNC Symbol;Acc:HGNC:29436]	Unknown		GLMP	#N/A	#N/A		#N/A
GLYR1	ENSG00000140632	IPR000313;IPR006115;IPR008927;IPR029154	84656	glyoxylate reductase 1 homolog	AT hook		GLYR1	GLYR1	GLYR1		GLYR1
GPBP1	ENSG00000062194	IPR028128	65056	GC-rich promoter binding protein 1 [Source:HGNC Symbol;Acc:HGNC:29520];Vasculin, Vasculin (also know	Unknown		GPBP1	GPBP1	GPBP1		#N/A
GPBP1L1	ENSG00000159592	IPR028128	60313	GC-rich promoter binding protein 1 like 1 [Source:HGNC Symbol;Acc:HGNC:28843];Vasculin-like protein 	Unknown		GPBP1L1	#N/A	#N/A		#N/A
GRHL3	ENSG00000158055	IPR007604;	57822	grainyhead like transcription factor 3 [Source:HGNC Symbol;Acc:HGNC:25839]	Grainyhead		GRHL3	GRHL3	GRHL3		#N/A
GTF2IRD2	ENSG00000196275	IPR004212;IPR012337	84163	GTF2I repeat domain containing 2 [Source:HGNC Symbol;Acc:HGNC:30775]	GTF2I-like		#N/A	#N/A	#N/A		#N/A
GTF2IRD2B	ENSG00000174428	IPR004212;IPR012337	389524	GTF2I repeat domain containing 2B [Source:HGNC Symbol;Acc:HGNC:33125]	GTF2I-like		GTF2IRD2B	#N/A	#N/A		#N/A
HMG20A	ENSG00000140382	IPR009071;	10363	high mobility group 20A [Source:HGNC Symbol;Acc:HGNC:5001]	HMG/Sox		HMG20A	HMG20A	HMG20A		#N/A
HMGA1	ENSG00000137309	IPR000116;IPR000637;IPR017956;IPR020478	3159	high mobility group AT-hook 1 [Source:HGNC Symbol;Acc:HGNC:5010]	AT hook		#N/A	#N/A	#N/A		#N/A
HMGN3	ENSG00000118418	IPR000079	9324	high mobility group nucleosomal binding domain 3 [Source:HGNC Symbol;Acc:HGNC:12312]	HMG/Sox		HMGN3	#N/A	#N/A		#N/A
HSFX1	ENSG00000171116	IPR000232;	100506164	heat shock transcription factor family, X-linked 1 [Source:HGNC Symbol;Acc:HGNC:29603]	HSF		HSFX1	#N/A	#N/A		#N/A
HSFX2	ENSG00000268738	IPR000232;	100130086	heat shock transcription factor family, X-linked 2 [Source:HGNC Symbol;Acc:HGNC:32701]	HSF		HSFX2	#N/A	#N/A		#N/A
JAZF1	ENSG00000153814	IPR007087;IPR015880	221895	JAZF zinc finger 1 [Source:HGNC Symbol;Acc:HGNC:28917]	C2H2 ZF		#N/A	#N/A	#N/A		#N/A
JRK	ENSG00000234616	IPR004875;IPR006600;IPR007889;IPR009057	8629	Jrk helix-turn-helix protein [Source:HGNC Symbol;Acc:HGNC:6199]	CENPB		JRK	JRK	JRK		JRK
JUNB	ENSG00000171223	IPR002112;IPR004827;IPR005643;IPR008917	3726	JunB proto-oncogene, AP-1 transcription factor subunit [Source:HGNC Symbol;Acc:HGNC:6205]	bZIP		JUNB	#N/A	#N/A		#N/A
KAT7	ENSG00000136504	IPR002515;IPR002717;IPR016181;	11143	lysine acetyltransferase 7 [Source:HGNC Symbol;Acc:HGNC:17016]	C2H2 ZF		#N/A	#N/A	#N/A		#N/A
KCNIP3	ENSG00000115041	IPR002048;IPR011992;IPR018247	30818	potassium voltage-gated channel interacting protein 3 [Source:HGNC Symbol;Acc:HGNC:15523]	Unknown		KCNIP3	#N/A	#N/A		#N/A
KDM2A	ENSG00000173120	IPR001810;IPR001965;IPR002857;IPR003347;IPR006553;IPR011011;IPR019786;IPR019787	22992	lysine demethylase 2A [Source:HGNC Symbol;Acc:HGNC:13606]	CxxC		KDM2A	KDM2A	KDM2A		#N/A
KDM5B	ENSG00000117139	IPR001606;IPR001965;IPR003347;IPR003349;IPR004198;IPR011011;IPR013637;IPR019786;IPR019787;	10765	lysine demethylase 5B [Source:HGNC Symbol;Acc:HGNC:18039]	ARID/BRIGHT		KDM5B	#N/A	#N/A		KDM5B
KIN	ENSG00000151657	IPR019447;	22944	Kin17 DNA and RNA binding protein [Source:HGNC Symbol;Acc:HGNC:6327]	C2H2 ZF		#N/A	#N/A	#N/A		KIN
L3MBTL4	ENSG00000154655	IPR001660;IPR002515;IPR004092;IPR013761;IPR021129;	91133	l(3)mbt-like 4 (Drosophila) [Source:HGNC Symbol;Acc:HGNC:26677]	C2H2 ZF		#N/A	#N/A	#N/A		#N/A
LEF1	ENSG00000138795	IPR009071;IPR013558	51176	lymphoid enhancer binding factor 1 [Source:HGNC Symbol;Acc:HGNC:6551]	HMG/Sox		LEF1	#N/A	#N/A		#N/A
LEUTX	ENSG00000213921	IPR001356;IPR009057;IPR017970;	342900	leucine twenty homeobox [Source:HGNC Symbol;Acc:HGNC:31953]	Homeodomain		LEUTX	LEUTX	LEUTX		#N/A
LHX6	ENSG00000106852	IPR001356;IPR001781;IPR009057;IPR017970	26468	LIM homeobox 6 [Source:HGNC Symbol;Acc:HGNC:21735]	Homeodomain		LHX6	#N/A	#N/A		#N/A
MAX	ENSG00000125952	IPR011598;	4149	MYC associated factor X [Source:HGNC Symbol;Acc:HGNC:6913]	bHLH		MAX	#N/A	#N/A		#N/A
MBD1	ENSG00000141644	IPR001739;IPR002857;IPR016177;	4152	methyl-CpG binding domain protein 1 [Source:HGNC Symbol;Acc:HGNC:6916]	MBD; CxxC ZF		MBD1	MBD1	MBD1		#N/A
MBD3	ENSG00000071655	IPR001739;IPR016177;IPR025884;	53615	methyl-CpG binding domain protein 3 [Source:HGNC Symbol;Acc:HGNC:6918]	MBD		MBD3	#N/A	#N/A		#N/A
MBD4	ENSG00000129071	IPR001739;IPR003265;IPR011257;IPR016177;IPR017352;	8930	methyl-CpG binding domain 4, DNA glycosylase [Source:HGNC Symbol;Acc:HGNC:6919]	MBD		MBD4	#N/A	#N/A		#N/A
MBD6	ENSG00000166987	IPR001739;IPR016177	114785	methyl-CpG binding domain protein 6 [Source:HGNC Symbol;Acc:HGNC:20445]	MBD		MBD6	#N/A	#N/A		#N/A
MBNL2	ENSG00000139793	IPR000571;	10150	muscleblind like splicing regulator 2 [Source:HGNC Symbol;Acc:HGNC:16746]	CCCH ZF		MBNL2	MBNL2	MBNL2		#N/A
MGA	ENSG00000174197	IPR001699;IPR008967;IPR011598;IPR018186	23269	MGA, MAX dimerization protein [Source:HGNC Symbol;Acc:HGNC:14010]	T-box		#N/A	#N/A	#N/A		#N/A
MKX	ENSG00000150051	IPR001356;IPR008422;IPR009057;IPR017970	283078	mohawk homeobox [Source:HGNC Symbol;Acc:HGNC:23729]	Homeodomain		MKX	MKX	MKX		#N/A
MSANTD1	ENSG00000188981	None	345222	Myb/SANT DNA binding domain containing 1 [Source:HGNC Symbol;Acc:HGNC:33741]	MADF		MSANTD1	MSANTD1	MSANTD1		#N/A
MSANTD4	ENSG00000170903	IPR028002	84437	Myb/SANT DNA binding domain containing 4 with coiled-coils [Source:HGNC Symbol;Acc:HGNC:29383]	Myb/SANT		MSANTD4	MSANTD4	MSANTD4		#N/A
MTERF2	ENSG00000120832	IPR003690;	80298	mitochondrial transcription termination factor 2 [Source:HGNC Symbol;Acc:HGNC:30779]	mTERF		MTERF2	#N/A	#N/A		#N/A
MTERF3	ENSG00000156469	IPR003690;	51001	mitochondrial transcription termination factor 3 [Source:HGNC Symbol;Acc:HGNC:24258]	mTERF		MTERF3	#N/A	#N/A		#N/A
MTERF4	ENSG00000122085	IPR003690;IPR016024	130916	mitochondrial transcription termination factor 4 [Source:HGNC Symbol;Acc:HGNC:28785]	mTERF		MTERF4	#N/A	#N/A		#N/A
MYF6	ENSG00000111046	IPR002546;IPR011598	4618	myogenic factor 6 [Source:HGNC Symbol;Acc:HGNC:7566]	bHLH		MYF6	#N/A	#N/A		#N/A
MYPOP	ENSG00000176182	IPR001005;IPR017877;IPR028002;	339344	Myb-related transcription factor, partner of profilin [Source:HGNC Symbol;Acc:HGNC:20178]	Myb/SANT		MYPOP	MYPOP	MYPOP		#N/A
MYRFL	ENSG00000166268	IPR008967;IPR024061;IPR025719;IPR026932;IPR030392;	196446	myelin regulatory factor-like [Source:HGNC Symbol;Acc:HGNC:26316]	Ndt80/PhoG		MYRFL	#N/A	#N/A		#N/A
MYSM1	ENSG00000162601	IPR000555;IPR001005;IPR007526;IPR009057;IPR017884;	114803	Myb like, SWIRM and MPN domains 1 [Source:HGNC Symbol;Acc:HGNC:29401]	Myb/SANT		MYSM1	#N/A	#N/A		#N/A
MYT1	ENSG00000196132	IPR002515;IPR013681	4661	myelin transcription factor 1 [Source:HGNC Symbol;Acc:HGNC:7622]	C2H2 ZF		#N/A	#N/A	#N/A		#N/A
NACC2	ENSG00000148411	IPR000210;IPR011333;IPR013069;IPR018379	138151	NACC family member 2 [Source:HGNC Symbol;Acc:HGNC:23846];Nucleus accumbens-associated protein 2	Unknown		NACC2	NACC2	NACC2		NACC2
NANOGNB	ENSG00000205857	IPR001356;IPR009057	360030	NANOG neighbor homeobox [Source:HGNC Symbol;Acc:HGNC:24958]	Homeodomain		NANOGNB	#N/A	#N/A		#N/A
NCOA1	ENSG00000084676	IPR000014;IPR009110;IPR010011;IPR011598;IPR013767;IPR014920;IPR014935;IPR017426	8648	nuclear receptor coactivator 1 [Source:HGNC Symbol;Acc:HGNC:7668]	bHLH		NCOA1	#N/A	#N/A		NCOA1
NCOA2	ENSG00000140396	IPR000014;IPR009110;IPR010011;IPR011598;IPR013767;IPR014920;IPR014935;IPR017426	10499	nuclear receptor coactivator 2 [Source:HGNC Symbol;Acc:HGNC:7669]	bHLH		NCOA2	#N/A	#N/A		NCOA2
NCOA3	ENSG00000124151	IPR000014;IPR009110;IPR010011;IPR011598;IPR013767;IPR014920;IPR014935;IPR017426	8202	nuclear receptor coactivator 3 [Source:HGNC Symbol;Acc:HGNC:7670]	bHLH		NCOA3	#N/A	#N/A		#N/A
NFKB1	ENSG00000109320	IPR000451;IPR000488;IPR002110;IPR002909;IPR008967;IPR011029;IPR011539;IPR014756;IPR020683;IPR030492	4790	nuclear factor kappa B subunit 1 [Source:HGNC Symbol;Acc:HGNC:7794]	Rel		NFKB1	#N/A	#N/A		#N/A
NFX1	ENSG00000086102	IPR000967;IPR001374;IPR001841;IPR019786;IPR019787;	4799	nuclear transcription factor, X-box binding 1 [Source:HGNC Symbol;Acc:HGNC:7803]	NFX		NFX1	#N/A	#N/A		#N/A
NFXL1	ENSG00000170448	IPR000967;IPR001841;IPR019786;	152518	nuclear transcription factor, X-box binding like 1 [Source:HGNC Symbol;Acc:HGNC:18726]	NFX		NFXL1	#N/A	#N/A		#N/A
NKRF	ENSG00000186416	IPR000467;IPR001374;IPR014720;	55922	NFKB repressing factor [Source:HGNC Symbol;Acc:HGNC:19374]	Unknown		NKRF	#N/A	#N/A		#N/A
NME2	ENSG00000243678	IPR001564;IPR023005	None	NME1-NME2 readthrough [Source:HGNC Symbol;Acc:HGNC:33531];Nucleoside diphosphate kinase B	Unknown		NME2	NME2	NME2		#N/A
NR1H4	ENSG00000012504	IPR000536;IPR001628;IPR001723;IPR001728;IPR008946;	9971	nuclear receptor subfamily 1 group H member 4 [Source:HGNC Symbol;Acc:HGNC:7967]	Nuclear receptor		NR1H4	#N/A	#N/A		#N/A
NR4A2	ENSG00000153234	IPR000536;IPR001628;IPR001723;IPR003070;IPR003073;IPR008946	4929	nuclear receptor subfamily 4 group A member 2 [Source:HGNC Symbol;Acc:HGNC:7981]	Nuclear receptor		NR4A2	#N/A	#N/A		#N/A
PA2G4	ENSG00000170515	IPR000994;IPR004545;IPR018349	5036	proliferation-associated 2G4 [Source:HGNC Symbol;Acc:HGNC:8550]	Unknown		PA2G4	#N/A	#N/A		#N/A
PAX7	ENSG00000009709	IPR001356;IPR001523;IPR009057;IPR017970;IPR022106;	5081	paired box 7 [Source:HGNC Symbol;Acc:HGNC:8621]	Homeodomain; Paired box		PAX7	#N/A	#N/A		#N/A
PCGF2	ENSG00000277258	IPR001841;IPR017907;IPR018957	7703	polycomb group ring finger 2 [Source:HGNC Symbol;Acc:HGNC:12929]	Unknown		PCGF2	#N/A	#N/A		#N/A
PCGF6	ENSG00000156374	IPR001841;IPR017907;IPR018957;IPR029071	84108	polycomb group ring finger 6 [Source:HGNC Symbol;Acc:HGNC:21156]	Unknown		PCGF6	#N/A	#N/A		#N/A
PEG3	ENSG00000198300	IPR003309;IPR007087;IPR008916;IPR015880	5178	paternally expressed 3 [Source:HGNC Symbol;Acc:HGNC:8826]	C2H2 ZF		#N/A	#N/A	#N/A		PEG3
PHF19	ENSG00000119403	None	None	PHD finger protein 19 	Unknown		PHF19	#N/A	#N/A		#N/A
PHF20	ENSG00000025293	IPR001965;IPR002999;IPR007087;IPR011011;IPR019786;IPR019787;IPR022255;	51230	PHD finger protein 20 [Source:HGNC Symbol;Acc:HGNC:16098]	AT hook		#N/A	#N/A	#N/A		PHF20
PHF21A	ENSG00000135365	IPR001965;IPR011011;IPR017956;IPR019786;IPR019787;	51317	PHD finger protein 21A [Source:HGNC Symbol;Acc:HGNC:24156]	AT hook		PHF21A	PHF21A	PHF21A		PHF21A
PIN1	ENSG00000127445	IPR000297;IPR001202;IPR023058	5300	peptidylprolyl cis/trans isomerase, NIMA-interacting 1 [Source:HGNC Symbol;Acc:HGNC:8988]	MBD		PIN1	#N/A	#N/A		#N/A
PLSCR1	ENSG00000188313	IPR005552;IPR025659	5359	phospholipid scramblase 1 [Source:HGNC Symbol;Acc:HGNC:9092]	Unknown		PLSCR1	#N/A	#N/A		#N/A
POGK	ENSG00000143157	IPR001909;IPR004875;IPR006600;IPR009057;IPR018586;	57645	pogo transposable element with KRAB domain [Source:HGNC Symbol;Acc:HGNC:18800]	Brinker		POGK	#N/A	#N/A		POGK
POU5F1	ENSG00000204531	IPR000327;IPR001356;IPR009057;IPR010982;IPR013847;IPR017970	5460	POU class 5 homeobox 1 [Source:HGNC Symbol;Acc:HGNC:9221]	Homeodomain; POU		#N/A	#N/A	#N/A		#N/A
POU5F2	ENSG00000248483	IPR000327;IPR001356;IPR009057;IPR010982;IPR013847	134187	POU domain class 5, transcription factor 2 [Source:HGNC Symbol;Acc:HGNC:26367]	Homeodomain; POU		POU5F2	#N/A	#N/A		#N/A
PRDM10	ENSG00000170325	IPR001214;IPR007087;IPR015880;IPR022755	56980	PR domain 10 [Source:HGNC Symbol;Acc:HGNC:13995]	C2H2 ZF		#N/A	#N/A	#N/A		PRDM10
PRDM13	ENSG00000112238	IPR001214;IPR007087;IPR015880;	59336	PR domain 13 [Source:HGNC Symbol;Acc:HGNC:13998]	C2H2 ZF		#N/A	#N/A	#N/A		PRDM13
PRDM2	ENSG00000116731	IPR001214;IPR007087;IPR009170;IPR015880	7799	PR domain 2 [Source:HGNC Symbol;Acc:HGNC:9347]	C2H2 ZF		#N/A	#N/A	#N/A		#N/A
PRDM5	ENSG00000138738	IPR001214;IPR007087;IPR015880;IPR017125;IPR022755;	11107	PR domain 5 [Source:HGNC Symbol;Acc:HGNC:9349]	C2H2 ZF		#N/A	#N/A	#N/A		#N/A
PRDM8	ENSG00000152784	IPR001214;IPR007087;IPR015880;	56978	PR domain 8 [Source:HGNC Symbol;Acc:HGNC:13993]	C2H2 ZF		#N/A	#N/A	#N/A		#N/A
PREB	ENSG00000138073	IPR001680;IPR011047;IPR017986;	10113	prolactin regulatory element binding [Source:HGNC Symbol;Acc:HGNC:9356]	Unknown		PREB	#N/A	#N/A		#N/A
PRMT3	ENSG00000185238	IPR007087;IPR025799;IPR029063;	10196	Protein arginine methyltransferase 3 [Source:HGNC Symbol;Acc:HGNC:30163]	C2H2 ZF		#N/A	#N/A	#N/A		#N/A
PRR12	ENSG00000126464	IPR025451;	57479	proline rich 12 [Source:HGNC Symbol;Acc:HGNC:29217]	AT hook		#N/A	#N/A	#N/A		#N/A
PURB	ENSG00000146676	IPR006628	100616393	purine rich element binding protein B [Source:HGNC Symbol;Acc:HGNC:9702]	Unknown		PURB	PURB	PURB		#N/A
PURG	ENSG00000172733	IPR006628	29942	Purine rich element binding protein G	Unknown		PURG	#N/A	#N/A		#N/A
RAG1	ENSG00000166349	IPR001841;IPR017907;IPR018957;IPR019485;IPR023336;IPR024627	5896	recombination activating gene 1 [Source:HGNC Symbol;Acc:HGNC:9831]	Unknown		RAG1	#N/A	#N/A		#N/A
RARA	ENSG00000131759	IPR000536;IPR001628;IPR001723;IPR003078;IPR008946;	5914	retinoic acid receptor alpha [Source:HGNC Symbol;Acc:HGNC:9864]	Nuclear receptor		RARA	#N/A	#N/A		#N/A
RBCK1	ENSG00000125826	IPR000626;IPR001841;IPR001876;IPR002867;IPR017907;IPR029071	10616	RANBP2-type and C3HC4-type zinc finger containing 1 [Source:HGNC Symbol;Acc:HGNC:15864]	Unknown		#N/A	#N/A	#N/A		#N/A
RBSN	ENSG00000131381	IPR000306;IPR007087;IPR011011;IPR017455;IPR021565;	64145	rabenosyn, RAB effector [Source:HGNC Symbol;Acc:HGNC:20759]	C2H2 ZF		#N/A	#N/A	#N/A		#N/A
REXO4	ENSG00000148300	IPR006055;IPR012337;IPR013520	57109	REX4 homolog, 3-5 exonuclease [Source:HGNC Symbol;Acc:HGNC:12820]	Unknown		#N/A	#N/A	#N/A		#N/A
RFX5	ENSG00000143390	IPR003150;IPR029298	5993	regulatory factor X5 [Source:HGNC Symbol;Acc:HGNC:9986]	RFX		#N/A	#N/A	#N/A		RFX5
RFX8	ENSG00000196460	None	731220	RFX family member 8, lacking RFX DNA binding domain [Source:HGNC Symbol;Acc:HGNC:37253] 	RFX		RFX8	#N/A	#N/A		RFX8
RLF	ENSG00000117000	IPR007087;IPR015880	6018	rearranged L-myc fusion [Source:HGNC Symbol;Acc:HGNC:10025]	C2H2 ZF		#N/A	#N/A	#N/A		#N/A
RORB	ENSG00000198963	IPR000536;IPR001628;IPR001723;IPR003079;IPR008946;	6096	RAR related orphan receptor B [Source:HGNC Symbol;Acc:HGNC:10259]	Nuclear receptor		RORB	#N/A	#N/A		#N/A
RXRA	ENSG00000186350	IPR000003;IPR000536;IPR001628;IPR001723;IPR008946;IPR021780	6256	retinoid X receptor alpha [Source:HGNC Symbol;Acc:HGNC:10477]	Nuclear receptor		RXRA	#N/A	#N/A		#N/A
SAFB	ENSG00000160633	IPR000504;IPR003034	6294	scaffold attachment factor B [Source:HGNC Symbol;Acc:HGNC:10520]	Unknown		SAFB	#N/A	#N/A		#N/A
SAFB2	ENSG00000130254	IPR000504;IPR003034	9667	scaffold attachment factor B2 [Source:HGNC Symbol;Acc:HGNC:21605]	Unknown		SAFB2	#N/A	#N/A		SAFB2
SALL3	ENSG00000256463	IPR007087;IPR015880	27164	spalt like transcription factor 3 [Source:HGNC Symbol;Acc:HGNC:10527]	C2H2 ZF		#N/A	#N/A	#N/A		#N/A
SCMH1	ENSG00000010803	IPR001660;IPR004092;IPR013761;IPR021129;IPR021987	22955	sex comb on midleg homolog 1 (Drosophila) [Source:HGNC Symbol;Acc:HGNC:19003];Polycomb protein SCMH1	Unknown		SCMH1	#N/A	#N/A		#N/A
SCML4	ENSG00000146285	IPR001660;IPR013761;IPR021129;IPR021987	256380	sex comb on midleg-like 4 (Drosophila) [Source:HGNC Symbol;Acc:HGNC:21397]	AT hook		SCML4	#N/A	#N/A		SCML4
SETBP1	ENSG00000152217	IPR017956;	26040	SET binding protein 1 [Source:HGNC Symbol;Acc:HGNC:15573]	AT hook		SETBP1	SETBP1	SETBP1		SETBP1
SETDB2	ENSG00000136169	IPR001214;IPR001739;IPR003606;IPR007728;IPR016177;	83852	SET domain bifurcated 2 [Source:HGNC Symbol;Acc:HGNC:20263]	MBD		SETDB2	#N/A	#N/A		#N/A
SGSM2	ENSG00000141258	IPR000195;IPR004012	9905	small G protein signaling modulator 2 [Source:HGNC Symbol;Acc:HGNC:29026]	BED ZF		SGSM2	SGSM2	#N/A		SGSM2
SKI	ENSG00000157933	IPR003380;IPR009061;IPR010919;IPR014890	6497	SKI proto-oncogene [Source:HGNC Symbol;Acc:HGNC:10896]	Unknown		#N/A	#N/A	#N/A		#N/A
SKIL	ENSG00000136603	IPR003380;IPR009061;IPR010919;IPR014890	6498	SKI-like proto-oncogene [Source:HGNC Symbol;Acc:HGNC:10897]	Unknown		#N/A	#N/A	#N/A		#N/A
SLC2A4RG	ENSG00000125520	IPR007087;IPR015880	56731	SLC2A4 regulator [Source:HGNC Symbol;Acc:HGNC:15930]	C2H2 ZF		#N/A	#N/A	#N/A		#N/A
SMYD3	ENSG00000185420	IPR001214;IPR002893;IPR025805	64754	SET and MYND domain containing 3 [Source:HGNC Symbol;Acc:HGNC:15513]	Unknown		SMYD3	SMYD3	SMYD3		SMYD3
SNAPC2	ENSG00000104976	IPR021281	6618	small nuclear RNA activating complex polypeptide 2 [Source:HGNC Symbol;Acc:HGNC:11135]	Unknown		SNAPC2	#N/A	#N/A		SNAPC2
SNAPC5	ENSG00000174446	IPR029138	10302	small nuclear RNA activating complex polypeptide 5 [Source:HGNC Symbol;Acc:HGNC:15484]	Unknown		SNAPC5	#N/A	#N/A		#N/A
SOHLH1	ENSG00000165643	IPR011598;	402381	spermatogenesis and oogenesis specific basic helix-loop-helix 1 [Source:HGNC Symbol;Acc:HGNC:27845]	bHLH		SOHLH1	#N/A	#N/A		#N/A
SON	ENSG00000159140	IPR000467;IPR014720;IPR017986	102465248	SON DNA binding protein [Source:HGNC Symbol;Acc:HGNC:11183]	Unknown		#N/A	#N/A	#N/A		#N/A
SOX15	ENSG00000129194	IPR009071;	6665	SRY-box 15 [Source:HGNC Symbol;Acc:HGNC:11196]	HMG/Sox		SOX15	#N/A	#N/A		#N/A
SOX2	ENSG00000181449	IPR009071;IPR022097	6657	SRY-box 2 [Source:HGNC Symbol;Acc:HGNC:11195]	HMG/Sox		SOX2	#N/A	#N/A		#N/A
SOX5	ENSG00000134532	IPR009071;	6660	SRY-box 5 [Source:HGNC Symbol;Acc:HGNC:11201]	HMG/Sox		SOX5	#N/A	#N/A		#N/A
SP100	ENSG00000067066	IPR000770;IPR001487;IPR001965;IPR004865;IPR009071;IPR010919;IPR011011;IPR019786;IPR019787;	6672	SP100 nuclear antigen [Source:HGNC Symbol;Acc:HGNC:11206]	SAND		SP100	#N/A	#N/A		#N/A
SP110	ENSG00000135899	IPR000770;IPR001487;IPR001965;IPR004865;IPR010919;IPR011011;IPR019786;IPR019787	3431	SP110 nuclear body protein [Source:HGNC Symbol;Acc:HGNC:5401]	SAND		SP110	#N/A	#N/A		SP110
SP140	ENSG00000079263	IPR000770;IPR001487;IPR001965;IPR004865;IPR010919;IPR011011;IPR019786;IPR019787	11262	SP140 nuclear body protein [Source:HGNC Symbol;Acc:HGNC:17133]	SAND		SP140	SP140	SP140		SP140
SP140L	ENSG00000185404	IPR000770;IPR001487;IPR001965;IPR004865;IPR010919;IPR011011;IPR019786;IPR019787	93349	SP140 nuclear body protein like [Source:HGNC Symbol;Acc:HGNC:25105]	SAND		SP140L	SP140L	SP140L		SP140L
SRY	ENSG00000184895	IPR009071;IPR017253	6736	sex determining region Y [Source:HGNC Symbol;Acc:HGNC:11311]	HMG/Sox		SRY	#N/A	#N/A		#N/A
TBPL1	ENSG00000028839	IPR000814;	9519	TATA-box binding protein like 1 [Source:HGNC Symbol;Acc:HGNC:11589]	TBP		TBPL1	#N/A	#N/A		TBPL1
TCF20	ENSG00000100207	IPR001965;	6942	transcription factor 20 (AR1) [Source:HGNC Symbol;Acc:HGNC:11631]	Unknown		TCF20	TCF20	TCF20		#N/A
TERB1	ENSG00000249961	IPR001005;IPR009057;IPR016024;	283847	telomere repeat binding bouquet formation protein 1 [Source:HGNC Symbol;Acc:HGNC:26675]	Myb/SANT		TERB1	#N/A	#N/A		TERB1
TERF1	ENSG00000147601	IPR001005;IPR009057;IPR013867;IPR017357;IPR017930;	7013	telomeric repeat binding factor 1 [Source:HGNC Symbol;Acc:HGNC:11728]	Myb/SANT		TERF1	TERF1	TERF1		#N/A
TET2	ENSG00000168769	None	54790	tet methylcytosine dioxygenase 2 	Unknown		TET2	#N/A	#N/A		#N/A
TET3	ENSG00000187605	IPR002857;IPR024779	200424	tet methylcytosine dioxygenase 3 [Source:HGNC Symbol;Acc:HGNC:28313]	CxxC		TET3	TET3	TET3		#N/A
THAP10	ENSG00000129028	IPR006612;	56906	THAP domain containing 10 [Source:HGNC Symbol;Acc:HGNC:23193]	THAP finger		THAP10	#N/A	#N/A		#N/A
THAP11	ENSG00000168286	IPR006612;	57215	THAP domain containing 11 [Source:HGNC Symbol;Acc:HGNC:23194]	THAP finger		THAP11	#N/A	#N/A		THAP11
THAP2	ENSG00000173451	IPR006612;	83591	THAP domain containing 2 [Source:HGNC Symbol;Acc:HGNC:20854]	THAP finger		THAP2	#N/A	#N/A		THAP2
THAP4	ENSG00000176946	IPR006612;IPR011038;IPR014878;	51078	THAP domain containing 4 [Source:HGNC Symbol;Acc:HGNC:23187]	THAP finger		THAP4	#N/A	#N/A		#N/A
THAP5	ENSG00000177683	IPR006612;	168451	THAP domain containing 5 [Source:HGNC Symbol;Acc:HGNC:23188]	THAP finger		THAP5	#N/A	#N/A		#N/A
THAP6	ENSG00000174796	IPR006612;	152815	THAP domain containing 6 [Source:HGNC Symbol;Acc:HGNC:23189]	THAP finger		THAP6	#N/A	#N/A		#N/A
THAP7	ENSG00000184436	IPR006612;	80764	THAP domain containing 7 [Source:HGNC Symbol;Acc:HGNC:23190]	THAP finger		THAP7	#N/A	#N/A		#N/A
THAP8	ENSG00000161277	IPR006612;	199745	THAP domain containing 8 [Source:HGNC Symbol;Acc:HGNC:23191]	THAP finger		THAP8	#N/A	#N/A		#N/A
THAP9	ENSG00000168152	IPR006612;	79725	THAP domain containing 9 [Source:HGNC Symbol;Acc:HGNC:23192]	THAP finger		THAP9	#N/A	#N/A		#N/A
THYN1	ENSG00000151500	None	29087	thymocyte nuclear protein 1 	Unknown		THYN1	#N/A	#N/A		THYN1
TIGD3	ENSG00000173825	IPR004875;IPR006600;IPR007889;IPR009057	220359	tigger transposable element derived 3 [Source:HGNC Symbol;Acc:HGNC:18334]	CENPB		TIGD3	TIGD3	TIGD3		TIGD3
TIGD4	ENSG00000169989	IPR004875;IPR006600;IPR007889;IPR009057	201798	tigger transposable element derived 4 [Source:HGNC Symbol;Acc:HGNC:18335]	CENPB		TIGD4	#N/A	#N/A		TIGD4
TIGD5	ENSG00000179886	IPR004875;IPR006600;IPR007889;IPR009057	84948	tigger transposable element derived 5 [Source:HGNC Symbol;Acc:HGNC:18336]	CENPB		#N/A	#N/A	#N/A		TIGD5
TIGD7	ENSG00000140993	IPR004875;IPR006600;IPR007889;IPR009057	91151	tigger transposable element derived 7 [Source:HGNC Symbol;Acc:HGNC:18331]	CENPB		TIGD7	TIGD7	TIGD7		TIGD7
TMF1	ENSG00000144747	IPR022091;IPR022092	7110	TATA element modulatory factor 1 [Source:HGNC Symbol;Acc:HGNC:11870]	Unknown		TMF1	#N/A	#N/A		#N/A
TPRX1	ENSG00000178928	IPR001356;IPR009057;IPR017970;	284355	tetra-peptide repeat homeobox 1 [Source:HGNC Symbol;Acc:HGNC:32174]	Homeodomain		TPRX1	TPRX1	TPRX1		#N/A
TRAFD1	ENSG00000135148	None	10906	TRAF-type zinc finger domain containing 1 [Source:HGNC Symbol;Acc:HGNC:24808]	C2H2 ZF		#N/A	#N/A	#N/A		TRAFD1
TSC22D1	ENSG00000102804	IPR000580;	8848	TSC22 domain family member 1 [Source:HGNC Symbol;Acc:HGNC:16826]	Unknown		#N/A	#N/A	#N/A		#N/A
TSHZ2	ENSG00000182463	IPR001356;IPR007087;IPR015880;	128553	teashirt zinc finger homeobox 2 [Source:HGNC Symbol;Acc:HGNC:13010]	C2H2 ZF		#N/A	#N/A	#N/A		#N/A
TTF1	ENSG00000125482	IPR001005;IPR017877	7270	transcription termination factor 1 [Source:HGNC Symbol;Acc:HGNC:12397]	Myb/SANT		TTF1	#N/A	#N/A		#N/A
USF3	ENSG00000176542	IPR011598;	205717	None	bHLH		USF3	USF3	USF3		#N/A
VDR	ENSG00000111424	IPR000324;IPR000536;IPR001628;IPR001723;IPR008946;	7421	vitamin D (1,25- dihydroxyvitamin D3) receptor [Source:HGNC Symbol;Acc:HGNC:12679]	Nuclear receptor		VDR	#N/A	#N/A		#N/A
YY1	ENSG00000100811	IPR007087;IPR015880;IPR017114;	102466730	YY1 transcription factor [Source:HGNC Symbol;Acc:HGNC:12856]	C2H2 ZF		YY1	#N/A	#N/A		YY1
ZBED2	ENSG00000177494	IPR003656;	79413	zinc finger BED-type containing 2 [Source:HGNC Symbol;Acc:HGNC:20710]	BED ZF		ZBED2	ZBED2	#N/A		ZBED2
ZBED3	ENSG00000132846	IPR003656;	84327	zinc finger BED-type containing 3 [Source:HGNC Symbol;Acc:HGNC:20711]	BED ZF		ZBED3	ZBED3	#N/A		ZBED3
ZBED4	ENSG00000100426	IPR003656;IPR008906;IPR012337;	9889	zinc finger BED-type containing 4 [Source:HGNC Symbol;Acc:HGNC:20721]	BED ZF		ZBED4	ZBED4	#N/A		ZBED4
ZBED5	ENSG00000236287	IPR003656;IPR012337	58486	zinc finger BED-type containing 5 [Source:HGNC Symbol;Acc:HGNC:30803]	BED ZF		ZBED5	ZBED5	#N/A		ZBED5
ZBED9	ENSG00000232040	IPR001584;IPR003309;IPR008916;IPR012337	None	zinc finger BED-type containing 9 [Source:HGNC Symbol;Acc:HGNC:13851]	BED ZF		ZBED9	ZBED9	#N/A		ZBED9
ZBTB24	ENSG00000112365	IPR000210;IPR007087;IPR011333;IPR013069;IPR015880;	9841	zinc finger and BTB domain containing 24 [Source:HGNC Symbol;Acc:HGNC:21143]	C2H2 ZF; AT hook		#N/A	#N/A	#N/A		#N/A
ZBTB40	ENSG00000184677	IPR000210;IPR007087;IPR011333;IPR013069;IPR015880;	9923	zinc finger and BTB domain containing 40 [Source:HGNC Symbol;Acc:HGNC:29045]	C2H2 ZF		#N/A	#N/A	#N/A		ZBTB40
ZBTB41	ENSG00000177888	IPR000210;IPR007087;IPR011333;IPR013069;IPR015880;	360023	zinc finger and BTB domain containing 41 [Source:HGNC Symbol;Acc:HGNC:24819]	C2H2 ZF		#N/A	#N/A	#N/A		ZBTB41
ZBTB46	ENSG00000130584	IPR000210;IPR007087;IPR011333;IPR013069;IPR015880;	140685	zinc finger and BTB domain containing 46 [Source:HGNC Symbol;Acc:HGNC:16094]	C2H2 ZF		#N/A	#N/A	#N/A		ZBTB46
ZBTB47	ENSG00000114853	IPR000210;IPR007087;IPR011333;IPR013069;IPR015880;	92999	zinc finger and BTB domain containing 47 [Source:HGNC Symbol;Acc:HGNC:26955]	C2H2 ZF		#N/A	#N/A	#N/A		ZBTB47
ZBTB5	ENSG00000168795	IPR000210;IPR007087;IPR011333;IPR013069;IPR015880;	9925	zinc finger and BTB domain containing 5 [Source:HGNC Symbol;Acc:HGNC:23836]	C2H2 ZF		#N/A	#N/A	#N/A		#N/A
ZBTB8A	ENSG00000160062	IPR000210;IPR007087;IPR011333;IPR013069;IPR015880;	653121	zinc finger and BTB domain containing 8A [Source:HGNC Symbol;Acc:HGNC:24172]	C2H2 ZF		#N/A	#N/A	#N/A		ZBTB8A
ZBTB8B	ENSG00000273274	IPR007087;IPR000210;IPR015880;	728116	zinc finger and BTB domain containing 8B [Source:HGNC Symbol;Acc:HGNC:37057]	C2H2 ZF		#N/A	#N/A	#N/A		ZBTB8B
ZC3H8	ENSG00000144161	IPR000571;	84524	zinc finger CCCH-type containing 8 [Source:HGNC Symbol;Acc:HGNC:30941]	CCCH ZF		ZC3H8	ZC3H8	ZC3H8		#N/A
ZFAT	ENSG00000066827	IPR007087;IPR015880	57623	zinc finger and AT-hook domain containing [Source:HGNC Symbol;Acc:HGNC:19899]	C2H2 ZF		#N/A	#N/A	#N/A		#N/A
ZFP91	ENSG00000186660	IPR007087;IPR015880	80829	ZFP91 zinc finger protein [Source:HGNC Symbol;Acc:HGNC:14983]	C2H2 ZF		#N/A	#N/A	#N/A		#N/A
ZFPM1	ENSG00000179588	IPR007087;IPR015880	161882	zinc finger protein, FOG family member 1 [Source:HGNC Symbol;Acc:HGNC:19762]	C2H2 ZF		#N/A	#N/A	#N/A		#N/A
ZFPM2	ENSG00000169946	IPR007087;IPR015880	23414	zinc finger protein, FOG family member 2 [Source:HGNC Symbol;Acc:HGNC:16700]	C2H2 ZF		#N/A	#N/A	#N/A		#N/A
ZGLP1	ENSG00000220201	IPR000679;	100125288	zinc finger, GATA-like protein 1 [Source:HGNC Symbol;Acc:HGNC:37245]	GATA		ZGLP1	ZGLP1	ZGLP1		#N/A
ZGPAT	ENSG00000197114	IPR000467;IPR000571	84619	zinc finger CCCH-type and G-patch domain containing [Source:HGNC Symbol;Acc:HGNC:15948]	CCCH ZF		ZGPAT	#N/A	#N/A		#N/A
ZHX2	ENSG00000178764	IPR001356;IPR007087;IPR009057;IPR015880	22882	zinc fingers and homeoboxes 2 [Source:HGNC Symbol;Acc:HGNC:18513]	Homeodomain		ZHX2	#N/A	#N/A		#N/A
ZHX3	ENSG00000174306	IPR001356;IPR009057;IPR015880;IPR024578	23051	zinc fingers and homeoboxes 3 [Source:HGNC Symbol;Acc:HGNC:15935]	Homeodomain		ZHX3	#N/A	#N/A		#N/A
ZKSCAN4	ENSG00000187626	IPR001909;IPR003309;IPR007087;IPR008916;IPR015880;	387032	zinc finger with KRAB and SCAN domains 4 [Source:HGNC Symbol;Acc:HGNC:13854]	C2H2 ZF		#N/A	#N/A	#N/A		#N/A
ZMAT1	ENSG00000166432	IPR003604;IPR007087;IPR015880;	84460	Zinc finger matrin-type 1 [Source:HGNC Symbol;Acc:HGNC:29377]	C2H2 ZF		#N/A	#N/A	#N/A		#N/A
ZMAT4	ENSG00000165061	IPR003604;IPR007087;IPR015880;IPR022755	79698	zinc finger matrin-type 4 [Source:HGNC Symbol;Acc:HGNC:25844]	C2H2 ZF		#N/A	#N/A	#N/A		#N/A
ZNF107	ENSG00000196247	IPR001909;IPR007087;IPR015880;	51427	zinc finger protein 107 [Source:HGNC Symbol;Acc:HGNC:12887]	C2H2 ZF		#N/A	#N/A	#N/A		#N/A
ZNF131	ENSG00000172262	IPR000210;IPR007087;IPR011333;IPR013069;IPR015880;	7690	zinc finger protein 131 [Source:HGNC Symbol;Acc:HGNC:12915]	C2H2 ZF		#N/A	#N/A	#N/A		#N/A
ZNF14	ENSG00000105708	IPR001909;IPR007087;IPR015880;	7561	zinc finger protein 14 [Source:HGNC Symbol;Acc:HGNC:12924]	C2H2 ZF		#N/A	#N/A	#N/A		#N/A
ZNF142	ENSG00000115568	IPR007087;IPR015880	7701	zinc finger protein 142 [Source:HGNC Symbol;Acc:HGNC:12927]	C2H2 ZF		#N/A	#N/A	#N/A		#N/A
ZNF160	ENSG00000170949	IPR001909;IPR007087;IPR015880;	90338	zinc finger protein 160 [Source:HGNC Symbol;Acc:HGNC:12948]	C2H2 ZF		#N/A	#N/A	#N/A		#N/A
ZNF20	ENSG00000132010	IPR001909;IPR007087;IPR015880;	7568	zinc finger protein 20 [Source:HGNC Symbol;Acc:HGNC:12992]	C2H2 ZF		#N/A	#N/A	#N/A		#N/A
ZNF207	ENSG00000010244	IPR007087;IPR015880	693217	zinc finger protein 207 [Source:HGNC Symbol;Acc:HGNC:12998]	C2H2 ZF		#N/A	#N/A	#N/A		#N/A
ZNF208	ENSG00000160321	IPR001909;IPR007087;IPR015880;	7757	zinc finger protein 208 [Source:HGNC Symbol;Acc:HGNC:12999]	C2H2 ZF		#N/A	#N/A	#N/A		#N/A
ZNF215	ENSG00000149054	IPR001909;IPR003309;IPR007087;IPR008916;IPR015880;	7762	zinc finger protein 215 [Source:HGNC Symbol;Acc:HGNC:13007]	C2H2 ZF		#N/A	#N/A	#N/A		ZNF215
ZNF226	ENSG00000167380	IPR001909;IPR007087;IPR015880;	7769	zinc finger protein 226 [Source:HGNC Symbol;Acc:HGNC:13019]	C2H2 ZF		#N/A	#N/A	#N/A		#N/A
ZNF229	ENSG00000278318	IPR001909;IPR007087;IPR015880;	7772	Zinc finger protein 229 [Source:HGNC Symbol;Acc:HGNC:13022] 	C2H2 ZF		#N/A	#N/A	#N/A		#N/A
ZNF230	ENSG00000159882	IPR001909;IPR007087;IPR015880;	7773	zinc finger protein 230 [Source:HGNC Symbol;Acc:HGNC:13024]	C2H2 ZF		#N/A	#N/A	#N/A		#N/A
ZNF233	ENSG00000159915	IPR001909;IPR007087;IPR015880;	353355	zinc finger protein 233 [Source:HGNC Symbol;Acc:HGNC:30946]	C2H2 ZF		#N/A	#N/A	#N/A		#N/A
ZNF234	ENSG00000263002	IPR001909;IPR007087;IPR015880;	10780	Zinc finger protein 234 [Source:HGNC Symbol;Acc:HGNC:13027]	C2H2 ZF		#N/A	#N/A	#N/A		#N/A
ZNF251	ENSG00000198169	IPR001909;IPR007087;IPR015880;	90987	zinc finger protein 251 [Source:HGNC Symbol;Acc:HGNC:13045]	C2H2 ZF		#N/A	#N/A	#N/A		#N/A
ZNF275	ENSG00000063587	IPR007087;IPR015880	105373378	zinc finger protein 275 [Source:HGNC Symbol;Acc:HGNC:13069]	C2H2 ZF		#N/A	#N/A	#N/A		#N/A
ZNF280B	ENSG00000275004	None	140883	Zinc finger protein 280B	C2H2 ZF		#N/A	#N/A	#N/A		#N/A
ZNF280D	ENSG00000137871	IPR007087;IPR015880;IPR025243;	145783	zinc finger protein 280D [Source:HGNC Symbol;Acc:HGNC:25953]	C2H2 ZF		#N/A	#N/A	#N/A		#N/A
ZNF286B	ENSG00000249459	IPR007087;IPR015880	729288	zinc finger protein 286B [Source:HGNC Symbol;Acc:HGNC:33241]	C2H2 ZF		#N/A	#N/A	#N/A		#N/A
ZNF292	ENSG00000188994	IPR007087;IPR015880	23036	zinc finger protein 292 [Source:HGNC Symbol;Acc:HGNC:18410]	C2H2 ZF		#N/A	#N/A	#N/A		#N/A
ZNF318	ENSG00000171467	IPR003604;	24149	zinc finger protein 318 [Source:HGNC Symbol;Acc:HGNC:13578]	C2H2 ZF		#N/A	#N/A	#N/A		ZNF318
ZNF326	ENSG00000162664	IPR007071;	284695	zinc finger protein 326 [Source:HGNC Symbol;Acc:HGNC:14104]	C2H2 ZF		#N/A	#N/A	#N/A		#N/A
ZNF335	ENSG00000198026	IPR007087;IPR015880	63925	zinc finger protein 335 [Source:HGNC Symbol;Acc:HGNC:15807]	C2H2 ZF		#N/A	#N/A	#N/A		#N/A
ZNF347	ENSG00000197937	IPR001909;IPR007087;IPR015880;	84671	zinc finger protein 347 [Source:HGNC Symbol;Acc:HGNC:16447]	C2H2 ZF		#N/A	#N/A	#N/A		#N/A
ZNF358	ENSG00000198816	IPR007087;IPR015880	140467	zinc finger protein 358 [Source:HGNC Symbol;Acc:HGNC:16838]	C2H2 ZF		#N/A	#N/A	#N/A		#N/A
ZNF362	ENSG00000160094	IPR007087;IPR015880	149076	zinc finger protein 362 [Source:HGNC Symbol;Acc:HGNC:18079]	C2H2 ZF		#N/A	#N/A	#N/A		#N/A
ZNF365	ENSG00000138311	None	22891	zinc finger protein 365 [Source:HGNC Symbol;Acc:HGNC:18194]	C2H2 ZF		#N/A	#N/A	#N/A		#N/A
ZNF367	ENSG00000165244	IPR007087;IPR015880	195828	zinc finger protein 367 [Source:HGNC Symbol;Acc:HGNC:18320]	C2H2 ZF		#N/A	#N/A	#N/A		ZNF367
ZNF385A	ENSG00000161642	IPR003604;IPR007087;IPR015880;	25946	zinc finger protein 385A [Source:HGNC Symbol;Acc:HGNC:17521]	C2H2 ZF		#N/A	#N/A	#N/A		#N/A
ZNF385B	ENSG00000144331	IPR003604;IPR007087;IPR015880;	151126	zinc finger protein 385B [Source:HGNC Symbol;Acc:HGNC:26332]	C2H2 ZF		#N/A	#N/A	#N/A		#N/A
ZNF385C	ENSG00000187595	IPR003604;IPR007087;IPR015880;	201181	zinc finger protein 385C [Source:HGNC Symbol;Acc:HGNC:33722]	C2H2 ZF		#N/A	#N/A	#N/A		#N/A
ZNF395	ENSG00000186918	IPR007087;	55893	zinc finger protein 395 [Source:HGNC Symbol;Acc:HGNC:18737]	C2H2 ZF		#N/A	#N/A	#N/A		#N/A
ZNF407	ENSG00000215421	IPR003604;IPR007087;IPR015880;	55628	zinc finger protein 407 [Source:HGNC Symbol;Acc:HGNC:19904]	C2H2 ZF		#N/A	#N/A	#N/A		#N/A
ZNF428	ENSG00000131116	IPR007087;	126299	zinc finger protein 428 [Source:HGNC Symbol;Acc:HGNC:20804]	C2H2 ZF		#N/A	#N/A	#N/A		ZNF428
ZNF43	ENSG00000198521	IPR001909;IPR007087;IPR015880;	7594	zinc finger protein 43 [Source:HGNC Symbol;Acc:HGNC:13109]	C2H2 ZF		#N/A	#N/A	#N/A		#N/A
ZNF446	ENSG00000083838	IPR001909;IPR003309;IPR007087;IPR008916;IPR015880;	55663	zinc finger protein 446 [Source:HGNC Symbol;Acc:HGNC:21036]	C2H2 ZF		#N/A	#N/A	#N/A		ZNF446
ZNF469	ENSG00000225614	IPR007087;IPR015880	84627	zinc finger protein 469 [Source:HGNC Symbol;Acc:HGNC:23216]	C2H2 ZF		#N/A	#N/A	#N/A		#N/A
ZNF470	ENSG00000197016	IPR001909;IPR007087;IPR015880;	388566	zinc finger protein 470 [Source:HGNC Symbol;Acc:HGNC:22220]	C2H2 ZF		#N/A	#N/A	#N/A		#N/A
ZNF471	ENSG00000196263	IPR001909;IPR007087;IPR015880;	57573	zinc finger protein 471 [Source:HGNC Symbol;Acc:HGNC:23226]	C2H2 ZF		#N/A	#N/A	#N/A		#N/A
ZNF474	ENSG00000164185	IPR007087;	133923	zinc finger protein 474 [Source:HGNC Symbol;Acc:HGNC:23245]	C2H2 ZF		#N/A	#N/A	#N/A		#N/A
ZNF48	ENSG00000180035	IPR007087;IPR015880	197407	zinc finger protein 48 [Source:HGNC Symbol;Acc:HGNC:13114]	C2H2 ZF		#N/A	#N/A	#N/A		#N/A
ZNF493	ENSG00000196268	IPR001909;IPR007087;IPR015880;	284443	zinc finger protein 493 [Source:HGNC Symbol;Acc:HGNC:23708]	C2H2 ZF		#N/A	#N/A	#N/A		#N/A
ZNF497	ENSG00000174586	IPR007087;IPR015880	162968	zinc finger protein 497 [Source:HGNC Symbol;Acc:HGNC:23714]	C2H2 ZF		#N/A	#N/A	#N/A		#N/A
ZNF500	ENSG00000103199	IPR001909;IPR003309;IPR007087;IPR008916;IPR015880;	26048	zinc finger protein 500 [Source:HGNC Symbol;Acc:HGNC:23716]	C2H2 ZF		#N/A	#N/A	#N/A		ZNF500
ZNF503	ENSG00000165655	IPR007087;IPR022129	84858	zinc finger protein 503 [Source:HGNC Symbol;Acc:HGNC:23589]	C2H2 ZF		#N/A	#N/A	#N/A		ZNF503
ZNF507	ENSG00000168813	IPR007087;IPR015880	22847	zinc finger protein 507 [Source:HGNC Symbol;Acc:HGNC:23783]	C2H2 ZF		#N/A	#N/A	#N/A		ZNF507
ZNF510	ENSG00000081386	IPR001909;IPR007087;IPR015880;	22869	zinc finger protein 510 [Source:HGNC Symbol;Acc:HGNC:29161]	C2H2 ZF		#N/A	#N/A	#N/A		#N/A
ZNF516	ENSG00000101493	IPR007087;IPR015880	9658	zinc finger protein 516 [Source:HGNC Symbol;Acc:HGNC:28990]	C2H2 ZF		#N/A	#N/A	#N/A		#N/A
ZNF518B	ENSG00000178163	IPR007087;IPR015880	85460	zinc finger protein 518B [Source:HGNC Symbol;Acc:HGNC:29365]	C2H2 ZF		#N/A	#N/A	#N/A		#N/A
ZNF526	ENSG00000167625	IPR007087;IPR015880	116115	zinc finger protein 526 [Source:HGNC Symbol;Acc:HGNC:29415]	C2H2 ZF		#N/A	#N/A	#N/A		#N/A
ZNF532	ENSG00000074657	IPR007087;IPR015880	55205	zinc finger protein 532 [Source:HGNC Symbol;Acc:HGNC:30940]	C2H2 ZF		#N/A	#N/A	#N/A		#N/A
ZNF536	ENSG00000198597	IPR007087;IPR015880	9745	zinc finger protein 536 [Source:HGNC Symbol;Acc:HGNC:29025]	C2H2 ZF		#N/A	#N/A	#N/A		#N/A
ZNF551	ENSG00000204519	IPR001909;IPR007087;IPR015880;	90233	zinc finger protein 551 [Source:HGNC Symbol;Acc:HGNC:25108]	C2H2 ZF		#N/A	#N/A	#N/A		#N/A
ZNF568	ENSG00000198453	IPR001909;IPR007087;IPR015880;	374900	zinc finger protein 568 [Source:HGNC Symbol;Acc:HGNC:25392]	C2H2 ZF		#N/A	#N/A	#N/A		#N/A
ZNF569	ENSG00000196437	IPR001909;IPR007087;IPR015880;	148266	zinc finger protein 569 [Source:HGNC Symbol;Acc:HGNC:24737]	C2H2 ZF		#N/A	#N/A	#N/A		#N/A
ZNF57	ENSG00000171970	IPR001909;IPR007087;IPR015880;	126295	zinc finger protein 57 [Source:HGNC Symbol;Acc:HGNC:13125]	C2H2 ZF		#N/A	#N/A	#N/A		#N/A
ZNF575	ENSG00000176472	IPR007087;IPR015880	284346	zinc finger protein 575 [Source:HGNC Symbol;Acc:HGNC:27606]	C2H2 ZF		#N/A	#N/A	#N/A		#N/A
ZNF578	ENSG00000258405	IPR001909;IPR007087;IPR015880;	147660	zinc finger protein 578 [Source:HGNC Symbol;Acc:HGNC:26449]	C2H2 ZF		#N/A	#N/A	#N/A		#N/A
ZNF579	ENSG00000218891	IPR007087;IPR015880	163033	zinc finger protein 579 [Source:HGNC Symbol;Acc:HGNC:26646]	C2H2 ZF		#N/A	#N/A	#N/A		#N/A
ZNF587B	ENSG00000269343	IPR001909;IPR007087;IPR015880	100293516	zinc finger protein 587B [Source:HGNC Symbol;Acc:HGNC:37142]	C2H2 ZF		#N/A	#N/A	#N/A		#N/A
ZNF592	ENSG00000166716	IPR007087;IPR015880	9640	zinc finger protein 592 [Source:HGNC Symbol;Acc:HGNC:28986]	C2H2 ZF		#N/A	#N/A	#N/A		#N/A
ZNF598	ENSG00000167962	IPR001841;IPR007087;IPR015880;	90850	Zinc finger protein 598 [Source:HGNC Symbol;Acc:HGNC:28079]	C2H2 ZF		#N/A	#N/A	#N/A		#N/A
ZNF606	ENSG00000166704	IPR001909;IPR007087;IPR015880;	80095	zinc finger protein 606 [Source:HGNC Symbol;Acc:HGNC:25879]	C2H2 ZF		#N/A	#N/A	#N/A		ZNF606
ZNF608	ENSG00000168916	IPR007087;	57507	zinc finger protein 608 [Source:HGNC Symbol;Acc:HGNC:29238]	C2H2 ZF		#N/A	#N/A	#N/A		#N/A
ZNF609	ENSG00000180357	IPR007087;	23060	zinc finger protein 609 [Source:HGNC Symbol;Acc:HGNC:29003]	C2H2 ZF		#N/A	#N/A	#N/A		ZNF609
ZNF618	ENSG00000157657	IPR007087;IPR012337;IPR015880;	114991	zinc finger protein 618 [Source:HGNC Symbol;Acc:HGNC:29416]	C2H2 ZF		#N/A	#N/A	#N/A		#N/A
ZNF623	ENSG00000183309	IPR007087;IPR015880	9831	Zinc finger protein 623 [Source:HGNC Symbol;Acc:HGNC:29084]	C2H2 ZF		#N/A	#N/A	#N/A		#N/A
ZNF630	ENSG00000221994	IPR001909;IPR007087;IPR015880;	57232	zinc finger protein 630 [Source:HGNC Symbol;Acc:HGNC:28855]	C2H2 ZF		#N/A	#N/A	#N/A		#N/A
ZNF639	ENSG00000121864	IPR007087;IPR015880	51193	zinc finger protein 639 [Source:HGNC Symbol;Acc:HGNC:30950]	C2H2 ZF		#N/A	#N/A	#N/A		#N/A
ZNF644	ENSG00000122482	IPR007087;IPR015880	84146	zinc finger protein 644 [Source:HGNC Symbol;Acc:HGNC:29222]	C2H2 ZF		#N/A	#N/A	#N/A		#N/A
ZNF646	ENSG00000167395	IPR007087;IPR015880	9726	zinc finger protein 646 [Source:HGNC Symbol;Acc:HGNC:29004]	C2H2 ZF		#N/A	#N/A	#N/A		#N/A
ZNF648	ENSG00000179930	IPR007087;IPR015880	127665	zinc finger protein 648 [Source:HGNC Symbol;Acc:HGNC:18190]	C2H2 ZF		#N/A	#N/A	#N/A		#N/A
ZNF654	ENSG00000175105	IPR007087;IPR015880	55279	zinc finger protein 654 [Source:HGNC Symbol;Acc:HGNC:25612]	C2H2 ZF		#N/A	#N/A	#N/A		#N/A
ZNF66	ENSG00000160229	IPR001909;IPR007087;IPR015880	None	zinc finger protein 66 [Source:HGNC Symbol;Acc:HGNC:13135]	C2H2 ZF		#N/A	#N/A	#N/A		#N/A
ZNF665	ENSG00000197497	IPR001909;IPR007087;IPR015880;	79788	zinc finger protein 665 [Source:HGNC Symbol;Acc:HGNC:25885]	C2H2 ZF		#N/A	#N/A	#N/A		#N/A
ZNF668	ENSG00000167394	IPR007087;IPR015880	79759	zinc finger protein 668 [Source:HGNC Symbol;Acc:HGNC:25821]	C2H2 ZF		#N/A	#N/A	#N/A		#N/A
ZNF672	ENSG00000171161	IPR007087;IPR015880	79894	zinc finger protein 672 [Source:HGNC Symbol;Acc:HGNC:26179]	C2H2 ZF		#N/A	#N/A	#N/A		#N/A
ZNF676	ENSG00000196109	IPR001909;IPR007087;IPR015880;	163223	zinc finger protein 676 [Source:HGNC Symbol;Acc:HGNC:20429]	C2H2 ZF		#N/A	#N/A	#N/A		#N/A
ZNF678	ENSG00000181450	IPR001909;IPR007087;IPR015880;	339500	zinc finger protein 678 [Source:HGNC Symbol;Acc:HGNC:28652]	C2H2 ZF		#N/A	#N/A	#N/A		#N/A
ZNF683	ENSG00000176083	IPR007087;IPR015880	257101	zinc finger protein 683 [Source:HGNC Symbol;Acc:HGNC:28495]	C2H2 ZF		#N/A	#N/A	#N/A		#N/A
ZNF687	ENSG00000143373	IPR007087;IPR015880	57592	zinc finger protein 687 [Source:HGNC Symbol;Acc:HGNC:29277]	C2H2 ZF		#N/A	#N/A	#N/A		#N/A
ZNF688	ENSG00000229809	IPR001909;IPR007087;IPR015880	146542	zinc finger protein 688 [Source:HGNC Symbol;Acc:HGNC:30489]	C2H2 ZF		#N/A	#N/A	#N/A		#N/A
ZNF689	ENSG00000156853	IPR001909;IPR007087;IPR015880;	115509	zinc finger protein 689 [Source:HGNC Symbol;Acc:HGNC:25173]	C2H2 ZF		#N/A	#N/A	#N/A		#N/A
ZNF696	ENSG00000185730	IPR007087;IPR015880	79943	zinc finger protein 696 [Source:HGNC Symbol;Acc:HGNC:25872]	C2H2 ZF		#N/A	#N/A	#N/A		#N/A
ZNF699	ENSG00000196110	IPR001909;IPR007087;IPR015880;	374879	zinc finger protein 699 [Source:HGNC Symbol;Acc:HGNC:24750]	C2H2 ZF		#N/A	#N/A	#N/A		#N/A
ZNF70	ENSG00000187792	IPR007087;IPR015880	7621	zinc finger protein 70 [Source:HGNC Symbol;Acc:HGNC:13140]	C2H2 ZF		#N/A	#N/A	#N/A		#N/A
ZNF700	ENSG00000196757	IPR001909;IPR007087;IPR015880;	90592	zinc finger protein 700 [Source:HGNC Symbol;Acc:HGNC:25292]	C2H2 ZF		#N/A	#N/A	#N/A		#N/A
ZNF703	ENSG00000183779	IPR007087;IPR022129	80139	zinc finger protein 703 [Source:HGNC Symbol;Acc:HGNC:25883]	C2H2 ZF		#N/A	#N/A	#N/A		#N/A
ZNF705E	ENSG00000214534	None	None	zinc finger protein 705E	C2H2 ZF		#N/A	#N/A	#N/A		#N/A
ZNF706	ENSG00000120963	IPR007513;	51123	zinc finger protein 706 [Source:HGNC Symbol;Acc:HGNC:24992]	C2H2 ZF		#N/A	#N/A	#N/A		#N/A
ZNF709	ENSG00000242852	IPR001909;IPR007087;IPR015880;	163051	zinc finger protein 709 [Source:HGNC Symbol;Acc:HGNC:20629]	C2H2 ZF		#N/A	#N/A	#N/A		#N/A
ZNF717	ENSG00000227124	IPR001909	100131827	Zinc finger protein 717 [Source:HGNC Symbol;Acc:HGNC:29448]	C2H2 ZF		#N/A	#N/A	#N/A		#N/A
ZNF721	ENSG00000182903	IPR001909;IPR007087;IPR015880;	170960	zinc finger protein 721 [Source:HGNC Symbol;Acc:HGNC:29425]	C2H2 ZF		#N/A	#N/A	#N/A		#N/A
ZNF724	ENSG00000196081	IPR001909;IPR007087;IPR015880;	None	zinc finger protein 724, pseudogene [Source:HGNC Symbol;Acc:HGNC:32460]	C2H2 ZF		#N/A	#N/A	#N/A		#N/A
ZNF726	ENSG00000213967	IPR001909;IPR007087;IPR015880;	730087	zinc finger protein 726 [Source:HGNC Symbol;Acc:HGNC:32462]	C2H2 ZF		#N/A	#N/A	#N/A		#N/A
ZNF728	ENSG00000269067	IPR001909;IPR007087;IPR015880	388523	zinc finger protein 728 [Source:HGNC Symbol;Acc:HGNC:32463]	C2H2 ZF		#N/A	#N/A	#N/A		#N/A
ZNF729	ENSG00000196350	IPR001909;IPR007087;IPR015880;	100287226	zinc finger protein 729 [Source:HGNC Symbol;Acc:HGNC:32464]	C2H2 ZF		#N/A	#N/A	#N/A		#N/A
ZNF732	ENSG00000186777	IPR001909;IPR007087;IPR015880;	654254	zinc finger protein 732 [Source:HGNC Symbol;Acc:HGNC:37138]	C2H2 ZF		#N/A	#N/A	#N/A		#N/A
ZNF746	ENSG00000181220	IPR001909;IPR007087;IPR015880;IPR022137	155061	zinc finger protein 746 [Source:HGNC Symbol;Acc:HGNC:21948]	C2H2 ZF		#N/A	#N/A	#N/A		#N/A
ZNF750	ENSG00000141579	None	79755	zinc finger protein 750 [Source:HGNC Symbol;Acc:HGNC:25843]	C2H2 ZF		#N/A	#N/A	#N/A		ZNF750
ZNF763	ENSG00000197054	IPR001909;IPR007087;IPR015880;	284390	zinc finger protein 763 [Source:HGNC Symbol;Acc:HGNC:27614]	C2H2 ZF		#N/A	#N/A	#N/A		#N/A
ZNF772	ENSG00000197128	IPR001909;IPR007087;IPR015880;	400720	zinc finger protein 772 [Source:HGNC Symbol;Acc:HGNC:33106]	C2H2 ZF		#N/A	#N/A	#N/A		#N/A
ZNF773	ENSG00000152439	IPR001909;IPR007087;IPR015880;	374928	zinc finger protein 773 [Source:HGNC Symbol;Acc:HGNC:30487]	C2H2 ZF		#N/A	#N/A	#N/A		#N/A
ZNF775	ENSG00000196456	IPR007087;IPR015880	285971	zinc finger protein 775 [Source:HGNC Symbol;Acc:HGNC:28501]	C2H2 ZF		#N/A	#N/A	#N/A		#N/A
ZNF780B	ENSG00000128000	IPR001909;IPR007087;IPR015880;	163131	zinc finger protein 780B [Source:HGNC Symbol;Acc:HGNC:33109]	C2H2 ZF		#N/A	#N/A	#N/A		#N/A
ZNF781	ENSG00000196381	IPR007087;IPR015880	163115	zinc finger protein 781 [Source:HGNC Symbol;Acc:HGNC:26745]	C2H2 ZF		#N/A	#N/A	#N/A		#N/A
ZNF788	ENSG00000214189	None	None	Zinc finger family member 788 [Source:HGNC Symbol;Acc:HGNC:33112] 	C2H2 ZF		#N/A	#N/A	#N/A		#N/A
ZNF800	ENSG00000048405	IPR007087;IPR015880	168850	zinc finger protein 800 [Source:HGNC Symbol;Acc:HGNC:27267]	C2H2 ZF		#N/A	#N/A	#N/A		#N/A
ZNF804A	ENSG00000170396	IPR007087;IPR022755	91752	zinc finger protein 804A [Source:HGNC Symbol;Acc:HGNC:21711]	C2H2 ZF		#N/A	#N/A	#N/A		#N/A
ZNF813	ENSG00000198346	IPR001909;IPR007087;IPR015880;	126017	zinc finger protein 813 [Source:HGNC Symbol;Acc:HGNC:33257]	C2H2 ZF		#N/A	#N/A	#N/A		#N/A
ZNF814	ENSG00000204514	IPR001909;IPR007087;IPR015880;	730051	zinc finger protein 814 [Source:HGNC Symbol;Acc:HGNC:33258]	C2H2 ZF		#N/A	#N/A	#N/A		#N/A
ZNF827	ENSG00000151612	IPR007087;IPR015880	152485	zinc finger protein 827 [Source:HGNC Symbol;Acc:HGNC:27193]	C2H2 ZF		#N/A	#N/A	#N/A		ZNF827
ZNF83	ENSG00000167766	IPR001909;IPR007087;IPR015880;	55769	zinc finger protein 83 [Source:HGNC Symbol;Acc:HGNC:13158]	C2H2 ZF		#N/A	#N/A	#N/A		#N/A
ZNF831	ENSG00000124203	IPR007087;IPR015880	128611	zinc finger protein 831 [Source:HGNC Symbol;Acc:HGNC:16167]	C2H2 ZF		#N/A	#N/A	#N/A		#N/A
ZNF836	ENSG00000196267	IPR001909;IPR007087;IPR015880;	162962	zinc finger protein 836 [Source:HGNC Symbol;Acc:HGNC:34333]	C2H2 ZF		#N/A	#N/A	#N/A		#N/A
ZNF841	ENSG00000197608	IPR001909;IPR007087;IPR015880;	284371	zinc finger protein 841 [Source:HGNC Symbol;Acc:HGNC:27611]	C2H2 ZF		#N/A	#N/A	#N/A		#N/A
ZNF844	ENSG00000223547	IPR001909;IPR007087;IPR015880;	284391	zinc finger protein 844 [Source:HGNC Symbol;Acc:HGNC:25932]	C2H2 ZF		#N/A	#N/A	#N/A		#N/A
ZNF845	ENSG00000213799	IPR001909;IPR007087;IPR015880;	91664	Zinc finger protein 845 [Source:HGNC Symbol;Acc:HGNC:25112]	C2H2 ZF		#N/A	#N/A	#N/A		#N/A
ZNF850	ENSG00000267041	IPR001909;IPR007087;IPR015880	342892	zinc finger protein 850 [Source:HGNC Symbol;Acc:HGNC:27994]	C2H2 ZF		#N/A	#N/A	#N/A		#N/A
ZNF853	ENSG00000236609	IPR007087;IPR015880	54753	zinc finger protein 853 [Source:HGNC Symbol;Acc:HGNC:21767]	C2H2 ZF		#N/A	#N/A	#N/A		#N/A
ZNF865	ENSG00000261221	IPR007087;IPR015880	100507290	zinc finger protein 865 [Source:HGNC Symbol;Acc:HGNC:38705]	C2H2 ZF		#N/A	#N/A	#N/A		#N/A
ZNF878	ENSG00000257446	IPR001909;IPR007087;IPR015880;	729747	zinc finger protein 878 [Source:HGNC Symbol;Acc:HGNC:37246]	C2H2 ZF		#N/A	#N/A	#N/A		#N/A
ZNF888	ENSG00000213793	None	None	Zinc finger protein 888	C2H2 ZF		#N/A	#N/A	#N/A		#N/A
ZNF91	ENSG00000167232	IPR001909;IPR007087;IPR015880;	7644	zinc finger protein 91 [Source:HGNC Symbol;Acc:HGNC:13166]	C2H2 ZF		#N/A	#N/A	#N/A		#N/A
ZNF92	ENSG00000146757	IPR001909;IPR007087;IPR015880;	168374	zinc finger protein 92 [Source:HGNC Symbol;Acc:HGNC:13168]	C2H2 ZF		#N/A	#N/A	#N/A		#N/A
ZSCAN12	ENSG00000158691	IPR003309;IPR007087;IPR008916;IPR015880	9753	zinc finger and SCAN domain containing 12 [Source:HGNC Symbol;Acc:HGNC:13172]	C2H2 ZF		#N/A	#N/A	#N/A		ZSCAN12
ZSCAN18	ENSG00000121413	IPR003309;IPR007087;IPR008916;IPR015880	65982	zinc finger and SCAN domain containing 18 [Source:HGNC Symbol;Acc:HGNC:21037]	C2H2 ZF		#N/A	#N/A	#N/A		ZSCAN18
ZSCAN2	ENSG00000176371	IPR003309;IPR007087;IPR008916;IPR015880	54993	zinc finger and SCAN domain containing 2 [Source:HGNC Symbol;Acc:HGNC:20994]	C2H2 ZF		#N/A	#N/A	#N/A		ZSCAN2
ZSCAN25	ENSG00000197037	IPR003309;IPR007087;IPR008916;IPR015880	221785	zinc finger and SCAN domain containing 25 [Source:HGNC Symbol;Acc:HGNC:21961]	C2H2 ZF		#N/A	#N/A	#N/A		ZSCAN25
ZSCAN4	ENSG00000180532	IPR003309;IPR007087;IPR008916;IPR015880	201516	zinc finger and SCAN domain containing 4 [Source:HGNC Symbol;Acc:HGNC:23709]	C2H2 ZF		ZSCAN4	#N/A	#N/A		ZSCAN4
ZUFSP	ENSG00000153975	IPR007087;IPR012462;IPR015880;	221302	zinc finger with UFM1 specific peptidase domain [Source:HGNC Symbol;Acc:HGNC:21224]	C2H2 ZF		#N/A	#N/A	#N/A		#N/A
ZXDA	ENSG00000198205	IPR007087;IPR015880	7789	zinc finger, X-linked, duplicated A [Source:HGNC Symbol;Acc:HGNC:13198]	C2H2 ZF		#N/A	#N/A	#N/A		#N/A
ZXDB	ENSG00000198455	IPR007087;IPR015880	158586	zinc finger, X-linked, duplicated B [Source:HGNC Symbol;Acc:HGNC:13199]	C2H2 ZF		#N/A	#N/A	#N/A		#N/A
ZXDC	ENSG00000070476	IPR007087;IPR015880	79364	ZXD family zinc finger C [Source:HGNC Symbol;Acc:HGNC:28160]	C2H2 ZF		#N/A	#N/A	#N/A		#N/A
